2026-03-26 15:33:46,919 [INFO] === ShadowTradeMonitor Ingestion Starting ===
2026-03-26 15:33:46,919 [INFO] Directory: C:\Users\jpesm\AppData\Roaming\MetaQuotes\Terminal\Common\Files
2026-03-26 15:33:46,920 [INFO] Backfilling 10 existing file(s)...
2026-03-26 15:33:46,920 [INFO] Processing: TradeMonitor_Log_20260317.csv
2026-03-26 15:33:46,927 [INFO] Filtered 3 LOG_ROLL row(s) from TradeMonitor_Log_20260317.csv
2026-03-26 15:33:46,951 [ERROR] Failed to process TradeMonitor_Log_20260317.csv: (psycopg2.OperationalError) connection to server at "localhost" (::1), port 5432 failed: FATAL:  password authentication failed for user "postgres"

(Background on this error at: https://sqlalche.me/e/20/e3q8)
Traceback (most recent call last):
  File "C:\Users\jpesm\AppData\Local\Programs\Python\Python314\Lib\site-packages\sqlalchemy\engine\base.py", line 143, in __init__
    self._dbapi_connection = engine.raw_connection()
                             ~~~~~~~~~~~~~~~~~~~~~^^
  File "C:\Users\jpesm\AppData\Local\Programs\Python\Python314\Lib\site-packages\sqlalchemy\engine\base.py", line 3317, in raw_connection
    return self.pool.connect()
           ~~~~~~~~~~~~~~~~~^^
  File "C:\Users\jpesm\AppData\Local\Programs\Python\Python314\Lib\site-packages\sqlalchemy\pool\base.py", line 448, in connect
    return _ConnectionFairy._checkout(self)
           ~~~~~~~~~~~~~~~~~~~~~~~~~~^^^^^^
  File "C:\Users\jpesm\AppData\Local\Programs\Python\Python314\Lib\site-packages\sqlalchemy\pool\base.py", line 1272, in _checkout
    fairy = _ConnectionRecord.checkout(pool)
  File "C:\Users\jpesm\AppData\Local\Programs\Python\Python314\Lib\site-packages\sqlalchemy\pool\base.py", line 712, in checkout
    rec = pool._do_get()
  File "C:\Users\jpesm\AppData\Local\Programs\Python\Python314\Lib\site-packages\sqlalchemy\pool\impl.py", line 177, in _do_get
    with util.safe_reraise():
         ~~~~~~~~~~~~~~~~~^^
  File "C:\Users\jpesm\AppData\Local\Programs\Python\Python314\Lib\site-packages\sqlalchemy\util\langhelpers.py", line 121, in __exit__
    raise exc_value.with_traceback(exc_tb)
  File "C:\Users\jpesm\AppData\Local\Programs\Python\Python314\Lib\site-packages\sqlalchemy\pool\impl.py", line 175, in _do_get
    return self._create_connection()
           ~~~~~~~~~~~~~~~~~~~~~~~^^
  File "C:\Users\jpesm\AppData\Local\Programs\Python\Python314\Lib\site-packages\sqlalchemy\pool\base.py", line 389, in _create_connection
    return _ConnectionRecord(self)
  File "C:\Users\jpesm\AppData\Local\Programs\Python\Python314\Lib\site-packages\sqlalchemy\pool\base.py", line 674, in __init__
    self.__connect()
    ~~~~~~~~~~~~~~^^
  File "C:\Users\jpesm\AppData\Local\Programs\Python\Python314\Lib\site-packages\sqlalchemy\pool\base.py", line 900, in __connect
    with util.safe_reraise():
         ~~~~~~~~~~~~~~~~~^^
  File "C:\Users\jpesm\AppData\Local\Programs\Python\Python314\Lib\site-packages\sqlalchemy\util\langhelpers.py", line 121, in __exit__
    raise exc_value.with_traceback(exc_tb)
  File "C:\Users\jpesm\AppData\Local\Programs\Python\Python314\Lib\site-packages\sqlalchemy\pool\base.py", line 896, in __connect
    self.dbapi_connection = connection = pool._invoke_creator(self)
                                         ~~~~~~~~~~~~~~~~~~~~^^^^^^
  File "C:\Users\jpesm\AppData\Local\Programs\Python\Python314\Lib\site-packages\sqlalchemy\engine\create.py", line 667, in connect
    return dialect.connect(*cargs_tup, **cparams)
           ~~~~~~~~~~~~~~~^^^^^^^^^^^^^^^^^^^^^^^
  File "C:\Users\jpesm\AppData\Local\Programs\Python\Python314\Lib\site-packages\sqlalchemy\engine\default.py", line 630, in connect
    return self.loaded_dbapi.connect(*cargs, **cparams)  # type: ignore[no-any-return]  # NOQA: E501
           ~~~~~~~~~~~~~~~~~~~~~~~~~^^^^^^^^^^^^^^^^^^^
  File "C:\Users\jpesm\AppData\Local\Programs\Python\Python314\Lib\site-packages\psycopg2\__init__.py", line 135, in connect
    conn = _connect(dsn, connection_factory=connection_factory, **kwasync)
psycopg2.OperationalError: connection to server at "localhost" (::1), port 5432 failed: FATAL:  password authentication failed for user "postgres"


The above exception was the direct cause of the following exception:

Traceback (most recent call last):
  File "c:\Users\jpesm\Desktop\Data_Pipeline_Projetcs\Shadow_Trade_Pipeline\Ingest_Trade_Logs.py", line 154, in parse_and_load
    inserted, skipped = bulk_upsert(df)
                        ~~~~~~~~~~~^^^^
  File "c:\Users\jpesm\Desktop\Data_Pipeline_Projetcs\Shadow_Trade_Pipeline\Ingest_Trade_Logs.py", line 179, in bulk_upsert
    with engine.begin() as conn:
         ~~~~~~~~~~~~^^
  File "C:\Users\jpesm\AppData\Local\Programs\Python\Python314\Lib\contextlib.py", line 141, in __enter__
    return next(self.gen)
  File "C:\Users\jpesm\AppData\Local\Programs\Python\Python314\Lib\site-packages\sqlalchemy\engine\base.py", line 3257, in begin
    with self.connect() as conn:
         ~~~~~~~~~~~~^^
  File "C:\Users\jpesm\AppData\Local\Programs\Python\Python314\Lib\site-packages\sqlalchemy\engine\base.py", line 3293, in connect
    return self._connection_cls(self)
           ~~~~~~~~~~~~~~~~~~~~^^^^^^
  File "C:\Users\jpesm\AppData\Local\Programs\Python\Python314\Lib\site-packages\sqlalchemy\engine\base.py", line 145, in __init__
    Connection._handle_dbapi_exception_noconnection(
    ~~~~~~~~~~~~~~~~~~~~~~~~~~~~~~~~~~~~~~~~~~~~~~~^
        err, dialect, engine
        ^^^^^^^^^^^^^^^^^^^^
    )
    ^
  File "C:\Users\jpesm\AppData\Local\Programs\Python\Python314\Lib\site-packages\sqlalchemy\engine\base.py", line 2448, in _handle_dbapi_exception_noconnection
    raise sqlalchemy_exception.with_traceback(exc_info[2]) from e
  File "C:\Users\jpesm\AppData\Local\Programs\Python\Python314\Lib\site-packages\sqlalchemy\engine\base.py", line 143, in __init__
    self._dbapi_connection = engine.raw_connection()
                             ~~~~~~~~~~~~~~~~~~~~~^^
  File "C:\Users\jpesm\AppData\Local\Programs\Python\Python314\Lib\site-packages\sqlalchemy\engine\base.py", line 3317, in raw_connection
    return self.pool.connect()
           ~~~~~~~~~~~~~~~~~^^
  File "C:\Users\jpesm\AppData\Local\Programs\Python\Python314\Lib\site-packages\sqlalchemy\pool\base.py", line 448, in connect
    return _ConnectionFairy._checkout(self)
           ~~~~~~~~~~~~~~~~~~~~~~~~~~^^^^^^
  File "C:\Users\jpesm\AppData\Local\Programs\Python\Python314\Lib\site-packages\sqlalchemy\pool\base.py", line 1272, in _checkout
    fairy = _ConnectionRecord.checkout(pool)
  File "C:\Users\jpesm\AppData\Local\Programs\Python\Python314\Lib\site-packages\sqlalchemy\pool\base.py", line 712, in checkout
    rec = pool._do_get()
  File "C:\Users\jpesm\AppData\Local\Programs\Python\Python314\Lib\site-packages\sqlalchemy\pool\impl.py", line 177, in _do_get
    with util.safe_reraise():
         ~~~~~~~~~~~~~~~~~^^
  File "C:\Users\jpesm\AppData\Local\Programs\Python\Python314\Lib\site-packages\sqlalchemy\util\langhelpers.py", line 121, in __exit__
    raise exc_value.with_traceback(exc_tb)
  File "C:\Users\jpesm\AppData\Local\Programs\Python\Python314\Lib\site-packages\sqlalchemy\pool\impl.py", line 175, in _do_get
    return self._create_connection()
           ~~~~~~~~~~~~~~~~~~~~~~~^^
  File "C:\Users\jpesm\AppData\Local\Programs\Python\Python314\Lib\site-packages\sqlalchemy\pool\base.py", line 389, in _create_connection
    return _ConnectionRecord(self)
  File "C:\Users\jpesm\AppData\Local\Programs\Python\Python314\Lib\site-packages\sqlalchemy\pool\base.py", line 674, in __init__
    self.__connect()
    ~~~~~~~~~~~~~~^^
  File "C:\Users\jpesm\AppData\Local\Programs\Python\Python314\Lib\site-packages\sqlalchemy\pool\base.py", line 900, in __connect
    with util.safe_reraise():
         ~~~~~~~~~~~~~~~~~^^
  File "C:\Users\jpesm\AppData\Local\Programs\Python\Python314\Lib\site-packages\sqlalchemy\util\langhelpers.py", line 121, in __exit__
    raise exc_value.with_traceback(exc_tb)
  File "C:\Users\jpesm\AppData\Local\Programs\Python\Python314\Lib\site-packages\sqlalchemy\pool\base.py", line 896, in __connect
    self.dbapi_connection = connection = pool._invoke_creator(self)
                                         ~~~~~~~~~~~~~~~~~~~~^^^^^^
  File "C:\Users\jpesm\AppData\Local\Programs\Python\Python314\Lib\site-packages\sqlalchemy\engine\create.py", line 667, in connect
    return dialect.connect(*cargs_tup, **cparams)
           ~~~~~~~~~~~~~~~^^^^^^^^^^^^^^^^^^^^^^^
  File "C:\Users\jpesm\AppData\Local\Programs\Python\Python314\Lib\site-packages\sqlalchemy\engine\default.py", line 630, in connect
    return self.loaded_dbapi.connect(*cargs, **cparams)  # type: ignore[no-any-return]  # NOQA: E501
           ~~~~~~~~~~~~~~~~~~~~~~~~~^^^^^^^^^^^^^^^^^^^
  File "C:\Users\jpesm\AppData\Local\Programs\Python\Python314\Lib\site-packages\psycopg2\__init__.py", line 135, in connect
    conn = _connect(dsn, connection_factory=connection_factory, **kwasync)
sqlalchemy.exc.OperationalError: (psycopg2.OperationalError) connection to server at "localhost" (::1), port 5432 failed: FATAL:  password authentication failed for user "postgres"

(Background on this error at: https://sqlalche.me/e/20/e3q8)
2026-03-26 15:33:46,979 [INFO] Processing: TradeMonitor_Log_20260318.csv
2026-03-26 15:33:46,985 [INFO] Filtered 2 LOG_ROLL row(s) from TradeMonitor_Log_20260318.csv
2026-03-26 15:33:47,015 [ERROR] Failed to process TradeMonitor_Log_20260318.csv: (psycopg2.OperationalError) connection to server at "localhost" (::1), port 5432 failed: FATAL:  password authentication failed for user "postgres"

(Background on this error at: https://sqlalche.me/e/20/e3q8)
Traceback (most recent call last):
  File "C:\Users\jpesm\AppData\Local\Programs\Python\Python314\Lib\site-packages\sqlalchemy\engine\base.py", line 143, in __init__
    self._dbapi_connection = engine.raw_connection()
                             ~~~~~~~~~~~~~~~~~~~~~^^
  File "C:\Users\jpesm\AppData\Local\Programs\Python\Python314\Lib\site-packages\sqlalchemy\engine\base.py", line 3317, in raw_connection
    return self.pool.connect()
           ~~~~~~~~~~~~~~~~~^^
  File "C:\Users\jpesm\AppData\Local\Programs\Python\Python314\Lib\site-packages\sqlalchemy\pool\base.py", line 448, in connect
    return _ConnectionFairy._checkout(self)
           ~~~~~~~~~~~~~~~~~~~~~~~~~~^^^^^^
  File "C:\Users\jpesm\AppData\Local\Programs\Python\Python314\Lib\site-packages\sqlalchemy\pool\base.py", line 1272, in _checkout
    fairy = _ConnectionRecord.checkout(pool)
  File "C:\Users\jpesm\AppData\Local\Programs\Python\Python314\Lib\site-packages\sqlalchemy\pool\base.py", line 712, in checkout
    rec = pool._do_get()
  File "C:\Users\jpesm\AppData\Local\Programs\Python\Python314\Lib\site-packages\sqlalchemy\pool\impl.py", line 177, in _do_get
    with util.safe_reraise():
         ~~~~~~~~~~~~~~~~~^^
  File "C:\Users\jpesm\AppData\Local\Programs\Python\Python314\Lib\site-packages\sqlalchemy\util\langhelpers.py", line 121, in __exit__
    raise exc_value.with_traceback(exc_tb)
  File "C:\Users\jpesm\AppData\Local\Programs\Python\Python314\Lib\site-packages\sqlalchemy\pool\impl.py", line 175, in _do_get
    return self._create_connection()
           ~~~~~~~~~~~~~~~~~~~~~~~^^
  File "C:\Users\jpesm\AppData\Local\Programs\Python\Python314\Lib\site-packages\sqlalchemy\pool\base.py", line 389, in _create_connection
    return _ConnectionRecord(self)
  File "C:\Users\jpesm\AppData\Local\Programs\Python\Python314\Lib\site-packages\sqlalchemy\pool\base.py", line 674, in __init__
    self.__connect()
    ~~~~~~~~~~~~~~^^
  File "C:\Users\jpesm\AppData\Local\Programs\Python\Python314\Lib\site-packages\sqlalchemy\pool\base.py", line 900, in __connect
    with util.safe_reraise():
         ~~~~~~~~~~~~~~~~~^^
  File "C:\Users\jpesm\AppData\Local\Programs\Python\Python314\Lib\site-packages\sqlalchemy\util\langhelpers.py", line 121, in __exit__
    raise exc_value.with_traceback(exc_tb)
  File "C:\Users\jpesm\AppData\Local\Programs\Python\Python314\Lib\site-packages\sqlalchemy\pool\base.py", line 896, in __connect
    self.dbapi_connection = connection = pool._invoke_creator(self)
                                         ~~~~~~~~~~~~~~~~~~~~^^^^^^
  File "C:\Users\jpesm\AppData\Local\Programs\Python\Python314\Lib\site-packages\sqlalchemy\engine\create.py", line 667, in connect
    return dialect.connect(*cargs_tup, **cparams)
           ~~~~~~~~~~~~~~~^^^^^^^^^^^^^^^^^^^^^^^
  File "C:\Users\jpesm\AppData\Local\Programs\Python\Python314\Lib\site-packages\sqlalchemy\engine\default.py", line 630, in connect
    return self.loaded_dbapi.connect(*cargs, **cparams)  # type: ignore[no-any-return]  # NOQA: E501
           ~~~~~~~~~~~~~~~~~~~~~~~~~^^^^^^^^^^^^^^^^^^^
  File "C:\Users\jpesm\AppData\Local\Programs\Python\Python314\Lib\site-packages\psycopg2\__init__.py", line 135, in connect
    conn = _connect(dsn, connection_factory=connection_factory, **kwasync)
psycopg2.OperationalError: connection to server at "localhost" (::1), port 5432 failed: FATAL:  password authentication failed for user "postgres"


The above exception was the direct cause of the following exception:

Traceback (most recent call last):
  File "c:\Users\jpesm\Desktop\Data_Pipeline_Projetcs\Shadow_Trade_Pipeline\Ingest_Trade_Logs.py", line 154, in parse_and_load
    inserted, skipped = bulk_upsert(df)
                        ~~~~~~~~~~~^^^^
  File "c:\Users\jpesm\Desktop\Data_Pipeline_Projetcs\Shadow_Trade_Pipeline\Ingest_Trade_Logs.py", line 179, in bulk_upsert
    with engine.begin() as conn:
         ~~~~~~~~~~~~^^
  File "C:\Users\jpesm\AppData\Local\Programs\Python\Python314\Lib\contextlib.py", line 141, in __enter__
    return next(self.gen)
  File "C:\Users\jpesm\AppData\Local\Programs\Python\Python314\Lib\site-packages\sqlalchemy\engine\base.py", line 3257, in begin
    with self.connect() as conn:
         ~~~~~~~~~~~~^^
  File "C:\Users\jpesm\AppData\Local\Programs\Python\Python314\Lib\site-packages\sqlalchemy\engine\base.py", line 3293, in connect
    return self._connection_cls(self)
           ~~~~~~~~~~~~~~~~~~~~^^^^^^
  File "C:\Users\jpesm\AppData\Local\Programs\Python\Python314\Lib\site-packages\sqlalchemy\engine\base.py", line 145, in __init__
    Connection._handle_dbapi_exception_noconnection(
    ~~~~~~~~~~~~~~~~~~~~~~~~~~~~~~~~~~~~~~~~~~~~~~~^
        err, dialect, engine
        ^^^^^^^^^^^^^^^^^^^^
    )
    ^
  File "C:\Users\jpesm\AppData\Local\Programs\Python\Python314\Lib\site-packages\sqlalchemy\engine\base.py", line 2448, in _handle_dbapi_exception_noconnection
    raise sqlalchemy_exception.with_traceback(exc_info[2]) from e
  File "C:\Users\jpesm\AppData\Local\Programs\Python\Python314\Lib\site-packages\sqlalchemy\engine\base.py", line 143, in __init__
    self._dbapi_connection = engine.raw_connection()
                             ~~~~~~~~~~~~~~~~~~~~~^^
  File "C:\Users\jpesm\AppData\Local\Programs\Python\Python314\Lib\site-packages\sqlalchemy\engine\base.py", line 3317, in raw_connection
    return self.pool.connect()
           ~~~~~~~~~~~~~~~~~^^
  File "C:\Users\jpesm\AppData\Local\Programs\Python\Python314\Lib\site-packages\sqlalchemy\pool\base.py", line 448, in connect
    return _ConnectionFairy._checkout(self)
           ~~~~~~~~~~~~~~~~~~~~~~~~~~^^^^^^
  File "C:\Users\jpesm\AppData\Local\Programs\Python\Python314\Lib\site-packages\sqlalchemy\pool\base.py", line 1272, in _checkout
    fairy = _ConnectionRecord.checkout(pool)
  File "C:\Users\jpesm\AppData\Local\Programs\Python\Python314\Lib\site-packages\sqlalchemy\pool\base.py", line 712, in checkout
    rec = pool._do_get()
  File "C:\Users\jpesm\AppData\Local\Programs\Python\Python314\Lib\site-packages\sqlalchemy\pool\impl.py", line 177, in _do_get
    with util.safe_reraise():
         ~~~~~~~~~~~~~~~~~^^
  File "C:\Users\jpesm\AppData\Local\Programs\Python\Python314\Lib\site-packages\sqlalchemy\util\langhelpers.py", line 121, in __exit__
    raise exc_value.with_traceback(exc_tb)
  File "C:\Users\jpesm\AppData\Local\Programs\Python\Python314\Lib\site-packages\sqlalchemy\pool\impl.py", line 175, in _do_get
    return self._create_connection()
           ~~~~~~~~~~~~~~~~~~~~~~~^^
  File "C:\Users\jpesm\AppData\Local\Programs\Python\Python314\Lib\site-packages\sqlalchemy\pool\base.py", line 389, in _create_connection
    return _ConnectionRecord(self)
  File "C:\Users\jpesm\AppData\Local\Programs\Python\Python314\Lib\site-packages\sqlalchemy\pool\base.py", line 674, in __init__
    self.__connect()
    ~~~~~~~~~~~~~~^^
  File "C:\Users\jpesm\AppData\Local\Programs\Python\Python314\Lib\site-packages\sqlalchemy\pool\base.py", line 900, in __connect
    with util.safe_reraise():
         ~~~~~~~~~~~~~~~~~^^
  File "C:\Users\jpesm\AppData\Local\Programs\Python\Python314\Lib\site-packages\sqlalchemy\util\langhelpers.py", line 121, in __exit__
    raise exc_value.with_traceback(exc_tb)
  File "C:\Users\jpesm\AppData\Local\Programs\Python\Python314\Lib\site-packages\sqlalchemy\pool\base.py", line 896, in __connect
    self.dbapi_connection = connection = pool._invoke_creator(self)
                                         ~~~~~~~~~~~~~~~~~~~~^^^^^^
  File "C:\Users\jpesm\AppData\Local\Programs\Python\Python314\Lib\site-packages\sqlalchemy\engine\create.py", line 667, in connect
    return dialect.connect(*cargs_tup, **cparams)
           ~~~~~~~~~~~~~~~^^^^^^^^^^^^^^^^^^^^^^^
  File "C:\Users\jpesm\AppData\Local\Programs\Python\Python314\Lib\site-packages\sqlalchemy\engine\default.py", line 630, in connect
    return self.loaded_dbapi.connect(*cargs, **cparams)  # type: ignore[no-any-return]  # NOQA: E501
           ~~~~~~~~~~~~~~~~~~~~~~~~~^^^^^^^^^^^^^^^^^^^
  File "C:\Users\jpesm\AppData\Local\Programs\Python\Python314\Lib\site-packages\psycopg2\__init__.py", line 135, in connect
    conn = _connect(dsn, connection_factory=connection_factory, **kwasync)
sqlalchemy.exc.OperationalError: (psycopg2.OperationalError) connection to server at "localhost" (::1), port 5432 failed: FATAL:  password authentication failed for user "postgres"

(Background on this error at: https://sqlalche.me/e/20/e3q8)
2026-03-26 15:33:47,017 [INFO] Processing: TradeMonitor_Log_20260319.csv
2026-03-26 15:33:47,026 [INFO] Filtered 3 LOG_ROLL row(s) from TradeMonitor_Log_20260319.csv
2026-03-26 15:33:47,047 [ERROR] Failed to process TradeMonitor_Log_20260319.csv: (psycopg2.OperationalError) connection to server at "localhost" (::1), port 5432 failed: FATAL:  password authentication failed for user "postgres"

(Background on this error at: https://sqlalche.me/e/20/e3q8)
Traceback (most recent call last):
  File "C:\Users\jpesm\AppData\Local\Programs\Python\Python314\Lib\site-packages\sqlalchemy\engine\base.py", line 143, in __init__
    self._dbapi_connection = engine.raw_connection()
                             ~~~~~~~~~~~~~~~~~~~~~^^
  File "C:\Users\jpesm\AppData\Local\Programs\Python\Python314\Lib\site-packages\sqlalchemy\engine\base.py", line 3317, in raw_connection
    return self.pool.connect()
           ~~~~~~~~~~~~~~~~~^^
  File "C:\Users\jpesm\AppData\Local\Programs\Python\Python314\Lib\site-packages\sqlalchemy\pool\base.py", line 448, in connect
    return _ConnectionFairy._checkout(self)
           ~~~~~~~~~~~~~~~~~~~~~~~~~~^^^^^^
  File "C:\Users\jpesm\AppData\Local\Programs\Python\Python314\Lib\site-packages\sqlalchemy\pool\base.py", line 1272, in _checkout
    fairy = _ConnectionRecord.checkout(pool)
  File "C:\Users\jpesm\AppData\Local\Programs\Python\Python314\Lib\site-packages\sqlalchemy\pool\base.py", line 712, in checkout
    rec = pool._do_get()
  File "C:\Users\jpesm\AppData\Local\Programs\Python\Python314\Lib\site-packages\sqlalchemy\pool\impl.py", line 177, in _do_get
    with util.safe_reraise():
         ~~~~~~~~~~~~~~~~~^^
  File "C:\Users\jpesm\AppData\Local\Programs\Python\Python314\Lib\site-packages\sqlalchemy\util\langhelpers.py", line 121, in __exit__
    raise exc_value.with_traceback(exc_tb)
  File "C:\Users\jpesm\AppData\Local\Programs\Python\Python314\Lib\site-packages\sqlalchemy\pool\impl.py", line 175, in _do_get
    return self._create_connection()
           ~~~~~~~~~~~~~~~~~~~~~~~^^
  File "C:\Users\jpesm\AppData\Local\Programs\Python\Python314\Lib\site-packages\sqlalchemy\pool\base.py", line 389, in _create_connection
    return _ConnectionRecord(self)
  File "C:\Users\jpesm\AppData\Local\Programs\Python\Python314\Lib\site-packages\sqlalchemy\pool\base.py", line 674, in __init__
    self.__connect()
    ~~~~~~~~~~~~~~^^
  File "C:\Users\jpesm\AppData\Local\Programs\Python\Python314\Lib\site-packages\sqlalchemy\pool\base.py", line 900, in __connect
    with util.safe_reraise():
         ~~~~~~~~~~~~~~~~~^^
  File "C:\Users\jpesm\AppData\Local\Programs\Python\Python314\Lib\site-packages\sqlalchemy\util\langhelpers.py", line 121, in __exit__
    raise exc_value.with_traceback(exc_tb)
  File "C:\Users\jpesm\AppData\Local\Programs\Python\Python314\Lib\site-packages\sqlalchemy\pool\base.py", line 896, in __connect
    self.dbapi_connection = connection = pool._invoke_creator(self)
                                         ~~~~~~~~~~~~~~~~~~~~^^^^^^
  File "C:\Users\jpesm\AppData\Local\Programs\Python\Python314\Lib\site-packages\sqlalchemy\engine\create.py", line 667, in connect
    return dialect.connect(*cargs_tup, **cparams)
           ~~~~~~~~~~~~~~~^^^^^^^^^^^^^^^^^^^^^^^
  File "C:\Users\jpesm\AppData\Local\Programs\Python\Python314\Lib\site-packages\sqlalchemy\engine\default.py", line 630, in connect
    return self.loaded_dbapi.connect(*cargs, **cparams)  # type: ignore[no-any-return]  # NOQA: E501
           ~~~~~~~~~~~~~~~~~~~~~~~~~^^^^^^^^^^^^^^^^^^^
  File "C:\Users\jpesm\AppData\Local\Programs\Python\Python314\Lib\site-packages\psycopg2\__init__.py", line 135, in connect
    conn = _connect(dsn, connection_factory=connection_factory, **kwasync)
psycopg2.OperationalError: connection to server at "localhost" (::1), port 5432 failed: FATAL:  password authentication failed for user "postgres"


The above exception was the direct cause of the following exception:

Traceback (most recent call last):
  File "c:\Users\jpesm\Desktop\Data_Pipeline_Projetcs\Shadow_Trade_Pipeline\Ingest_Trade_Logs.py", line 154, in parse_and_load
    inserted, skipped = bulk_upsert(df)
                        ~~~~~~~~~~~^^^^
  File "c:\Users\jpesm\Desktop\Data_Pipeline_Projetcs\Shadow_Trade_Pipeline\Ingest_Trade_Logs.py", line 179, in bulk_upsert
    with engine.begin() as conn:
         ~~~~~~~~~~~~^^
  File "C:\Users\jpesm\AppData\Local\Programs\Python\Python314\Lib\contextlib.py", line 141, in __enter__
    return next(self.gen)
  File "C:\Users\jpesm\AppData\Local\Programs\Python\Python314\Lib\site-packages\sqlalchemy\engine\base.py", line 3257, in begin
    with self.connect() as conn:
         ~~~~~~~~~~~~^^
  File "C:\Users\jpesm\AppData\Local\Programs\Python\Python314\Lib\site-packages\sqlalchemy\engine\base.py", line 3293, in connect
    return self._connection_cls(self)
           ~~~~~~~~~~~~~~~~~~~~^^^^^^
  File "C:\Users\jpesm\AppData\Local\Programs\Python\Python314\Lib\site-packages\sqlalchemy\engine\base.py", line 145, in __init__
    Connection._handle_dbapi_exception_noconnection(
    ~~~~~~~~~~~~~~~~~~~~~~~~~~~~~~~~~~~~~~~~~~~~~~~^
        err, dialect, engine
        ^^^^^^^^^^^^^^^^^^^^
    )
    ^
  File "C:\Users\jpesm\AppData\Local\Programs\Python\Python314\Lib\site-packages\sqlalchemy\engine\base.py", line 2448, in _handle_dbapi_exception_noconnection
    raise sqlalchemy_exception.with_traceback(exc_info[2]) from e
  File "C:\Users\jpesm\AppData\Local\Programs\Python\Python314\Lib\site-packages\sqlalchemy\engine\base.py", line 143, in __init__
    self._dbapi_connection = engine.raw_connection()
                             ~~~~~~~~~~~~~~~~~~~~~^^
  File "C:\Users\jpesm\AppData\Local\Programs\Python\Python314\Lib\site-packages\sqlalchemy\engine\base.py", line 3317, in raw_connection
    return self.pool.connect()
           ~~~~~~~~~~~~~~~~~^^
  File "C:\Users\jpesm\AppData\Local\Programs\Python\Python314\Lib\site-packages\sqlalchemy\pool\base.py", line 448, in connect
    return _ConnectionFairy._checkout(self)
           ~~~~~~~~~~~~~~~~~~~~~~~~~~^^^^^^
  File "C:\Users\jpesm\AppData\Local\Programs\Python\Python314\Lib\site-packages\sqlalchemy\pool\base.py", line 1272, in _checkout
    fairy = _ConnectionRecord.checkout(pool)
  File "C:\Users\jpesm\AppData\Local\Programs\Python\Python314\Lib\site-packages\sqlalchemy\pool\base.py", line 712, in checkout
    rec = pool._do_get()
  File "C:\Users\jpesm\AppData\Local\Programs\Python\Python314\Lib\site-packages\sqlalchemy\pool\impl.py", line 177, in _do_get
    with util.safe_reraise():
         ~~~~~~~~~~~~~~~~~^^
  File "C:\Users\jpesm\AppData\Local\Programs\Python\Python314\Lib\site-packages\sqlalchemy\util\langhelpers.py", line 121, in __exit__
    raise exc_value.with_traceback(exc_tb)
  File "C:\Users\jpesm\AppData\Local\Programs\Python\Python314\Lib\site-packages\sqlalchemy\pool\impl.py", line 175, in _do_get
    return self._create_connection()
           ~~~~~~~~~~~~~~~~~~~~~~~^^
  File "C:\Users\jpesm\AppData\Local\Programs\Python\Python314\Lib\site-packages\sqlalchemy\pool\base.py", line 389, in _create_connection
    return _ConnectionRecord(self)
  File "C:\Users\jpesm\AppData\Local\Programs\Python\Python314\Lib\site-packages\sqlalchemy\pool\base.py", line 674, in __init__
    self.__connect()
    ~~~~~~~~~~~~~~^^
  File "C:\Users\jpesm\AppData\Local\Programs\Python\Python314\Lib\site-packages\sqlalchemy\pool\base.py", line 900, in __connect
    with util.safe_reraise():
         ~~~~~~~~~~~~~~~~~^^
  File "C:\Users\jpesm\AppData\Local\Programs\Python\Python314\Lib\site-packages\sqlalchemy\util\langhelpers.py", line 121, in __exit__
    raise exc_value.with_traceback(exc_tb)
  File "C:\Users\jpesm\AppData\Local\Programs\Python\Python314\Lib\site-packages\sqlalchemy\pool\base.py", line 896, in __connect
    self.dbapi_connection = connection = pool._invoke_creator(self)
                                         ~~~~~~~~~~~~~~~~~~~~^^^^^^
  File "C:\Users\jpesm\AppData\Local\Programs\Python\Python314\Lib\site-packages\sqlalchemy\engine\create.py", line 667, in connect
    return dialect.connect(*cargs_tup, **cparams)
           ~~~~~~~~~~~~~~~^^^^^^^^^^^^^^^^^^^^^^^
  File "C:\Users\jpesm\AppData\Local\Programs\Python\Python314\Lib\site-packages\sqlalchemy\engine\default.py", line 630, in connect
    return self.loaded_dbapi.connect(*cargs, **cparams)  # type: ignore[no-any-return]  # NOQA: E501
           ~~~~~~~~~~~~~~~~~~~~~~~~~^^^^^^^^^^^^^^^^^^^
  File "C:\Users\jpesm\AppData\Local\Programs\Python\Python314\Lib\site-packages\psycopg2\__init__.py", line 135, in connect
    conn = _connect(dsn, connection_factory=connection_factory, **kwasync)
sqlalchemy.exc.OperationalError: (psycopg2.OperationalError) connection to server at "localhost" (::1), port 5432 failed: FATAL:  password authentication failed for user "postgres"

(Background on this error at: https://sqlalche.me/e/20/e3q8)
2026-03-26 15:33:47,049 [INFO] Processing: TradeMonitor_Log_20260320.csv
2026-03-26 15:33:47,056 [INFO] Filtered 1 LOG_ROLL row(s) from TradeMonitor_Log_20260320.csv
2026-03-26 15:33:47,179 [ERROR] Failed to process TradeMonitor_Log_20260320.csv: (psycopg2.OperationalError) connection to server at "localhost" (::1), port 5432 failed: FATAL:  password authentication failed for user "postgres"

(Background on this error at: https://sqlalche.me/e/20/e3q8)
Traceback (most recent call last):
  File "C:\Users\jpesm\AppData\Local\Programs\Python\Python314\Lib\site-packages\sqlalchemy\engine\base.py", line 143, in __init__
    self._dbapi_connection = engine.raw_connection()
                             ~~~~~~~~~~~~~~~~~~~~~^^
  File "C:\Users\jpesm\AppData\Local\Programs\Python\Python314\Lib\site-packages\sqlalchemy\engine\base.py", line 3317, in raw_connection
    return self.pool.connect()
           ~~~~~~~~~~~~~~~~~^^
  File "C:\Users\jpesm\AppData\Local\Programs\Python\Python314\Lib\site-packages\sqlalchemy\pool\base.py", line 448, in connect
    return _ConnectionFairy._checkout(self)
           ~~~~~~~~~~~~~~~~~~~~~~~~~~^^^^^^
  File "C:\Users\jpesm\AppData\Local\Programs\Python\Python314\Lib\site-packages\sqlalchemy\pool\base.py", line 1272, in _checkout
    fairy = _ConnectionRecord.checkout(pool)
  File "C:\Users\jpesm\AppData\Local\Programs\Python\Python314\Lib\site-packages\sqlalchemy\pool\base.py", line 712, in checkout
    rec = pool._do_get()
  File "C:\Users\jpesm\AppData\Local\Programs\Python\Python314\Lib\site-packages\sqlalchemy\pool\impl.py", line 177, in _do_get
    with util.safe_reraise():
         ~~~~~~~~~~~~~~~~~^^
  File "C:\Users\jpesm\AppData\Local\Programs\Python\Python314\Lib\site-packages\sqlalchemy\util\langhelpers.py", line 121, in __exit__
    raise exc_value.with_traceback(exc_tb)
  File "C:\Users\jpesm\AppData\Local\Programs\Python\Python314\Lib\site-packages\sqlalchemy\pool\impl.py", line 175, in _do_get
    return self._create_connection()
           ~~~~~~~~~~~~~~~~~~~~~~~^^
  File "C:\Users\jpesm\AppData\Local\Programs\Python\Python314\Lib\site-packages\sqlalchemy\pool\base.py", line 389, in _create_connection
    return _ConnectionRecord(self)
  File "C:\Users\jpesm\AppData\Local\Programs\Python\Python314\Lib\site-packages\sqlalchemy\pool\base.py", line 674, in __init__
    self.__connect()
    ~~~~~~~~~~~~~~^^
  File "C:\Users\jpesm\AppData\Local\Programs\Python\Python314\Lib\site-packages\sqlalchemy\pool\base.py", line 900, in __connect
    with util.safe_reraise():
         ~~~~~~~~~~~~~~~~~^^
  File "C:\Users\jpesm\AppData\Local\Programs\Python\Python314\Lib\site-packages\sqlalchemy\util\langhelpers.py", line 121, in __exit__
    raise exc_value.with_traceback(exc_tb)
  File "C:\Users\jpesm\AppData\Local\Programs\Python\Python314\Lib\site-packages\sqlalchemy\pool\base.py", line 896, in __connect
    self.dbapi_connection = connection = pool._invoke_creator(self)
                                         ~~~~~~~~~~~~~~~~~~~~^^^^^^
  File "C:\Users\jpesm\AppData\Local\Programs\Python\Python314\Lib\site-packages\sqlalchemy\engine\create.py", line 667, in connect
    return dialect.connect(*cargs_tup, **cparams)
           ~~~~~~~~~~~~~~~^^^^^^^^^^^^^^^^^^^^^^^
  File "C:\Users\jpesm\AppData\Local\Programs\Python\Python314\Lib\site-packages\sqlalchemy\engine\default.py", line 630, in connect
    return self.loaded_dbapi.connect(*cargs, **cparams)  # type: ignore[no-any-return]  # NOQA: E501
           ~~~~~~~~~~~~~~~~~~~~~~~~~^^^^^^^^^^^^^^^^^^^
  File "C:\Users\jpesm\AppData\Local\Programs\Python\Python314\Lib\site-packages\psycopg2\__init__.py", line 135, in connect
    conn = _connect(dsn, connection_factory=connection_factory, **kwasync)
psycopg2.OperationalError: connection to server at "localhost" (::1), port 5432 failed: FATAL:  password authentication failed for user "postgres"


The above exception was the direct cause of the following exception:

Traceback (most recent call last):
  File "c:\Users\jpesm\Desktop\Data_Pipeline_Projetcs\Shadow_Trade_Pipeline\Ingest_Trade_Logs.py", line 154, in parse_and_load
    inserted, skipped = bulk_upsert(df)
                        ~~~~~~~~~~~^^^^
  File "c:\Users\jpesm\Desktop\Data_Pipeline_Projetcs\Shadow_Trade_Pipeline\Ingest_Trade_Logs.py", line 179, in bulk_upsert
    with engine.begin() as conn:
         ~~~~~~~~~~~~^^
  File "C:\Users\jpesm\AppData\Local\Programs\Python\Python314\Lib\contextlib.py", line 141, in __enter__
    return next(self.gen)
  File "C:\Users\jpesm\AppData\Local\Programs\Python\Python314\Lib\site-packages\sqlalchemy\engine\base.py", line 3257, in begin
    with self.connect() as conn:
         ~~~~~~~~~~~~^^
  File "C:\Users\jpesm\AppData\Local\Programs\Python\Python314\Lib\site-packages\sqlalchemy\engine\base.py", line 3293, in connect
    return self._connection_cls(self)
           ~~~~~~~~~~~~~~~~~~~~^^^^^^
  File "C:\Users\jpesm\AppData\Local\Programs\Python\Python314\Lib\site-packages\sqlalchemy\engine\base.py", line 145, in __init__
    Connection._handle_dbapi_exception_noconnection(
    ~~~~~~~~~~~~~~~~~~~~~~~~~~~~~~~~~~~~~~~~~~~~~~~^
        err, dialect, engine
        ^^^^^^^^^^^^^^^^^^^^
    )
    ^
  File "C:\Users\jpesm\AppData\Local\Programs\Python\Python314\Lib\site-packages\sqlalchemy\engine\base.py", line 2448, in _handle_dbapi_exception_noconnection
    raise sqlalchemy_exception.with_traceback(exc_info[2]) from e
  File "C:\Users\jpesm\AppData\Local\Programs\Python\Python314\Lib\site-packages\sqlalchemy\engine\base.py", line 143, in __init__
    self._dbapi_connection = engine.raw_connection()
                             ~~~~~~~~~~~~~~~~~~~~~^^
  File "C:\Users\jpesm\AppData\Local\Programs\Python\Python314\Lib\site-packages\sqlalchemy\engine\base.py", line 3317, in raw_connection
    return self.pool.connect()
           ~~~~~~~~~~~~~~~~~^^
  File "C:\Users\jpesm\AppData\Local\Programs\Python\Python314\Lib\site-packages\sqlalchemy\pool\base.py", line 448, in connect
    return _ConnectionFairy._checkout(self)
           ~~~~~~~~~~~~~~~~~~~~~~~~~~^^^^^^
  File "C:\Users\jpesm\AppData\Local\Programs\Python\Python314\Lib\site-packages\sqlalchemy\pool\base.py", line 1272, in _checkout
    fairy = _ConnectionRecord.checkout(pool)
  File "C:\Users\jpesm\AppData\Local\Programs\Python\Python314\Lib\site-packages\sqlalchemy\pool\base.py", line 712, in checkout
    rec = pool._do_get()
  File "C:\Users\jpesm\AppData\Local\Programs\Python\Python314\Lib\site-packages\sqlalchemy\pool\impl.py", line 177, in _do_get
    with util.safe_reraise():
         ~~~~~~~~~~~~~~~~~^^
  File "C:\Users\jpesm\AppData\Local\Programs\Python\Python314\Lib\site-packages\sqlalchemy\util\langhelpers.py", line 121, in __exit__
    raise exc_value.with_traceback(exc_tb)
  File "C:\Users\jpesm\AppData\Local\Programs\Python\Python314\Lib\site-packages\sqlalchemy\pool\impl.py", line 175, in _do_get
    return self._create_connection()
           ~~~~~~~~~~~~~~~~~~~~~~~^^
  File "C:\Users\jpesm\AppData\Local\Programs\Python\Python314\Lib\site-packages\sqlalchemy\pool\base.py", line 389, in _create_connection
    return _ConnectionRecord(self)
  File "C:\Users\jpesm\AppData\Local\Programs\Python\Python314\Lib\site-packages\sqlalchemy\pool\base.py", line 674, in __init__
    self.__connect()
    ~~~~~~~~~~~~~~^^
  File "C:\Users\jpesm\AppData\Local\Programs\Python\Python314\Lib\site-packages\sqlalchemy\pool\base.py", line 900, in __connect
    with util.safe_reraise():
         ~~~~~~~~~~~~~~~~~^^
  File "C:\Users\jpesm\AppData\Local\Programs\Python\Python314\Lib\site-packages\sqlalchemy\util\langhelpers.py", line 121, in __exit__
    raise exc_value.with_traceback(exc_tb)
  File "C:\Users\jpesm\AppData\Local\Programs\Python\Python314\Lib\site-packages\sqlalchemy\pool\base.py", line 896, in __connect
    self.dbapi_connection = connection = pool._invoke_creator(self)
                                         ~~~~~~~~~~~~~~~~~~~~^^^^^^
  File "C:\Users\jpesm\AppData\Local\Programs\Python\Python314\Lib\site-packages\sqlalchemy\engine\create.py", line 667, in connect
    return dialect.connect(*cargs_tup, **cparams)
           ~~~~~~~~~~~~~~~^^^^^^^^^^^^^^^^^^^^^^^
  File "C:\Users\jpesm\AppData\Local\Programs\Python\Python314\Lib\site-packages\sqlalchemy\engine\default.py", line 630, in connect
    return self.loaded_dbapi.connect(*cargs, **cparams)  # type: ignore[no-any-return]  # NOQA: E501
           ~~~~~~~~~~~~~~~~~~~~~~~~~^^^^^^^^^^^^^^^^^^^
  File "C:\Users\jpesm\AppData\Local\Programs\Python\Python314\Lib\site-packages\psycopg2\__init__.py", line 135, in connect
    conn = _connect(dsn, connection_factory=connection_factory, **kwasync)
sqlalchemy.exc.OperationalError: (psycopg2.OperationalError) connection to server at "localhost" (::1), port 5432 failed: FATAL:  password authentication failed for user "postgres"

(Background on this error at: https://sqlalche.me/e/20/e3q8)
2026-03-26 15:33:47,182 [INFO] Processing: TradeMonitor_Log_20260321.csv
2026-03-26 15:33:47,207 [ERROR] Failed to process TradeMonitor_Log_20260321.csv: (psycopg2.OperationalError) connection to server at "localhost" (::1), port 5432 failed: FATAL:  password authentication failed for user "postgres"

(Background on this error at: https://sqlalche.me/e/20/e3q8)
Traceback (most recent call last):
  File "C:\Users\jpesm\AppData\Local\Programs\Python\Python314\Lib\site-packages\sqlalchemy\engine\base.py", line 143, in __init__
    self._dbapi_connection = engine.raw_connection()
                             ~~~~~~~~~~~~~~~~~~~~~^^
  File "C:\Users\jpesm\AppData\Local\Programs\Python\Python314\Lib\site-packages\sqlalchemy\engine\base.py", line 3317, in raw_connection
    return self.pool.connect()
           ~~~~~~~~~~~~~~~~~^^
  File "C:\Users\jpesm\AppData\Local\Programs\Python\Python314\Lib\site-packages\sqlalchemy\pool\base.py", line 448, in connect
    return _ConnectionFairy._checkout(self)
           ~~~~~~~~~~~~~~~~~~~~~~~~~~^^^^^^
  File "C:\Users\jpesm\AppData\Local\Programs\Python\Python314\Lib\site-packages\sqlalchemy\pool\base.py", line 1272, in _checkout
    fairy = _ConnectionRecord.checkout(pool)
  File "C:\Users\jpesm\AppData\Local\Programs\Python\Python314\Lib\site-packages\sqlalchemy\pool\base.py", line 712, in checkout
    rec = pool._do_get()
  File "C:\Users\jpesm\AppData\Local\Programs\Python\Python314\Lib\site-packages\sqlalchemy\pool\impl.py", line 177, in _do_get
    with util.safe_reraise():
         ~~~~~~~~~~~~~~~~~^^
  File "C:\Users\jpesm\AppData\Local\Programs\Python\Python314\Lib\site-packages\sqlalchemy\util\langhelpers.py", line 121, in __exit__
    raise exc_value.with_traceback(exc_tb)
  File "C:\Users\jpesm\AppData\Local\Programs\Python\Python314\Lib\site-packages\sqlalchemy\pool\impl.py", line 175, in _do_get
    return self._create_connection()
           ~~~~~~~~~~~~~~~~~~~~~~~^^
  File "C:\Users\jpesm\AppData\Local\Programs\Python\Python314\Lib\site-packages\sqlalchemy\pool\base.py", line 389, in _create_connection
    return _ConnectionRecord(self)
  File "C:\Users\jpesm\AppData\Local\Programs\Python\Python314\Lib\site-packages\sqlalchemy\pool\base.py", line 674, in __init__
    self.__connect()
    ~~~~~~~~~~~~~~^^
  File "C:\Users\jpesm\AppData\Local\Programs\Python\Python314\Lib\site-packages\sqlalchemy\pool\base.py", line 900, in __connect
    with util.safe_reraise():
         ~~~~~~~~~~~~~~~~~^^
  File "C:\Users\jpesm\AppData\Local\Programs\Python\Python314\Lib\site-packages\sqlalchemy\util\langhelpers.py", line 121, in __exit__
    raise exc_value.with_traceback(exc_tb)
  File "C:\Users\jpesm\AppData\Local\Programs\Python\Python314\Lib\site-packages\sqlalchemy\pool\base.py", line 896, in __connect
    self.dbapi_connection = connection = pool._invoke_creator(self)
                                         ~~~~~~~~~~~~~~~~~~~~^^^^^^
  File "C:\Users\jpesm\AppData\Local\Programs\Python\Python314\Lib\site-packages\sqlalchemy\engine\create.py", line 667, in connect
    return dialect.connect(*cargs_tup, **cparams)
           ~~~~~~~~~~~~~~~^^^^^^^^^^^^^^^^^^^^^^^
  File "C:\Users\jpesm\AppData\Local\Programs\Python\Python314\Lib\site-packages\sqlalchemy\engine\default.py", line 630, in connect
    return self.loaded_dbapi.connect(*cargs, **cparams)  # type: ignore[no-any-return]  # NOQA: E501
           ~~~~~~~~~~~~~~~~~~~~~~~~~^^^^^^^^^^^^^^^^^^^
  File "C:\Users\jpesm\AppData\Local\Programs\Python\Python314\Lib\site-packages\psycopg2\__init__.py", line 135, in connect
    conn = _connect(dsn, connection_factory=connection_factory, **kwasync)
psycopg2.OperationalError: connection to server at "localhost" (::1), port 5432 failed: FATAL:  password authentication failed for user "postgres"


The above exception was the direct cause of the following exception:

Traceback (most recent call last):
  File "c:\Users\jpesm\Desktop\Data_Pipeline_Projetcs\Shadow_Trade_Pipeline\Ingest_Trade_Logs.py", line 154, in parse_and_load
    inserted, skipped = bulk_upsert(df)
                        ~~~~~~~~~~~^^^^
  File "c:\Users\jpesm\Desktop\Data_Pipeline_Projetcs\Shadow_Trade_Pipeline\Ingest_Trade_Logs.py", line 179, in bulk_upsert
    with engine.begin() as conn:
         ~~~~~~~~~~~~^^
  File "C:\Users\jpesm\AppData\Local\Programs\Python\Python314\Lib\contextlib.py", line 141, in __enter__
    return next(self.gen)
  File "C:\Users\jpesm\AppData\Local\Programs\Python\Python314\Lib\site-packages\sqlalchemy\engine\base.py", line 3257, in begin
    with self.connect() as conn:
         ~~~~~~~~~~~~^^
  File "C:\Users\jpesm\AppData\Local\Programs\Python\Python314\Lib\site-packages\sqlalchemy\engine\base.py", line 3293, in connect
    return self._connection_cls(self)
           ~~~~~~~~~~~~~~~~~~~~^^^^^^
  File "C:\Users\jpesm\AppData\Local\Programs\Python\Python314\Lib\site-packages\sqlalchemy\engine\base.py", line 145, in __init__
    Connection._handle_dbapi_exception_noconnection(
    ~~~~~~~~~~~~~~~~~~~~~~~~~~~~~~~~~~~~~~~~~~~~~~~^
        err, dialect, engine
        ^^^^^^^^^^^^^^^^^^^^
    )
    ^
  File "C:\Users\jpesm\AppData\Local\Programs\Python\Python314\Lib\site-packages\sqlalchemy\engine\base.py", line 2448, in _handle_dbapi_exception_noconnection
    raise sqlalchemy_exception.with_traceback(exc_info[2]) from e
  File "C:\Users\jpesm\AppData\Local\Programs\Python\Python314\Lib\site-packages\sqlalchemy\engine\base.py", line 143, in __init__
    self._dbapi_connection = engine.raw_connection()
                             ~~~~~~~~~~~~~~~~~~~~~^^
  File "C:\Users\jpesm\AppData\Local\Programs\Python\Python314\Lib\site-packages\sqlalchemy\engine\base.py", line 3317, in raw_connection
    return self.pool.connect()
           ~~~~~~~~~~~~~~~~~^^
  File "C:\Users\jpesm\AppData\Local\Programs\Python\Python314\Lib\site-packages\sqlalchemy\pool\base.py", line 448, in connect
    return _ConnectionFairy._checkout(self)
           ~~~~~~~~~~~~~~~~~~~~~~~~~~^^^^^^
  File "C:\Users\jpesm\AppData\Local\Programs\Python\Python314\Lib\site-packages\sqlalchemy\pool\base.py", line 1272, in _checkout
    fairy = _ConnectionRecord.checkout(pool)
  File "C:\Users\jpesm\AppData\Local\Programs\Python\Python314\Lib\site-packages\sqlalchemy\pool\base.py", line 712, in checkout
    rec = pool._do_get()
  File "C:\Users\jpesm\AppData\Local\Programs\Python\Python314\Lib\site-packages\sqlalchemy\pool\impl.py", line 177, in _do_get
    with util.safe_reraise():
         ~~~~~~~~~~~~~~~~~^^
  File "C:\Users\jpesm\AppData\Local\Programs\Python\Python314\Lib\site-packages\sqlalchemy\util\langhelpers.py", line 121, in __exit__
    raise exc_value.with_traceback(exc_tb)
  File "C:\Users\jpesm\AppData\Local\Programs\Python\Python314\Lib\site-packages\sqlalchemy\pool\impl.py", line 175, in _do_get
    return self._create_connection()
           ~~~~~~~~~~~~~~~~~~~~~~~^^
  File "C:\Users\jpesm\AppData\Local\Programs\Python\Python314\Lib\site-packages\sqlalchemy\pool\base.py", line 389, in _create_connection
    return _ConnectionRecord(self)
  File "C:\Users\jpesm\AppData\Local\Programs\Python\Python314\Lib\site-packages\sqlalchemy\pool\base.py", line 674, in __init__
    self.__connect()
    ~~~~~~~~~~~~~~^^
  File "C:\Users\jpesm\AppData\Local\Programs\Python\Python314\Lib\site-packages\sqlalchemy\pool\base.py", line 900, in __connect
    with util.safe_reraise():
         ~~~~~~~~~~~~~~~~~^^
  File "C:\Users\jpesm\AppData\Local\Programs\Python\Python314\Lib\site-packages\sqlalchemy\util\langhelpers.py", line 121, in __exit__
    raise exc_value.with_traceback(exc_tb)
  File "C:\Users\jpesm\AppData\Local\Programs\Python\Python314\Lib\site-packages\sqlalchemy\pool\base.py", line 896, in __connect
    self.dbapi_connection = connection = pool._invoke_creator(self)
                                         ~~~~~~~~~~~~~~~~~~~~^^^^^^
  File "C:\Users\jpesm\AppData\Local\Programs\Python\Python314\Lib\site-packages\sqlalchemy\engine\create.py", line 667, in connect
    return dialect.connect(*cargs_tup, **cparams)
           ~~~~~~~~~~~~~~~^^^^^^^^^^^^^^^^^^^^^^^
  File "C:\Users\jpesm\AppData\Local\Programs\Python\Python314\Lib\site-packages\sqlalchemy\engine\default.py", line 630, in connect
    return self.loaded_dbapi.connect(*cargs, **cparams)  # type: ignore[no-any-return]  # NOQA: E501
           ~~~~~~~~~~~~~~~~~~~~~~~~~^^^^^^^^^^^^^^^^^^^
  File "C:\Users\jpesm\AppData\Local\Programs\Python\Python314\Lib\site-packages\psycopg2\__init__.py", line 135, in connect
    conn = _connect(dsn, connection_factory=connection_factory, **kwasync)
sqlalchemy.exc.OperationalError: (psycopg2.OperationalError) connection to server at "localhost" (::1), port 5432 failed: FATAL:  password authentication failed for user "postgres"

(Background on this error at: https://sqlalche.me/e/20/e3q8)
2026-03-26 15:33:47,209 [INFO] Processing: TradeMonitor_Log_20260322.csv
2026-03-26 15:33:47,215 [INFO] Filtered 3 LOG_ROLL row(s) from TradeMonitor_Log_20260322.csv
2026-03-26 15:33:47,233 [ERROR] Failed to process TradeMonitor_Log_20260322.csv: (psycopg2.OperationalError) connection to server at "localhost" (::1), port 5432 failed: FATAL:  password authentication failed for user "postgres"

(Background on this error at: https://sqlalche.me/e/20/e3q8)
Traceback (most recent call last):
  File "C:\Users\jpesm\AppData\Local\Programs\Python\Python314\Lib\site-packages\sqlalchemy\engine\base.py", line 143, in __init__
    self._dbapi_connection = engine.raw_connection()
                             ~~~~~~~~~~~~~~~~~~~~~^^
  File "C:\Users\jpesm\AppData\Local\Programs\Python\Python314\Lib\site-packages\sqlalchemy\engine\base.py", line 3317, in raw_connection
    return self.pool.connect()
           ~~~~~~~~~~~~~~~~~^^
  File "C:\Users\jpesm\AppData\Local\Programs\Python\Python314\Lib\site-packages\sqlalchemy\pool\base.py", line 448, in connect
    return _ConnectionFairy._checkout(self)
           ~~~~~~~~~~~~~~~~~~~~~~~~~~^^^^^^
  File "C:\Users\jpesm\AppData\Local\Programs\Python\Python314\Lib\site-packages\sqlalchemy\pool\base.py", line 1272, in _checkout
    fairy = _ConnectionRecord.checkout(pool)
  File "C:\Users\jpesm\AppData\Local\Programs\Python\Python314\Lib\site-packages\sqlalchemy\pool\base.py", line 712, in checkout
    rec = pool._do_get()
  File "C:\Users\jpesm\AppData\Local\Programs\Python\Python314\Lib\site-packages\sqlalchemy\pool\impl.py", line 177, in _do_get
    with util.safe_reraise():
         ~~~~~~~~~~~~~~~~~^^
  File "C:\Users\jpesm\AppData\Local\Programs\Python\Python314\Lib\site-packages\sqlalchemy\util\langhelpers.py", line 121, in __exit__
    raise exc_value.with_traceback(exc_tb)
  File "C:\Users\jpesm\AppData\Local\Programs\Python\Python314\Lib\site-packages\sqlalchemy\pool\impl.py", line 175, in _do_get
    return self._create_connection()
           ~~~~~~~~~~~~~~~~~~~~~~~^^
  File "C:\Users\jpesm\AppData\Local\Programs\Python\Python314\Lib\site-packages\sqlalchemy\pool\base.py", line 389, in _create_connection
    return _ConnectionRecord(self)
  File "C:\Users\jpesm\AppData\Local\Programs\Python\Python314\Lib\site-packages\sqlalchemy\pool\base.py", line 674, in __init__
    self.__connect()
    ~~~~~~~~~~~~~~^^
  File "C:\Users\jpesm\AppData\Local\Programs\Python\Python314\Lib\site-packages\sqlalchemy\pool\base.py", line 900, in __connect
    with util.safe_reraise():
         ~~~~~~~~~~~~~~~~~^^
  File "C:\Users\jpesm\AppData\Local\Programs\Python\Python314\Lib\site-packages\sqlalchemy\util\langhelpers.py", line 121, in __exit__
    raise exc_value.with_traceback(exc_tb)
  File "C:\Users\jpesm\AppData\Local\Programs\Python\Python314\Lib\site-packages\sqlalchemy\pool\base.py", line 896, in __connect
    self.dbapi_connection = connection = pool._invoke_creator(self)
                                         ~~~~~~~~~~~~~~~~~~~~^^^^^^
  File "C:\Users\jpesm\AppData\Local\Programs\Python\Python314\Lib\site-packages\sqlalchemy\engine\create.py", line 667, in connect
    return dialect.connect(*cargs_tup, **cparams)
           ~~~~~~~~~~~~~~~^^^^^^^^^^^^^^^^^^^^^^^
  File "C:\Users\jpesm\AppData\Local\Programs\Python\Python314\Lib\site-packages\sqlalchemy\engine\default.py", line 630, in connect
    return self.loaded_dbapi.connect(*cargs, **cparams)  # type: ignore[no-any-return]  # NOQA: E501
           ~~~~~~~~~~~~~~~~~~~~~~~~~^^^^^^^^^^^^^^^^^^^
  File "C:\Users\jpesm\AppData\Local\Programs\Python\Python314\Lib\site-packages\psycopg2\__init__.py", line 135, in connect
    conn = _connect(dsn, connection_factory=connection_factory, **kwasync)
psycopg2.OperationalError: connection to server at "localhost" (::1), port 5432 failed: FATAL:  password authentication failed for user "postgres"


The above exception was the direct cause of the following exception:

Traceback (most recent call last):
  File "c:\Users\jpesm\Desktop\Data_Pipeline_Projetcs\Shadow_Trade_Pipeline\Ingest_Trade_Logs.py", line 154, in parse_and_load
    inserted, skipped = bulk_upsert(df)
                        ~~~~~~~~~~~^^^^
  File "c:\Users\jpesm\Desktop\Data_Pipeline_Projetcs\Shadow_Trade_Pipeline\Ingest_Trade_Logs.py", line 179, in bulk_upsert
    with engine.begin() as conn:
         ~~~~~~~~~~~~^^
  File "C:\Users\jpesm\AppData\Local\Programs\Python\Python314\Lib\contextlib.py", line 141, in __enter__
    return next(self.gen)
  File "C:\Users\jpesm\AppData\Local\Programs\Python\Python314\Lib\site-packages\sqlalchemy\engine\base.py", line 3257, in begin
    with self.connect() as conn:
         ~~~~~~~~~~~~^^
  File "C:\Users\jpesm\AppData\Local\Programs\Python\Python314\Lib\site-packages\sqlalchemy\engine\base.py", line 3293, in connect
    return self._connection_cls(self)
           ~~~~~~~~~~~~~~~~~~~~^^^^^^
  File "C:\Users\jpesm\AppData\Local\Programs\Python\Python314\Lib\site-packages\sqlalchemy\engine\base.py", line 145, in __init__
    Connection._handle_dbapi_exception_noconnection(
    ~~~~~~~~~~~~~~~~~~~~~~~~~~~~~~~~~~~~~~~~~~~~~~~^
        err, dialect, engine
        ^^^^^^^^^^^^^^^^^^^^
    )
    ^
  File "C:\Users\jpesm\AppData\Local\Programs\Python\Python314\Lib\site-packages\sqlalchemy\engine\base.py", line 2448, in _handle_dbapi_exception_noconnection
    raise sqlalchemy_exception.with_traceback(exc_info[2]) from e
  File "C:\Users\jpesm\AppData\Local\Programs\Python\Python314\Lib\site-packages\sqlalchemy\engine\base.py", line 143, in __init__
    self._dbapi_connection = engine.raw_connection()
                             ~~~~~~~~~~~~~~~~~~~~~^^
  File "C:\Users\jpesm\AppData\Local\Programs\Python\Python314\Lib\site-packages\sqlalchemy\engine\base.py", line 3317, in raw_connection
    return self.pool.connect()
           ~~~~~~~~~~~~~~~~~^^
  File "C:\Users\jpesm\AppData\Local\Programs\Python\Python314\Lib\site-packages\sqlalchemy\pool\base.py", line 448, in connect
    return _ConnectionFairy._checkout(self)
           ~~~~~~~~~~~~~~~~~~~~~~~~~~^^^^^^
  File "C:\Users\jpesm\AppData\Local\Programs\Python\Python314\Lib\site-packages\sqlalchemy\pool\base.py", line 1272, in _checkout
    fairy = _ConnectionRecord.checkout(pool)
  File "C:\Users\jpesm\AppData\Local\Programs\Python\Python314\Lib\site-packages\sqlalchemy\pool\base.py", line 712, in checkout
    rec = pool._do_get()
  File "C:\Users\jpesm\AppData\Local\Programs\Python\Python314\Lib\site-packages\sqlalchemy\pool\impl.py", line 177, in _do_get
    with util.safe_reraise():
         ~~~~~~~~~~~~~~~~~^^
  File "C:\Users\jpesm\AppData\Local\Programs\Python\Python314\Lib\site-packages\sqlalchemy\util\langhelpers.py", line 121, in __exit__
    raise exc_value.with_traceback(exc_tb)
  File "C:\Users\jpesm\AppData\Local\Programs\Python\Python314\Lib\site-packages\sqlalchemy\pool\impl.py", line 175, in _do_get
    return self._create_connection()
           ~~~~~~~~~~~~~~~~~~~~~~~^^
  File "C:\Users\jpesm\AppData\Local\Programs\Python\Python314\Lib\site-packages\sqlalchemy\pool\base.py", line 389, in _create_connection
    return _ConnectionRecord(self)
  File "C:\Users\jpesm\AppData\Local\Programs\Python\Python314\Lib\site-packages\sqlalchemy\pool\base.py", line 674, in __init__
    self.__connect()
    ~~~~~~~~~~~~~~^^
  File "C:\Users\jpesm\AppData\Local\Programs\Python\Python314\Lib\site-packages\sqlalchemy\pool\base.py", line 900, in __connect
    with util.safe_reraise():
         ~~~~~~~~~~~~~~~~~^^
  File "C:\Users\jpesm\AppData\Local\Programs\Python\Python314\Lib\site-packages\sqlalchemy\util\langhelpers.py", line 121, in __exit__
    raise exc_value.with_traceback(exc_tb)
  File "C:\Users\jpesm\AppData\Local\Programs\Python\Python314\Lib\site-packages\sqlalchemy\pool\base.py", line 896, in __connect
    self.dbapi_connection = connection = pool._invoke_creator(self)
                                         ~~~~~~~~~~~~~~~~~~~~^^^^^^
  File "C:\Users\jpesm\AppData\Local\Programs\Python\Python314\Lib\site-packages\sqlalchemy\engine\create.py", line 667, in connect
    return dialect.connect(*cargs_tup, **cparams)
           ~~~~~~~~~~~~~~~^^^^^^^^^^^^^^^^^^^^^^^
  File "C:\Users\jpesm\AppData\Local\Programs\Python\Python314\Lib\site-packages\sqlalchemy\engine\default.py", line 630, in connect
    return self.loaded_dbapi.connect(*cargs, **cparams)  # type: ignore[no-any-return]  # NOQA: E501
           ~~~~~~~~~~~~~~~~~~~~~~~~~^^^^^^^^^^^^^^^^^^^
  File "C:\Users\jpesm\AppData\Local\Programs\Python\Python314\Lib\site-packages\psycopg2\__init__.py", line 135, in connect
    conn = _connect(dsn, connection_factory=connection_factory, **kwasync)
sqlalchemy.exc.OperationalError: (psycopg2.OperationalError) connection to server at "localhost" (::1), port 5432 failed: FATAL:  password authentication failed for user "postgres"

(Background on this error at: https://sqlalche.me/e/20/e3q8)
2026-03-26 15:33:47,236 [INFO] Processing: TradeMonitor_Log_20260323.csv
2026-03-26 15:33:47,242 [INFO] Filtered 1 LOG_ROLL row(s) from TradeMonitor_Log_20260323.csv
2026-03-26 15:33:47,263 [ERROR] Failed to process TradeMonitor_Log_20260323.csv: (psycopg2.OperationalError) connection to server at "localhost" (::1), port 5432 failed: FATAL:  password authentication failed for user "postgres"

(Background on this error at: https://sqlalche.me/e/20/e3q8)
Traceback (most recent call last):
  File "C:\Users\jpesm\AppData\Local\Programs\Python\Python314\Lib\site-packages\sqlalchemy\engine\base.py", line 143, in __init__
    self._dbapi_connection = engine.raw_connection()
                             ~~~~~~~~~~~~~~~~~~~~~^^
  File "C:\Users\jpesm\AppData\Local\Programs\Python\Python314\Lib\site-packages\sqlalchemy\engine\base.py", line 3317, in raw_connection
    return self.pool.connect()
           ~~~~~~~~~~~~~~~~~^^
  File "C:\Users\jpesm\AppData\Local\Programs\Python\Python314\Lib\site-packages\sqlalchemy\pool\base.py", line 448, in connect
    return _ConnectionFairy._checkout(self)
           ~~~~~~~~~~~~~~~~~~~~~~~~~~^^^^^^
  File "C:\Users\jpesm\AppData\Local\Programs\Python\Python314\Lib\site-packages\sqlalchemy\pool\base.py", line 1272, in _checkout
    fairy = _ConnectionRecord.checkout(pool)
  File "C:\Users\jpesm\AppData\Local\Programs\Python\Python314\Lib\site-packages\sqlalchemy\pool\base.py", line 712, in checkout
    rec = pool._do_get()
  File "C:\Users\jpesm\AppData\Local\Programs\Python\Python314\Lib\site-packages\sqlalchemy\pool\impl.py", line 177, in _do_get
    with util.safe_reraise():
         ~~~~~~~~~~~~~~~~~^^
  File "C:\Users\jpesm\AppData\Local\Programs\Python\Python314\Lib\site-packages\sqlalchemy\util\langhelpers.py", line 121, in __exit__
    raise exc_value.with_traceback(exc_tb)
  File "C:\Users\jpesm\AppData\Local\Programs\Python\Python314\Lib\site-packages\sqlalchemy\pool\impl.py", line 175, in _do_get
    return self._create_connection()
           ~~~~~~~~~~~~~~~~~~~~~~~^^
  File "C:\Users\jpesm\AppData\Local\Programs\Python\Python314\Lib\site-packages\sqlalchemy\pool\base.py", line 389, in _create_connection
    return _ConnectionRecord(self)
  File "C:\Users\jpesm\AppData\Local\Programs\Python\Python314\Lib\site-packages\sqlalchemy\pool\base.py", line 674, in __init__
    self.__connect()
    ~~~~~~~~~~~~~~^^
  File "C:\Users\jpesm\AppData\Local\Programs\Python\Python314\Lib\site-packages\sqlalchemy\pool\base.py", line 900, in __connect
    with util.safe_reraise():
         ~~~~~~~~~~~~~~~~~^^
  File "C:\Users\jpesm\AppData\Local\Programs\Python\Python314\Lib\site-packages\sqlalchemy\util\langhelpers.py", line 121, in __exit__
    raise exc_value.with_traceback(exc_tb)
  File "C:\Users\jpesm\AppData\Local\Programs\Python\Python314\Lib\site-packages\sqlalchemy\pool\base.py", line 896, in __connect
    self.dbapi_connection = connection = pool._invoke_creator(self)
                                         ~~~~~~~~~~~~~~~~~~~~^^^^^^
  File "C:\Users\jpesm\AppData\Local\Programs\Python\Python314\Lib\site-packages\sqlalchemy\engine\create.py", line 667, in connect
    return dialect.connect(*cargs_tup, **cparams)
           ~~~~~~~~~~~~~~~^^^^^^^^^^^^^^^^^^^^^^^
  File "C:\Users\jpesm\AppData\Local\Programs\Python\Python314\Lib\site-packages\sqlalchemy\engine\default.py", line 630, in connect
    return self.loaded_dbapi.connect(*cargs, **cparams)  # type: ignore[no-any-return]  # NOQA: E501
           ~~~~~~~~~~~~~~~~~~~~~~~~~^^^^^^^^^^^^^^^^^^^
  File "C:\Users\jpesm\AppData\Local\Programs\Python\Python314\Lib\site-packages\psycopg2\__init__.py", line 135, in connect
    conn = _connect(dsn, connection_factory=connection_factory, **kwasync)
psycopg2.OperationalError: connection to server at "localhost" (::1), port 5432 failed: FATAL:  password authentication failed for user "postgres"


The above exception was the direct cause of the following exception:

Traceback (most recent call last):
  File "c:\Users\jpesm\Desktop\Data_Pipeline_Projetcs\Shadow_Trade_Pipeline\Ingest_Trade_Logs.py", line 154, in parse_and_load
    inserted, skipped = bulk_upsert(df)
                        ~~~~~~~~~~~^^^^
  File "c:\Users\jpesm\Desktop\Data_Pipeline_Projetcs\Shadow_Trade_Pipeline\Ingest_Trade_Logs.py", line 179, in bulk_upsert
    with engine.begin() as conn:
         ~~~~~~~~~~~~^^
  File "C:\Users\jpesm\AppData\Local\Programs\Python\Python314\Lib\contextlib.py", line 141, in __enter__
    return next(self.gen)
  File "C:\Users\jpesm\AppData\Local\Programs\Python\Python314\Lib\site-packages\sqlalchemy\engine\base.py", line 3257, in begin
    with self.connect() as conn:
         ~~~~~~~~~~~~^^
  File "C:\Users\jpesm\AppData\Local\Programs\Python\Python314\Lib\site-packages\sqlalchemy\engine\base.py", line 3293, in connect
    return self._connection_cls(self)
           ~~~~~~~~~~~~~~~~~~~~^^^^^^
  File "C:\Users\jpesm\AppData\Local\Programs\Python\Python314\Lib\site-packages\sqlalchemy\engine\base.py", line 145, in __init__
    Connection._handle_dbapi_exception_noconnection(
    ~~~~~~~~~~~~~~~~~~~~~~~~~~~~~~~~~~~~~~~~~~~~~~~^
        err, dialect, engine
        ^^^^^^^^^^^^^^^^^^^^
    )
    ^
  File "C:\Users\jpesm\AppData\Local\Programs\Python\Python314\Lib\site-packages\sqlalchemy\engine\base.py", line 2448, in _handle_dbapi_exception_noconnection
    raise sqlalchemy_exception.with_traceback(exc_info[2]) from e
  File "C:\Users\jpesm\AppData\Local\Programs\Python\Python314\Lib\site-packages\sqlalchemy\engine\base.py", line 143, in __init__
    self._dbapi_connection = engine.raw_connection()
                             ~~~~~~~~~~~~~~~~~~~~~^^
  File "C:\Users\jpesm\AppData\Local\Programs\Python\Python314\Lib\site-packages\sqlalchemy\engine\base.py", line 3317, in raw_connection
    return self.pool.connect()
           ~~~~~~~~~~~~~~~~~^^
  File "C:\Users\jpesm\AppData\Local\Programs\Python\Python314\Lib\site-packages\sqlalchemy\pool\base.py", line 448, in connect
    return _ConnectionFairy._checkout(self)
           ~~~~~~~~~~~~~~~~~~~~~~~~~~^^^^^^
  File "C:\Users\jpesm\AppData\Local\Programs\Python\Python314\Lib\site-packages\sqlalchemy\pool\base.py", line 1272, in _checkout
    fairy = _ConnectionRecord.checkout(pool)
  File "C:\Users\jpesm\AppData\Local\Programs\Python\Python314\Lib\site-packages\sqlalchemy\pool\base.py", line 712, in checkout
    rec = pool._do_get()
  File "C:\Users\jpesm\AppData\Local\Programs\Python\Python314\Lib\site-packages\sqlalchemy\pool\impl.py", line 177, in _do_get
    with util.safe_reraise():
         ~~~~~~~~~~~~~~~~~^^
  File "C:\Users\jpesm\AppData\Local\Programs\Python\Python314\Lib\site-packages\sqlalchemy\util\langhelpers.py", line 121, in __exit__
    raise exc_value.with_traceback(exc_tb)
  File "C:\Users\jpesm\AppData\Local\Programs\Python\Python314\Lib\site-packages\sqlalchemy\pool\impl.py", line 175, in _do_get
    return self._create_connection()
           ~~~~~~~~~~~~~~~~~~~~~~~^^
  File "C:\Users\jpesm\AppData\Local\Programs\Python\Python314\Lib\site-packages\sqlalchemy\pool\base.py", line 389, in _create_connection
    return _ConnectionRecord(self)
  File "C:\Users\jpesm\AppData\Local\Programs\Python\Python314\Lib\site-packages\sqlalchemy\pool\base.py", line 674, in __init__
    self.__connect()
    ~~~~~~~~~~~~~~^^
  File "C:\Users\jpesm\AppData\Local\Programs\Python\Python314\Lib\site-packages\sqlalchemy\pool\base.py", line 900, in __connect
    with util.safe_reraise():
         ~~~~~~~~~~~~~~~~~^^
  File "C:\Users\jpesm\AppData\Local\Programs\Python\Python314\Lib\site-packages\sqlalchemy\util\langhelpers.py", line 121, in __exit__
    raise exc_value.with_traceback(exc_tb)
  File "C:\Users\jpesm\AppData\Local\Programs\Python\Python314\Lib\site-packages\sqlalchemy\pool\base.py", line 896, in __connect
    self.dbapi_connection = connection = pool._invoke_creator(self)
                                         ~~~~~~~~~~~~~~~~~~~~^^^^^^
  File "C:\Users\jpesm\AppData\Local\Programs\Python\Python314\Lib\site-packages\sqlalchemy\engine\create.py", line 667, in connect
    return dialect.connect(*cargs_tup, **cparams)
           ~~~~~~~~~~~~~~~^^^^^^^^^^^^^^^^^^^^^^^
  File "C:\Users\jpesm\AppData\Local\Programs\Python\Python314\Lib\site-packages\sqlalchemy\engine\default.py", line 630, in connect
    return self.loaded_dbapi.connect(*cargs, **cparams)  # type: ignore[no-any-return]  # NOQA: E501
           ~~~~~~~~~~~~~~~~~~~~~~~~~^^^^^^^^^^^^^^^^^^^
  File "C:\Users\jpesm\AppData\Local\Programs\Python\Python314\Lib\site-packages\psycopg2\__init__.py", line 135, in connect
    conn = _connect(dsn, connection_factory=connection_factory, **kwasync)
sqlalchemy.exc.OperationalError: (psycopg2.OperationalError) connection to server at "localhost" (::1), port 5432 failed: FATAL:  password authentication failed for user "postgres"

(Background on this error at: https://sqlalche.me/e/20/e3q8)
2026-03-26 15:33:47,266 [INFO] Processing: TradeMonitor_Log_20260324.csv
2026-03-26 15:33:47,272 [INFO] Filtered 2 LOG_ROLL row(s) from TradeMonitor_Log_20260324.csv
2026-03-26 15:33:47,294 [ERROR] Failed to process TradeMonitor_Log_20260324.csv: (psycopg2.OperationalError) connection to server at "localhost" (::1), port 5432 failed: FATAL:  password authentication failed for user "postgres"

(Background on this error at: https://sqlalche.me/e/20/e3q8)
Traceback (most recent call last):
  File "C:\Users\jpesm\AppData\Local\Programs\Python\Python314\Lib\site-packages\sqlalchemy\engine\base.py", line 143, in __init__
    self._dbapi_connection = engine.raw_connection()
                             ~~~~~~~~~~~~~~~~~~~~~^^
  File "C:\Users\jpesm\AppData\Local\Programs\Python\Python314\Lib\site-packages\sqlalchemy\engine\base.py", line 3317, in raw_connection
    return self.pool.connect()
           ~~~~~~~~~~~~~~~~~^^
  File "C:\Users\jpesm\AppData\Local\Programs\Python\Python314\Lib\site-packages\sqlalchemy\pool\base.py", line 448, in connect
    return _ConnectionFairy._checkout(self)
           ~~~~~~~~~~~~~~~~~~~~~~~~~~^^^^^^
  File "C:\Users\jpesm\AppData\Local\Programs\Python\Python314\Lib\site-packages\sqlalchemy\pool\base.py", line 1272, in _checkout
    fairy = _ConnectionRecord.checkout(pool)
  File "C:\Users\jpesm\AppData\Local\Programs\Python\Python314\Lib\site-packages\sqlalchemy\pool\base.py", line 712, in checkout
    rec = pool._do_get()
  File "C:\Users\jpesm\AppData\Local\Programs\Python\Python314\Lib\site-packages\sqlalchemy\pool\impl.py", line 177, in _do_get
    with util.safe_reraise():
         ~~~~~~~~~~~~~~~~~^^
  File "C:\Users\jpesm\AppData\Local\Programs\Python\Python314\Lib\site-packages\sqlalchemy\util\langhelpers.py", line 121, in __exit__
    raise exc_value.with_traceback(exc_tb)
  File "C:\Users\jpesm\AppData\Local\Programs\Python\Python314\Lib\site-packages\sqlalchemy\pool\impl.py", line 175, in _do_get
    return self._create_connection()
           ~~~~~~~~~~~~~~~~~~~~~~~^^
  File "C:\Users\jpesm\AppData\Local\Programs\Python\Python314\Lib\site-packages\sqlalchemy\pool\base.py", line 389, in _create_connection
    return _ConnectionRecord(self)
  File "C:\Users\jpesm\AppData\Local\Programs\Python\Python314\Lib\site-packages\sqlalchemy\pool\base.py", line 674, in __init__
    self.__connect()
    ~~~~~~~~~~~~~~^^
  File "C:\Users\jpesm\AppData\Local\Programs\Python\Python314\Lib\site-packages\sqlalchemy\pool\base.py", line 900, in __connect
    with util.safe_reraise():
         ~~~~~~~~~~~~~~~~~^^
  File "C:\Users\jpesm\AppData\Local\Programs\Python\Python314\Lib\site-packages\sqlalchemy\util\langhelpers.py", line 121, in __exit__
    raise exc_value.with_traceback(exc_tb)
  File "C:\Users\jpesm\AppData\Local\Programs\Python\Python314\Lib\site-packages\sqlalchemy\pool\base.py", line 896, in __connect
    self.dbapi_connection = connection = pool._invoke_creator(self)
                                         ~~~~~~~~~~~~~~~~~~~~^^^^^^
  File "C:\Users\jpesm\AppData\Local\Programs\Python\Python314\Lib\site-packages\sqlalchemy\engine\create.py", line 667, in connect
    return dialect.connect(*cargs_tup, **cparams)
           ~~~~~~~~~~~~~~~^^^^^^^^^^^^^^^^^^^^^^^
  File "C:\Users\jpesm\AppData\Local\Programs\Python\Python314\Lib\site-packages\sqlalchemy\engine\default.py", line 630, in connect
    return self.loaded_dbapi.connect(*cargs, **cparams)  # type: ignore[no-any-return]  # NOQA: E501
           ~~~~~~~~~~~~~~~~~~~~~~~~~^^^^^^^^^^^^^^^^^^^
  File "C:\Users\jpesm\AppData\Local\Programs\Python\Python314\Lib\site-packages\psycopg2\__init__.py", line 135, in connect
    conn = _connect(dsn, connection_factory=connection_factory, **kwasync)
psycopg2.OperationalError: connection to server at "localhost" (::1), port 5432 failed: FATAL:  password authentication failed for user "postgres"


The above exception was the direct cause of the following exception:

Traceback (most recent call last):
  File "c:\Users\jpesm\Desktop\Data_Pipeline_Projetcs\Shadow_Trade_Pipeline\Ingest_Trade_Logs.py", line 154, in parse_and_load
    inserted, skipped = bulk_upsert(df)
                        ~~~~~~~~~~~^^^^
  File "c:\Users\jpesm\Desktop\Data_Pipeline_Projetcs\Shadow_Trade_Pipeline\Ingest_Trade_Logs.py", line 179, in bulk_upsert
    with engine.begin() as conn:
         ~~~~~~~~~~~~^^
  File "C:\Users\jpesm\AppData\Local\Programs\Python\Python314\Lib\contextlib.py", line 141, in __enter__
    return next(self.gen)
  File "C:\Users\jpesm\AppData\Local\Programs\Python\Python314\Lib\site-packages\sqlalchemy\engine\base.py", line 3257, in begin
    with self.connect() as conn:
         ~~~~~~~~~~~~^^
  File "C:\Users\jpesm\AppData\Local\Programs\Python\Python314\Lib\site-packages\sqlalchemy\engine\base.py", line 3293, in connect
    return self._connection_cls(self)
           ~~~~~~~~~~~~~~~~~~~~^^^^^^
  File "C:\Users\jpesm\AppData\Local\Programs\Python\Python314\Lib\site-packages\sqlalchemy\engine\base.py", line 145, in __init__
    Connection._handle_dbapi_exception_noconnection(
    ~~~~~~~~~~~~~~~~~~~~~~~~~~~~~~~~~~~~~~~~~~~~~~~^
        err, dialect, engine
        ^^^^^^^^^^^^^^^^^^^^
    )
    ^
  File "C:\Users\jpesm\AppData\Local\Programs\Python\Python314\Lib\site-packages\sqlalchemy\engine\base.py", line 2448, in _handle_dbapi_exception_noconnection
    raise sqlalchemy_exception.with_traceback(exc_info[2]) from e
  File "C:\Users\jpesm\AppData\Local\Programs\Python\Python314\Lib\site-packages\sqlalchemy\engine\base.py", line 143, in __init__
    self._dbapi_connection = engine.raw_connection()
                             ~~~~~~~~~~~~~~~~~~~~~^^
  File "C:\Users\jpesm\AppData\Local\Programs\Python\Python314\Lib\site-packages\sqlalchemy\engine\base.py", line 3317, in raw_connection
    return self.pool.connect()
           ~~~~~~~~~~~~~~~~~^^
  File "C:\Users\jpesm\AppData\Local\Programs\Python\Python314\Lib\site-packages\sqlalchemy\pool\base.py", line 448, in connect
    return _ConnectionFairy._checkout(self)
           ~~~~~~~~~~~~~~~~~~~~~~~~~~^^^^^^
  File "C:\Users\jpesm\AppData\Local\Programs\Python\Python314\Lib\site-packages\sqlalchemy\pool\base.py", line 1272, in _checkout
    fairy = _ConnectionRecord.checkout(pool)
  File "C:\Users\jpesm\AppData\Local\Programs\Python\Python314\Lib\site-packages\sqlalchemy\pool\base.py", line 712, in checkout
    rec = pool._do_get()
  File "C:\Users\jpesm\AppData\Local\Programs\Python\Python314\Lib\site-packages\sqlalchemy\pool\impl.py", line 177, in _do_get
    with util.safe_reraise():
         ~~~~~~~~~~~~~~~~~^^
  File "C:\Users\jpesm\AppData\Local\Programs\Python\Python314\Lib\site-packages\sqlalchemy\util\langhelpers.py", line 121, in __exit__
    raise exc_value.with_traceback(exc_tb)
  File "C:\Users\jpesm\AppData\Local\Programs\Python\Python314\Lib\site-packages\sqlalchemy\pool\impl.py", line 175, in _do_get
    return self._create_connection()
           ~~~~~~~~~~~~~~~~~~~~~~~^^
  File "C:\Users\jpesm\AppData\Local\Programs\Python\Python314\Lib\site-packages\sqlalchemy\pool\base.py", line 389, in _create_connection
    return _ConnectionRecord(self)
  File "C:\Users\jpesm\AppData\Local\Programs\Python\Python314\Lib\site-packages\sqlalchemy\pool\base.py", line 674, in __init__
    self.__connect()
    ~~~~~~~~~~~~~~^^
  File "C:\Users\jpesm\AppData\Local\Programs\Python\Python314\Lib\site-packages\sqlalchemy\pool\base.py", line 900, in __connect
    with util.safe_reraise():
         ~~~~~~~~~~~~~~~~~^^
  File "C:\Users\jpesm\AppData\Local\Programs\Python\Python314\Lib\site-packages\sqlalchemy\util\langhelpers.py", line 121, in __exit__
    raise exc_value.with_traceback(exc_tb)
  File "C:\Users\jpesm\AppData\Local\Programs\Python\Python314\Lib\site-packages\sqlalchemy\pool\base.py", line 896, in __connect
    self.dbapi_connection = connection = pool._invoke_creator(self)
                                         ~~~~~~~~~~~~~~~~~~~~^^^^^^
  File "C:\Users\jpesm\AppData\Local\Programs\Python\Python314\Lib\site-packages\sqlalchemy\engine\create.py", line 667, in connect
    return dialect.connect(*cargs_tup, **cparams)
           ~~~~~~~~~~~~~~~^^^^^^^^^^^^^^^^^^^^^^^
  File "C:\Users\jpesm\AppData\Local\Programs\Python\Python314\Lib\site-packages\sqlalchemy\engine\default.py", line 630, in connect
    return self.loaded_dbapi.connect(*cargs, **cparams)  # type: ignore[no-any-return]  # NOQA: E501
           ~~~~~~~~~~~~~~~~~~~~~~~~~^^^^^^^^^^^^^^^^^^^
  File "C:\Users\jpesm\AppData\Local\Programs\Python\Python314\Lib\site-packages\psycopg2\__init__.py", line 135, in connect
    conn = _connect(dsn, connection_factory=connection_factory, **kwasync)
sqlalchemy.exc.OperationalError: (psycopg2.OperationalError) connection to server at "localhost" (::1), port 5432 failed: FATAL:  password authentication failed for user "postgres"

(Background on this error at: https://sqlalche.me/e/20/e3q8)
2026-03-26 15:33:47,297 [INFO] Processing: TradeMonitor_Log_20260325.csv
2026-03-26 15:33:47,303 [INFO] Filtered 2 LOG_ROLL row(s) from TradeMonitor_Log_20260325.csv
2026-03-26 15:33:47,325 [ERROR] Failed to process TradeMonitor_Log_20260325.csv: (psycopg2.OperationalError) connection to server at "localhost" (::1), port 5432 failed: FATAL:  password authentication failed for user "postgres"

(Background on this error at: https://sqlalche.me/e/20/e3q8)
Traceback (most recent call last):
  File "C:\Users\jpesm\AppData\Local\Programs\Python\Python314\Lib\site-packages\sqlalchemy\engine\base.py", line 143, in __init__
    self._dbapi_connection = engine.raw_connection()
                             ~~~~~~~~~~~~~~~~~~~~~^^
  File "C:\Users\jpesm\AppData\Local\Programs\Python\Python314\Lib\site-packages\sqlalchemy\engine\base.py", line 3317, in raw_connection
    return self.pool.connect()
           ~~~~~~~~~~~~~~~~~^^
  File "C:\Users\jpesm\AppData\Local\Programs\Python\Python314\Lib\site-packages\sqlalchemy\pool\base.py", line 448, in connect
    return _ConnectionFairy._checkout(self)
           ~~~~~~~~~~~~~~~~~~~~~~~~~~^^^^^^
  File "C:\Users\jpesm\AppData\Local\Programs\Python\Python314\Lib\site-packages\sqlalchemy\pool\base.py", line 1272, in _checkout
    fairy = _ConnectionRecord.checkout(pool)
  File "C:\Users\jpesm\AppData\Local\Programs\Python\Python314\Lib\site-packages\sqlalchemy\pool\base.py", line 712, in checkout
    rec = pool._do_get()
  File "C:\Users\jpesm\AppData\Local\Programs\Python\Python314\Lib\site-packages\sqlalchemy\pool\impl.py", line 177, in _do_get
    with util.safe_reraise():
         ~~~~~~~~~~~~~~~~~^^
  File "C:\Users\jpesm\AppData\Local\Programs\Python\Python314\Lib\site-packages\sqlalchemy\util\langhelpers.py", line 121, in __exit__
    raise exc_value.with_traceback(exc_tb)
  File "C:\Users\jpesm\AppData\Local\Programs\Python\Python314\Lib\site-packages\sqlalchemy\pool\impl.py", line 175, in _do_get
    return self._create_connection()
           ~~~~~~~~~~~~~~~~~~~~~~~^^
  File "C:\Users\jpesm\AppData\Local\Programs\Python\Python314\Lib\site-packages\sqlalchemy\pool\base.py", line 389, in _create_connection
    return _ConnectionRecord(self)
  File "C:\Users\jpesm\AppData\Local\Programs\Python\Python314\Lib\site-packages\sqlalchemy\pool\base.py", line 674, in __init__
    self.__connect()
    ~~~~~~~~~~~~~~^^
  File "C:\Users\jpesm\AppData\Local\Programs\Python\Python314\Lib\site-packages\sqlalchemy\pool\base.py", line 900, in __connect
    with util.safe_reraise():
         ~~~~~~~~~~~~~~~~~^^
  File "C:\Users\jpesm\AppData\Local\Programs\Python\Python314\Lib\site-packages\sqlalchemy\util\langhelpers.py", line 121, in __exit__
    raise exc_value.with_traceback(exc_tb)
  File "C:\Users\jpesm\AppData\Local\Programs\Python\Python314\Lib\site-packages\sqlalchemy\pool\base.py", line 896, in __connect
    self.dbapi_connection = connection = pool._invoke_creator(self)
                                         ~~~~~~~~~~~~~~~~~~~~^^^^^^
  File "C:\Users\jpesm\AppData\Local\Programs\Python\Python314\Lib\site-packages\sqlalchemy\engine\create.py", line 667, in connect
    return dialect.connect(*cargs_tup, **cparams)
           ~~~~~~~~~~~~~~~^^^^^^^^^^^^^^^^^^^^^^^
  File "C:\Users\jpesm\AppData\Local\Programs\Python\Python314\Lib\site-packages\sqlalchemy\engine\default.py", line 630, in connect
    return self.loaded_dbapi.connect(*cargs, **cparams)  # type: ignore[no-any-return]  # NOQA: E501
           ~~~~~~~~~~~~~~~~~~~~~~~~~^^^^^^^^^^^^^^^^^^^
  File "C:\Users\jpesm\AppData\Local\Programs\Python\Python314\Lib\site-packages\psycopg2\__init__.py", line 135, in connect
    conn = _connect(dsn, connection_factory=connection_factory, **kwasync)
psycopg2.OperationalError: connection to server at "localhost" (::1), port 5432 failed: FATAL:  password authentication failed for user "postgres"


The above exception was the direct cause of the following exception:

Traceback (most recent call last):
  File "c:\Users\jpesm\Desktop\Data_Pipeline_Projetcs\Shadow_Trade_Pipeline\Ingest_Trade_Logs.py", line 154, in parse_and_load
    inserted, skipped = bulk_upsert(df)
                        ~~~~~~~~~~~^^^^
  File "c:\Users\jpesm\Desktop\Data_Pipeline_Projetcs\Shadow_Trade_Pipeline\Ingest_Trade_Logs.py", line 179, in bulk_upsert
    with engine.begin() as conn:
         ~~~~~~~~~~~~^^
  File "C:\Users\jpesm\AppData\Local\Programs\Python\Python314\Lib\contextlib.py", line 141, in __enter__
    return next(self.gen)
  File "C:\Users\jpesm\AppData\Local\Programs\Python\Python314\Lib\site-packages\sqlalchemy\engine\base.py", line 3257, in begin
    with self.connect() as conn:
         ~~~~~~~~~~~~^^
  File "C:\Users\jpesm\AppData\Local\Programs\Python\Python314\Lib\site-packages\sqlalchemy\engine\base.py", line 3293, in connect
    return self._connection_cls(self)
           ~~~~~~~~~~~~~~~~~~~~^^^^^^
  File "C:\Users\jpesm\AppData\Local\Programs\Python\Python314\Lib\site-packages\sqlalchemy\engine\base.py", line 145, in __init__
    Connection._handle_dbapi_exception_noconnection(
    ~~~~~~~~~~~~~~~~~~~~~~~~~~~~~~~~~~~~~~~~~~~~~~~^
        err, dialect, engine
        ^^^^^^^^^^^^^^^^^^^^
    )
    ^
  File "C:\Users\jpesm\AppData\Local\Programs\Python\Python314\Lib\site-packages\sqlalchemy\engine\base.py", line 2448, in _handle_dbapi_exception_noconnection
    raise sqlalchemy_exception.with_traceback(exc_info[2]) from e
  File "C:\Users\jpesm\AppData\Local\Programs\Python\Python314\Lib\site-packages\sqlalchemy\engine\base.py", line 143, in __init__
    self._dbapi_connection = engine.raw_connection()
                             ~~~~~~~~~~~~~~~~~~~~~^^
  File "C:\Users\jpesm\AppData\Local\Programs\Python\Python314\Lib\site-packages\sqlalchemy\engine\base.py", line 3317, in raw_connection
    return self.pool.connect()
           ~~~~~~~~~~~~~~~~~^^
  File "C:\Users\jpesm\AppData\Local\Programs\Python\Python314\Lib\site-packages\sqlalchemy\pool\base.py", line 448, in connect
    return _ConnectionFairy._checkout(self)
           ~~~~~~~~~~~~~~~~~~~~~~~~~~^^^^^^
  File "C:\Users\jpesm\AppData\Local\Programs\Python\Python314\Lib\site-packages\sqlalchemy\pool\base.py", line 1272, in _checkout
    fairy = _ConnectionRecord.checkout(pool)
  File "C:\Users\jpesm\AppData\Local\Programs\Python\Python314\Lib\site-packages\sqlalchemy\pool\base.py", line 712, in checkout
    rec = pool._do_get()
  File "C:\Users\jpesm\AppData\Local\Programs\Python\Python314\Lib\site-packages\sqlalchemy\pool\impl.py", line 177, in _do_get
    with util.safe_reraise():
         ~~~~~~~~~~~~~~~~~^^
  File "C:\Users\jpesm\AppData\Local\Programs\Python\Python314\Lib\site-packages\sqlalchemy\util\langhelpers.py", line 121, in __exit__
    raise exc_value.with_traceback(exc_tb)
  File "C:\Users\jpesm\AppData\Local\Programs\Python\Python314\Lib\site-packages\sqlalchemy\pool\impl.py", line 175, in _do_get
    return self._create_connection()
           ~~~~~~~~~~~~~~~~~~~~~~~^^
  File "C:\Users\jpesm\AppData\Local\Programs\Python\Python314\Lib\site-packages\sqlalchemy\pool\base.py", line 389, in _create_connection
    return _ConnectionRecord(self)
  File "C:\Users\jpesm\AppData\Local\Programs\Python\Python314\Lib\site-packages\sqlalchemy\pool\base.py", line 674, in __init__
    self.__connect()
    ~~~~~~~~~~~~~~^^
  File "C:\Users\jpesm\AppData\Local\Programs\Python\Python314\Lib\site-packages\sqlalchemy\pool\base.py", line 900, in __connect
    with util.safe_reraise():
         ~~~~~~~~~~~~~~~~~^^
  File "C:\Users\jpesm\AppData\Local\Programs\Python\Python314\Lib\site-packages\sqlalchemy\util\langhelpers.py", line 121, in __exit__
    raise exc_value.with_traceback(exc_tb)
  File "C:\Users\jpesm\AppData\Local\Programs\Python\Python314\Lib\site-packages\sqlalchemy\pool\base.py", line 896, in __connect
    self.dbapi_connection = connection = pool._invoke_creator(self)
                                         ~~~~~~~~~~~~~~~~~~~~^^^^^^
  File "C:\Users\jpesm\AppData\Local\Programs\Python\Python314\Lib\site-packages\sqlalchemy\engine\create.py", line 667, in connect
    return dialect.connect(*cargs_tup, **cparams)
           ~~~~~~~~~~~~~~~^^^^^^^^^^^^^^^^^^^^^^^
  File "C:\Users\jpesm\AppData\Local\Programs\Python\Python314\Lib\site-packages\sqlalchemy\engine\default.py", line 630, in connect
    return self.loaded_dbapi.connect(*cargs, **cparams)  # type: ignore[no-any-return]  # NOQA: E501
           ~~~~~~~~~~~~~~~~~~~~~~~~~^^^^^^^^^^^^^^^^^^^
  File "C:\Users\jpesm\AppData\Local\Programs\Python\Python314\Lib\site-packages\psycopg2\__init__.py", line 135, in connect
    conn = _connect(dsn, connection_factory=connection_factory, **kwasync)
sqlalchemy.exc.OperationalError: (psycopg2.OperationalError) connection to server at "localhost" (::1), port 5432 failed: FATAL:  password authentication failed for user "postgres"

(Background on this error at: https://sqlalche.me/e/20/e3q8)
2026-03-26 15:33:47,327 [INFO] Processing: TradeMonitor_Log_20260326.csv
2026-03-26 15:33:47,357 [ERROR] Failed to process TradeMonitor_Log_20260326.csv: (psycopg2.OperationalError) connection to server at "localhost" (::1), port 5432 failed: FATAL:  password authentication failed for user "postgres"

(Background on this error at: https://sqlalche.me/e/20/e3q8)
Traceback (most recent call last):
  File "C:\Users\jpesm\AppData\Local\Programs\Python\Python314\Lib\site-packages\sqlalchemy\engine\base.py", line 143, in __init__
    self._dbapi_connection = engine.raw_connection()
                             ~~~~~~~~~~~~~~~~~~~~~^^
  File "C:\Users\jpesm\AppData\Local\Programs\Python\Python314\Lib\site-packages\sqlalchemy\engine\base.py", line 3317, in raw_connection
    return self.pool.connect()
           ~~~~~~~~~~~~~~~~~^^
  File "C:\Users\jpesm\AppData\Local\Programs\Python\Python314\Lib\site-packages\sqlalchemy\pool\base.py", line 448, in connect
    return _ConnectionFairy._checkout(self)
           ~~~~~~~~~~~~~~~~~~~~~~~~~~^^^^^^
  File "C:\Users\jpesm\AppData\Local\Programs\Python\Python314\Lib\site-packages\sqlalchemy\pool\base.py", line 1272, in _checkout
    fairy = _ConnectionRecord.checkout(pool)
  File "C:\Users\jpesm\AppData\Local\Programs\Python\Python314\Lib\site-packages\sqlalchemy\pool\base.py", line 712, in checkout
    rec = pool._do_get()
  File "C:\Users\jpesm\AppData\Local\Programs\Python\Python314\Lib\site-packages\sqlalchemy\pool\impl.py", line 177, in _do_get
    with util.safe_reraise():
         ~~~~~~~~~~~~~~~~~^^
  File "C:\Users\jpesm\AppData\Local\Programs\Python\Python314\Lib\site-packages\sqlalchemy\util\langhelpers.py", line 121, in __exit__
    raise exc_value.with_traceback(exc_tb)
  File "C:\Users\jpesm\AppData\Local\Programs\Python\Python314\Lib\site-packages\sqlalchemy\pool\impl.py", line 175, in _do_get
    return self._create_connection()
           ~~~~~~~~~~~~~~~~~~~~~~~^^
  File "C:\Users\jpesm\AppData\Local\Programs\Python\Python314\Lib\site-packages\sqlalchemy\pool\base.py", line 389, in _create_connection
    return _ConnectionRecord(self)
  File "C:\Users\jpesm\AppData\Local\Programs\Python\Python314\Lib\site-packages\sqlalchemy\pool\base.py", line 674, in __init__
    self.__connect()
    ~~~~~~~~~~~~~~^^
  File "C:\Users\jpesm\AppData\Local\Programs\Python\Python314\Lib\site-packages\sqlalchemy\pool\base.py", line 900, in __connect
    with util.safe_reraise():
         ~~~~~~~~~~~~~~~~~^^
  File "C:\Users\jpesm\AppData\Local\Programs\Python\Python314\Lib\site-packages\sqlalchemy\util\langhelpers.py", line 121, in __exit__
    raise exc_value.with_traceback(exc_tb)
  File "C:\Users\jpesm\AppData\Local\Programs\Python\Python314\Lib\site-packages\sqlalchemy\pool\base.py", line 896, in __connect
    self.dbapi_connection = connection = pool._invoke_creator(self)
                                         ~~~~~~~~~~~~~~~~~~~~^^^^^^
  File "C:\Users\jpesm\AppData\Local\Programs\Python\Python314\Lib\site-packages\sqlalchemy\engine\create.py", line 667, in connect
    return dialect.connect(*cargs_tup, **cparams)
           ~~~~~~~~~~~~~~~^^^^^^^^^^^^^^^^^^^^^^^
  File "C:\Users\jpesm\AppData\Local\Programs\Python\Python314\Lib\site-packages\sqlalchemy\engine\default.py", line 630, in connect
    return self.loaded_dbapi.connect(*cargs, **cparams)  # type: ignore[no-any-return]  # NOQA: E501
           ~~~~~~~~~~~~~~~~~~~~~~~~~^^^^^^^^^^^^^^^^^^^
  File "C:\Users\jpesm\AppData\Local\Programs\Python\Python314\Lib\site-packages\psycopg2\__init__.py", line 135, in connect
    conn = _connect(dsn, connection_factory=connection_factory, **kwasync)
psycopg2.OperationalError: connection to server at "localhost" (::1), port 5432 failed: FATAL:  password authentication failed for user "postgres"


The above exception was the direct cause of the following exception:

Traceback (most recent call last):
  File "c:\Users\jpesm\Desktop\Data_Pipeline_Projetcs\Shadow_Trade_Pipeline\Ingest_Trade_Logs.py", line 154, in parse_and_load
    inserted, skipped = bulk_upsert(df)
                        ~~~~~~~~~~~^^^^
  File "c:\Users\jpesm\Desktop\Data_Pipeline_Projetcs\Shadow_Trade_Pipeline\Ingest_Trade_Logs.py", line 179, in bulk_upsert
    with engine.begin() as conn:
         ~~~~~~~~~~~~^^
  File "C:\Users\jpesm\AppData\Local\Programs\Python\Python314\Lib\contextlib.py", line 141, in __enter__
    return next(self.gen)
  File "C:\Users\jpesm\AppData\Local\Programs\Python\Python314\Lib\site-packages\sqlalchemy\engine\base.py", line 3257, in begin
    with self.connect() as conn:
         ~~~~~~~~~~~~^^
  File "C:\Users\jpesm\AppData\Local\Programs\Python\Python314\Lib\site-packages\sqlalchemy\engine\base.py", line 3293, in connect
    return self._connection_cls(self)
           ~~~~~~~~~~~~~~~~~~~~^^^^^^
  File "C:\Users\jpesm\AppData\Local\Programs\Python\Python314\Lib\site-packages\sqlalchemy\engine\base.py", line 145, in __init__
    Connection._handle_dbapi_exception_noconnection(
    ~~~~~~~~~~~~~~~~~~~~~~~~~~~~~~~~~~~~~~~~~~~~~~~^
        err, dialect, engine
        ^^^^^^^^^^^^^^^^^^^^
    )
    ^
  File "C:\Users\jpesm\AppData\Local\Programs\Python\Python314\Lib\site-packages\sqlalchemy\engine\base.py", line 2448, in _handle_dbapi_exception_noconnection
    raise sqlalchemy_exception.with_traceback(exc_info[2]) from e
  File "C:\Users\jpesm\AppData\Local\Programs\Python\Python314\Lib\site-packages\sqlalchemy\engine\base.py", line 143, in __init__
    self._dbapi_connection = engine.raw_connection()
                             ~~~~~~~~~~~~~~~~~~~~~^^
  File "C:\Users\jpesm\AppData\Local\Programs\Python\Python314\Lib\site-packages\sqlalchemy\engine\base.py", line 3317, in raw_connection
    return self.pool.connect()
           ~~~~~~~~~~~~~~~~~^^
  File "C:\Users\jpesm\AppData\Local\Programs\Python\Python314\Lib\site-packages\sqlalchemy\pool\base.py", line 448, in connect
    return _ConnectionFairy._checkout(self)
           ~~~~~~~~~~~~~~~~~~~~~~~~~~^^^^^^
  File "C:\Users\jpesm\AppData\Local\Programs\Python\Python314\Lib\site-packages\sqlalchemy\pool\base.py", line 1272, in _checkout
    fairy = _ConnectionRecord.checkout(pool)
  File "C:\Users\jpesm\AppData\Local\Programs\Python\Python314\Lib\site-packages\sqlalchemy\pool\base.py", line 712, in checkout
    rec = pool._do_get()
  File "C:\Users\jpesm\AppData\Local\Programs\Python\Python314\Lib\site-packages\sqlalchemy\pool\impl.py", line 177, in _do_get
    with util.safe_reraise():
         ~~~~~~~~~~~~~~~~~^^
  File "C:\Users\jpesm\AppData\Local\Programs\Python\Python314\Lib\site-packages\sqlalchemy\util\langhelpers.py", line 121, in __exit__
    raise exc_value.with_traceback(exc_tb)
  File "C:\Users\jpesm\AppData\Local\Programs\Python\Python314\Lib\site-packages\sqlalchemy\pool\impl.py", line 175, in _do_get
    return self._create_connection()
           ~~~~~~~~~~~~~~~~~~~~~~~^^
  File "C:\Users\jpesm\AppData\Local\Programs\Python\Python314\Lib\site-packages\sqlalchemy\pool\base.py", line 389, in _create_connection
    return _ConnectionRecord(self)
  File "C:\Users\jpesm\AppData\Local\Programs\Python\Python314\Lib\site-packages\sqlalchemy\pool\base.py", line 674, in __init__
    self.__connect()
    ~~~~~~~~~~~~~~^^
  File "C:\Users\jpesm\AppData\Local\Programs\Python\Python314\Lib\site-packages\sqlalchemy\pool\base.py", line 900, in __connect
    with util.safe_reraise():
         ~~~~~~~~~~~~~~~~~^^
  File "C:\Users\jpesm\AppData\Local\Programs\Python\Python314\Lib\site-packages\sqlalchemy\util\langhelpers.py", line 121, in __exit__
    raise exc_value.with_traceback(exc_tb)
  File "C:\Users\jpesm\AppData\Local\Programs\Python\Python314\Lib\site-packages\sqlalchemy\pool\base.py", line 896, in __connect
    self.dbapi_connection = connection = pool._invoke_creator(self)
                                         ~~~~~~~~~~~~~~~~~~~~^^^^^^
  File "C:\Users\jpesm\AppData\Local\Programs\Python\Python314\Lib\site-packages\sqlalchemy\engine\create.py", line 667, in connect
    return dialect.connect(*cargs_tup, **cparams)
           ~~~~~~~~~~~~~~~^^^^^^^^^^^^^^^^^^^^^^^
  File "C:\Users\jpesm\AppData\Local\Programs\Python\Python314\Lib\site-packages\sqlalchemy\engine\default.py", line 630, in connect
    return self.loaded_dbapi.connect(*cargs, **cparams)  # type: ignore[no-any-return]  # NOQA: E501
           ~~~~~~~~~~~~~~~~~~~~~~~~~^^^^^^^^^^^^^^^^^^^
  File "C:\Users\jpesm\AppData\Local\Programs\Python\Python314\Lib\site-packages\psycopg2\__init__.py", line 135, in connect
    conn = _connect(dsn, connection_factory=connection_factory, **kwasync)
sqlalchemy.exc.OperationalError: (psycopg2.OperationalError) connection to server at "localhost" (::1), port 5432 failed: FATAL:  password authentication failed for user "postgres"

(Background on this error at: https://sqlalche.me/e/20/e3q8)
2026-03-26 15:33:47,359 [INFO] Backfill complete.
2026-03-26 15:33:47,359 [INFO] Live watch mode active. Press Ctrl+C to stop.
2026-03-26 15:34:23,940 [INFO] Shutting down...
2026-03-26 15:34:24,325 [INFO] === Ingestion process stopped ===
2026-03-26 16:05:18,323 [INFO] === ShadowTradeMonitor Ingestion Starting ===
2026-03-26 16:05:18,323 [INFO] Directory: C:\Users\jpesm\AppData\Roaming\MetaQuotes\Terminal\Common\Files
2026-03-26 16:05:18,323 [INFO] Backfilling 10 existing file(s)...
2026-03-26 16:05:18,323 [INFO] Processing: TradeMonitor_Log_20260317.csv
2026-03-26 16:05:18,326 [INFO] Filtered 3 LOG_ROLL row(s) from TradeMonitor_Log_20260317.csv
2026-03-26 16:05:18,398 [INFO] Done [TradeMonitor_Log_20260317.csv]: 0 inserted, 71 skipped (dupes). Events: {'MODIFY': 25, 'OPEN': 23, 'CLOSE': 22, 'EA_STOP': 1}
2026-03-26 16:05:18,398 [INFO] Processing: TradeMonitor_Log_20260318.csv
2026-03-26 16:05:18,400 [INFO] Filtered 2 LOG_ROLL row(s) from TradeMonitor_Log_20260318.csv
2026-03-26 16:05:18,424 [INFO] Done [TradeMonitor_Log_20260318.csv]: 0 inserted, 107 skipped (dupes). Events: {'MODIFY': 43, 'OPEN': 32, 'CLOSE': 31, 'EA_STOP': 1}
2026-03-26 16:05:18,425 [INFO] Processing: TradeMonitor_Log_20260319.csv
2026-03-26 16:05:18,427 [INFO] Filtered 3 LOG_ROLL row(s) from TradeMonitor_Log_20260319.csv
2026-03-26 16:05:18,460 [INFO] Done [TradeMonitor_Log_20260319.csv]: 0 inserted, 186 skipped (dupes). Events: {'MODIFY': 81, 'CLOSE': 53, 'OPEN': 50, 'EA_STOP': 2}
2026-03-26 16:05:18,461 [INFO] Processing: TradeMonitor_Log_20260320.csv
2026-03-26 16:05:18,462 [INFO] Filtered 1 LOG_ROLL row(s) from TradeMonitor_Log_20260320.csv
2026-03-26 16:05:18,488 [INFO] Done [TradeMonitor_Log_20260320.csv]: 0 inserted, 132 skipped (dupes). Events: {'MODIFY': 56, 'OPEN': 40, 'CLOSE': 36}
2026-03-26 16:05:18,488 [INFO] Processing: TradeMonitor_Log_20260321.csv
2026-03-26 16:05:18,500 [INFO] Done [TradeMonitor_Log_20260321.csv]: 0 inserted, 33 skipped (dupes). Events: {'MODIFY': 16, 'OPEN': 11, 'CLOSE': 6}
2026-03-26 16:05:18,501 [INFO] Processing: TradeMonitor_Log_20260322.csv
2026-03-26 16:05:18,502 [INFO] Filtered 3 LOG_ROLL row(s) from TradeMonitor_Log_20260322.csv
2026-03-26 16:05:18,510 [INFO] Done [TradeMonitor_Log_20260322.csv]: 0 inserted, 1 skipped (dupes). Events: {'EA_STOP': 1}
2026-03-26 16:05:18,510 [INFO] Processing: TradeMonitor_Log_20260323.csv
2026-03-26 16:05:18,511 [INFO] Filtered 1 LOG_ROLL row(s) from TradeMonitor_Log_20260323.csv
2026-03-26 16:05:18,546 [INFO] Done [TradeMonitor_Log_20260323.csv]: 0 inserted, 209 skipped (dupes). Events: {'MODIFY': 91, 'CLOSE': 64, 'OPEN': 54}
2026-03-26 16:05:18,546 [INFO] Processing: TradeMonitor_Log_20260324.csv
2026-03-26 16:05:18,547 [INFO] Filtered 2 LOG_ROLL row(s) from TradeMonitor_Log_20260324.csv
2026-03-26 16:05:18,569 [INFO] Done [TradeMonitor_Log_20260324.csv]: 0 inserted, 50 skipped (dupes). Events: {'MODIFY': 18, 'OPEN': 17, 'CLOSE': 14, 'EA_STOP': 1}
2026-03-26 16:05:18,569 [INFO] Processing: TradeMonitor_Log_20260325.csv
2026-03-26 16:05:18,571 [INFO] Filtered 2 LOG_ROLL row(s) from TradeMonitor_Log_20260325.csv
2026-03-26 16:05:18,589 [INFO] Done [TradeMonitor_Log_20260325.csv]: 0 inserted, 50 skipped (dupes). Events: {'CLOSE': 19, 'OPEN': 16, 'MODIFY': 15}
2026-03-26 16:05:18,589 [INFO] Processing: TradeMonitor_Log_20260326.csv
2026-03-26 16:05:18,606 [INFO] Done [TradeMonitor_Log_20260326.csv]: 15 inserted, 7 skipped (dupes). Events: {'MODIFY': 9, 'OPEN': 8, 'CLOSE': 5}
2026-03-26 16:05:18,606 [INFO] Backfill complete.
2026-03-26 16:05:18,607 [INFO] Live watch mode active. Press Ctrl+C to stop.
2026-03-26 17:50:52,464 [INFO] === ShadowTradeMonitor Ingestion Starting ===
2026-03-26 17:50:52,464 [INFO] Directory: C:\Users\jpesm\AppData\Roaming\MetaQuotes\Terminal\Common\Files
2026-03-26 17:50:52,464 [INFO] Mode: live watch (Watchdog)
2026-03-26 17:50:52,464 [INFO] Backfilling 10 existing file(s)...
2026-03-26 17:50:52,464 [INFO] Processing: TradeMonitor_Log_20260317.csv
2026-03-26 17:50:52,476 [INFO] Filtered 3 LOG_ROLL row(s) from TradeMonitor_Log_20260317.csv
2026-03-26 17:50:52,505 [ERROR] Failed to process TradeMonitor_Log_20260317.csv: (psycopg2.OperationalError) connection to server at "localhost" (::1), port 5432 failed: FATAL:  password authentication failed for user "postgres"

(Background on this error at: https://sqlalche.me/e/20/e3q8)
Traceback (most recent call last):
  File "C:\Users\jpesm\AppData\Local\Programs\Python\Python314\Lib\site-packages\sqlalchemy\engine\base.py", line 143, in __init__
    self._dbapi_connection = engine.raw_connection()
                             ~~~~~~~~~~~~~~~~~~~~~^^
  File "C:\Users\jpesm\AppData\Local\Programs\Python\Python314\Lib\site-packages\sqlalchemy\engine\base.py", line 3317, in raw_connection
    return self.pool.connect()
           ~~~~~~~~~~~~~~~~~^^
  File "C:\Users\jpesm\AppData\Local\Programs\Python\Python314\Lib\site-packages\sqlalchemy\pool\base.py", line 448, in connect
    return _ConnectionFairy._checkout(self)
           ~~~~~~~~~~~~~~~~~~~~~~~~~~^^^^^^
  File "C:\Users\jpesm\AppData\Local\Programs\Python\Python314\Lib\site-packages\sqlalchemy\pool\base.py", line 1272, in _checkout
    fairy = _ConnectionRecord.checkout(pool)
  File "C:\Users\jpesm\AppData\Local\Programs\Python\Python314\Lib\site-packages\sqlalchemy\pool\base.py", line 712, in checkout
    rec = pool._do_get()
  File "C:\Users\jpesm\AppData\Local\Programs\Python\Python314\Lib\site-packages\sqlalchemy\pool\impl.py", line 177, in _do_get
    with util.safe_reraise():
         ~~~~~~~~~~~~~~~~~^^
  File "C:\Users\jpesm\AppData\Local\Programs\Python\Python314\Lib\site-packages\sqlalchemy\util\langhelpers.py", line 121, in __exit__
    raise exc_value.with_traceback(exc_tb)
  File "C:\Users\jpesm\AppData\Local\Programs\Python\Python314\Lib\site-packages\sqlalchemy\pool\impl.py", line 175, in _do_get
    return self._create_connection()
           ~~~~~~~~~~~~~~~~~~~~~~~^^
  File "C:\Users\jpesm\AppData\Local\Programs\Python\Python314\Lib\site-packages\sqlalchemy\pool\base.py", line 389, in _create_connection
    return _ConnectionRecord(self)
  File "C:\Users\jpesm\AppData\Local\Programs\Python\Python314\Lib\site-packages\sqlalchemy\pool\base.py", line 674, in __init__
    self.__connect()
    ~~~~~~~~~~~~~~^^
  File "C:\Users\jpesm\AppData\Local\Programs\Python\Python314\Lib\site-packages\sqlalchemy\pool\base.py", line 900, in __connect
    with util.safe_reraise():
         ~~~~~~~~~~~~~~~~~^^
  File "C:\Users\jpesm\AppData\Local\Programs\Python\Python314\Lib\site-packages\sqlalchemy\util\langhelpers.py", line 121, in __exit__
    raise exc_value.with_traceback(exc_tb)
  File "C:\Users\jpesm\AppData\Local\Programs\Python\Python314\Lib\site-packages\sqlalchemy\pool\base.py", line 896, in __connect
    self.dbapi_connection = connection = pool._invoke_creator(self)
                                         ~~~~~~~~~~~~~~~~~~~~^^^^^^
  File "C:\Users\jpesm\AppData\Local\Programs\Python\Python314\Lib\site-packages\sqlalchemy\engine\create.py", line 667, in connect
    return dialect.connect(*cargs_tup, **cparams)
           ~~~~~~~~~~~~~~~^^^^^^^^^^^^^^^^^^^^^^^
  File "C:\Users\jpesm\AppData\Local\Programs\Python\Python314\Lib\site-packages\sqlalchemy\engine\default.py", line 630, in connect
    return self.loaded_dbapi.connect(*cargs, **cparams)  # type: ignore[no-any-return]  # NOQA: E501
           ~~~~~~~~~~~~~~~~~~~~~~~~~^^^^^^^^^^^^^^^^^^^
  File "C:\Users\jpesm\AppData\Local\Programs\Python\Python314\Lib\site-packages\psycopg2\__init__.py", line 135, in connect
    conn = _connect(dsn, connection_factory=connection_factory, **kwasync)
psycopg2.OperationalError: connection to server at "localhost" (::1), port 5432 failed: FATAL:  password authentication failed for user "postgres"


The above exception was the direct cause of the following exception:

Traceback (most recent call last):
  File "c:\Users\jpesm\Desktop\Data_Pipeline_Projetcs\Ingest_Trade_Logs.py", line 154, in parse_and_load
    inserted, skipped = bulk_upsert(df)
                        ~~~~~~~~~~~^^^^
  File "c:\Users\jpesm\Desktop\Data_Pipeline_Projetcs\Ingest_Trade_Logs.py", line 179, in bulk_upsert
    with engine.begin() as conn:
         ~~~~~~~~~~~~^^
  File "C:\Users\jpesm\AppData\Local\Programs\Python\Python314\Lib\contextlib.py", line 141, in __enter__
    return next(self.gen)
  File "C:\Users\jpesm\AppData\Local\Programs\Python\Python314\Lib\site-packages\sqlalchemy\engine\base.py", line 3257, in begin
    with self.connect() as conn:
         ~~~~~~~~~~~~^^
  File "C:\Users\jpesm\AppData\Local\Programs\Python\Python314\Lib\site-packages\sqlalchemy\engine\base.py", line 3293, in connect
    return self._connection_cls(self)
           ~~~~~~~~~~~~~~~~~~~~^^^^^^
  File "C:\Users\jpesm\AppData\Local\Programs\Python\Python314\Lib\site-packages\sqlalchemy\engine\base.py", line 145, in __init__
    Connection._handle_dbapi_exception_noconnection(
    ~~~~~~~~~~~~~~~~~~~~~~~~~~~~~~~~~~~~~~~~~~~~~~~^
        err, dialect, engine
        ^^^^^^^^^^^^^^^^^^^^
    )
    ^
  File "C:\Users\jpesm\AppData\Local\Programs\Python\Python314\Lib\site-packages\sqlalchemy\engine\base.py", line 2448, in _handle_dbapi_exception_noconnection
    raise sqlalchemy_exception.with_traceback(exc_info[2]) from e
  File "C:\Users\jpesm\AppData\Local\Programs\Python\Python314\Lib\site-packages\sqlalchemy\engine\base.py", line 143, in __init__
    self._dbapi_connection = engine.raw_connection()
                             ~~~~~~~~~~~~~~~~~~~~~^^
  File "C:\Users\jpesm\AppData\Local\Programs\Python\Python314\Lib\site-packages\sqlalchemy\engine\base.py", line 3317, in raw_connection
    return self.pool.connect()
           ~~~~~~~~~~~~~~~~~^^
  File "C:\Users\jpesm\AppData\Local\Programs\Python\Python314\Lib\site-packages\sqlalchemy\pool\base.py", line 448, in connect
    return _ConnectionFairy._checkout(self)
           ~~~~~~~~~~~~~~~~~~~~~~~~~~^^^^^^
  File "C:\Users\jpesm\AppData\Local\Programs\Python\Python314\Lib\site-packages\sqlalchemy\pool\base.py", line 1272, in _checkout
    fairy = _ConnectionRecord.checkout(pool)
  File "C:\Users\jpesm\AppData\Local\Programs\Python\Python314\Lib\site-packages\sqlalchemy\pool\base.py", line 712, in checkout
    rec = pool._do_get()
  File "C:\Users\jpesm\AppData\Local\Programs\Python\Python314\Lib\site-packages\sqlalchemy\pool\impl.py", line 177, in _do_get
    with util.safe_reraise():
         ~~~~~~~~~~~~~~~~~^^
  File "C:\Users\jpesm\AppData\Local\Programs\Python\Python314\Lib\site-packages\sqlalchemy\util\langhelpers.py", line 121, in __exit__
    raise exc_value.with_traceback(exc_tb)
  File "C:\Users\jpesm\AppData\Local\Programs\Python\Python314\Lib\site-packages\sqlalchemy\pool\impl.py", line 175, in _do_get
    return self._create_connection()
           ~~~~~~~~~~~~~~~~~~~~~~~^^
  File "C:\Users\jpesm\AppData\Local\Programs\Python\Python314\Lib\site-packages\sqlalchemy\pool\base.py", line 389, in _create_connection
    return _ConnectionRecord(self)
  File "C:\Users\jpesm\AppData\Local\Programs\Python\Python314\Lib\site-packages\sqlalchemy\pool\base.py", line 674, in __init__
    self.__connect()
    ~~~~~~~~~~~~~~^^
  File "C:\Users\jpesm\AppData\Local\Programs\Python\Python314\Lib\site-packages\sqlalchemy\pool\base.py", line 900, in __connect
    with util.safe_reraise():
         ~~~~~~~~~~~~~~~~~^^
  File "C:\Users\jpesm\AppData\Local\Programs\Python\Python314\Lib\site-packages\sqlalchemy\util\langhelpers.py", line 121, in __exit__
    raise exc_value.with_traceback(exc_tb)
  File "C:\Users\jpesm\AppData\Local\Programs\Python\Python314\Lib\site-packages\sqlalchemy\pool\base.py", line 896, in __connect
    self.dbapi_connection = connection = pool._invoke_creator(self)
                                         ~~~~~~~~~~~~~~~~~~~~^^^^^^
  File "C:\Users\jpesm\AppData\Local\Programs\Python\Python314\Lib\site-packages\sqlalchemy\engine\create.py", line 667, in connect
    return dialect.connect(*cargs_tup, **cparams)
           ~~~~~~~~~~~~~~~^^^^^^^^^^^^^^^^^^^^^^^
  File "C:\Users\jpesm\AppData\Local\Programs\Python\Python314\Lib\site-packages\sqlalchemy\engine\default.py", line 630, in connect
    return self.loaded_dbapi.connect(*cargs, **cparams)  # type: ignore[no-any-return]  # NOQA: E501
           ~~~~~~~~~~~~~~~~~~~~~~~~~^^^^^^^^^^^^^^^^^^^
  File "C:\Users\jpesm\AppData\Local\Programs\Python\Python314\Lib\site-packages\psycopg2\__init__.py", line 135, in connect
    conn = _connect(dsn, connection_factory=connection_factory, **kwasync)
sqlalchemy.exc.OperationalError: (psycopg2.OperationalError) connection to server at "localhost" (::1), port 5432 failed: FATAL:  password authentication failed for user "postgres"

(Background on this error at: https://sqlalche.me/e/20/e3q8)
2026-03-26 17:50:52,541 [INFO] Processing: TradeMonitor_Log_20260318.csv
2026-03-26 17:50:52,547 [INFO] Filtered 2 LOG_ROLL row(s) from TradeMonitor_Log_20260318.csv
2026-03-26 17:50:52,566 [ERROR] Failed to process TradeMonitor_Log_20260318.csv: (psycopg2.OperationalError) connection to server at "localhost" (::1), port 5432 failed: FATAL:  password authentication failed for user "postgres"

(Background on this error at: https://sqlalche.me/e/20/e3q8)
Traceback (most recent call last):
  File "C:\Users\jpesm\AppData\Local\Programs\Python\Python314\Lib\site-packages\sqlalchemy\engine\base.py", line 143, in __init__
    self._dbapi_connection = engine.raw_connection()
                             ~~~~~~~~~~~~~~~~~~~~~^^
  File "C:\Users\jpesm\AppData\Local\Programs\Python\Python314\Lib\site-packages\sqlalchemy\engine\base.py", line 3317, in raw_connection
    return self.pool.connect()
           ~~~~~~~~~~~~~~~~~^^
  File "C:\Users\jpesm\AppData\Local\Programs\Python\Python314\Lib\site-packages\sqlalchemy\pool\base.py", line 448, in connect
    return _ConnectionFairy._checkout(self)
           ~~~~~~~~~~~~~~~~~~~~~~~~~~^^^^^^
  File "C:\Users\jpesm\AppData\Local\Programs\Python\Python314\Lib\site-packages\sqlalchemy\pool\base.py", line 1272, in _checkout
    fairy = _ConnectionRecord.checkout(pool)
  File "C:\Users\jpesm\AppData\Local\Programs\Python\Python314\Lib\site-packages\sqlalchemy\pool\base.py", line 712, in checkout
    rec = pool._do_get()
  File "C:\Users\jpesm\AppData\Local\Programs\Python\Python314\Lib\site-packages\sqlalchemy\pool\impl.py", line 177, in _do_get
    with util.safe_reraise():
         ~~~~~~~~~~~~~~~~~^^
  File "C:\Users\jpesm\AppData\Local\Programs\Python\Python314\Lib\site-packages\sqlalchemy\util\langhelpers.py", line 121, in __exit__
    raise exc_value.with_traceback(exc_tb)
  File "C:\Users\jpesm\AppData\Local\Programs\Python\Python314\Lib\site-packages\sqlalchemy\pool\impl.py", line 175, in _do_get
    return self._create_connection()
           ~~~~~~~~~~~~~~~~~~~~~~~^^
  File "C:\Users\jpesm\AppData\Local\Programs\Python\Python314\Lib\site-packages\sqlalchemy\pool\base.py", line 389, in _create_connection
    return _ConnectionRecord(self)
  File "C:\Users\jpesm\AppData\Local\Programs\Python\Python314\Lib\site-packages\sqlalchemy\pool\base.py", line 674, in __init__
    self.__connect()
    ~~~~~~~~~~~~~~^^
  File "C:\Users\jpesm\AppData\Local\Programs\Python\Python314\Lib\site-packages\sqlalchemy\pool\base.py", line 900, in __connect
    with util.safe_reraise():
         ~~~~~~~~~~~~~~~~~^^
  File "C:\Users\jpesm\AppData\Local\Programs\Python\Python314\Lib\site-packages\sqlalchemy\util\langhelpers.py", line 121, in __exit__
    raise exc_value.with_traceback(exc_tb)
  File "C:\Users\jpesm\AppData\Local\Programs\Python\Python314\Lib\site-packages\sqlalchemy\pool\base.py", line 896, in __connect
    self.dbapi_connection = connection = pool._invoke_creator(self)
                                         ~~~~~~~~~~~~~~~~~~~~^^^^^^
  File "C:\Users\jpesm\AppData\Local\Programs\Python\Python314\Lib\site-packages\sqlalchemy\engine\create.py", line 667, in connect
    return dialect.connect(*cargs_tup, **cparams)
           ~~~~~~~~~~~~~~~^^^^^^^^^^^^^^^^^^^^^^^
  File "C:\Users\jpesm\AppData\Local\Programs\Python\Python314\Lib\site-packages\sqlalchemy\engine\default.py", line 630, in connect
    return self.loaded_dbapi.connect(*cargs, **cparams)  # type: ignore[no-any-return]  # NOQA: E501
           ~~~~~~~~~~~~~~~~~~~~~~~~~^^^^^^^^^^^^^^^^^^^
  File "C:\Users\jpesm\AppData\Local\Programs\Python\Python314\Lib\site-packages\psycopg2\__init__.py", line 135, in connect
    conn = _connect(dsn, connection_factory=connection_factory, **kwasync)
psycopg2.OperationalError: connection to server at "localhost" (::1), port 5432 failed: FATAL:  password authentication failed for user "postgres"


The above exception was the direct cause of the following exception:

Traceback (most recent call last):
  File "c:\Users\jpesm\Desktop\Data_Pipeline_Projetcs\Ingest_Trade_Logs.py", line 154, in parse_and_load
    inserted, skipped = bulk_upsert(df)
                        ~~~~~~~~~~~^^^^
  File "c:\Users\jpesm\Desktop\Data_Pipeline_Projetcs\Ingest_Trade_Logs.py", line 179, in bulk_upsert
    with engine.begin() as conn:
         ~~~~~~~~~~~~^^
  File "C:\Users\jpesm\AppData\Local\Programs\Python\Python314\Lib\contextlib.py", line 141, in __enter__
    return next(self.gen)
  File "C:\Users\jpesm\AppData\Local\Programs\Python\Python314\Lib\site-packages\sqlalchemy\engine\base.py", line 3257, in begin
    with self.connect() as conn:
         ~~~~~~~~~~~~^^
  File "C:\Users\jpesm\AppData\Local\Programs\Python\Python314\Lib\site-packages\sqlalchemy\engine\base.py", line 3293, in connect
    return self._connection_cls(self)
           ~~~~~~~~~~~~~~~~~~~~^^^^^^
  File "C:\Users\jpesm\AppData\Local\Programs\Python\Python314\Lib\site-packages\sqlalchemy\engine\base.py", line 145, in __init__
    Connection._handle_dbapi_exception_noconnection(
    ~~~~~~~~~~~~~~~~~~~~~~~~~~~~~~~~~~~~~~~~~~~~~~~^
        err, dialect, engine
        ^^^^^^^^^^^^^^^^^^^^
    )
    ^
  File "C:\Users\jpesm\AppData\Local\Programs\Python\Python314\Lib\site-packages\sqlalchemy\engine\base.py", line 2448, in _handle_dbapi_exception_noconnection
    raise sqlalchemy_exception.with_traceback(exc_info[2]) from e
  File "C:\Users\jpesm\AppData\Local\Programs\Python\Python314\Lib\site-packages\sqlalchemy\engine\base.py", line 143, in __init__
    self._dbapi_connection = engine.raw_connection()
                             ~~~~~~~~~~~~~~~~~~~~~^^
  File "C:\Users\jpesm\AppData\Local\Programs\Python\Python314\Lib\site-packages\sqlalchemy\engine\base.py", line 3317, in raw_connection
    return self.pool.connect()
           ~~~~~~~~~~~~~~~~~^^
  File "C:\Users\jpesm\AppData\Local\Programs\Python\Python314\Lib\site-packages\sqlalchemy\pool\base.py", line 448, in connect
    return _ConnectionFairy._checkout(self)
           ~~~~~~~~~~~~~~~~~~~~~~~~~~^^^^^^
  File "C:\Users\jpesm\AppData\Local\Programs\Python\Python314\Lib\site-packages\sqlalchemy\pool\base.py", line 1272, in _checkout
    fairy = _ConnectionRecord.checkout(pool)
  File "C:\Users\jpesm\AppData\Local\Programs\Python\Python314\Lib\site-packages\sqlalchemy\pool\base.py", line 712, in checkout
    rec = pool._do_get()
  File "C:\Users\jpesm\AppData\Local\Programs\Python\Python314\Lib\site-packages\sqlalchemy\pool\impl.py", line 177, in _do_get
    with util.safe_reraise():
         ~~~~~~~~~~~~~~~~~^^
  File "C:\Users\jpesm\AppData\Local\Programs\Python\Python314\Lib\site-packages\sqlalchemy\util\langhelpers.py", line 121, in __exit__
    raise exc_value.with_traceback(exc_tb)
  File "C:\Users\jpesm\AppData\Local\Programs\Python\Python314\Lib\site-packages\sqlalchemy\pool\impl.py", line 175, in _do_get
    return self._create_connection()
           ~~~~~~~~~~~~~~~~~~~~~~~^^
  File "C:\Users\jpesm\AppData\Local\Programs\Python\Python314\Lib\site-packages\sqlalchemy\pool\base.py", line 389, in _create_connection
    return _ConnectionRecord(self)
  File "C:\Users\jpesm\AppData\Local\Programs\Python\Python314\Lib\site-packages\sqlalchemy\pool\base.py", line 674, in __init__
    self.__connect()
    ~~~~~~~~~~~~~~^^
  File "C:\Users\jpesm\AppData\Local\Programs\Python\Python314\Lib\site-packages\sqlalchemy\pool\base.py", line 900, in __connect
    with util.safe_reraise():
         ~~~~~~~~~~~~~~~~~^^
  File "C:\Users\jpesm\AppData\Local\Programs\Python\Python314\Lib\site-packages\sqlalchemy\util\langhelpers.py", line 121, in __exit__
    raise exc_value.with_traceback(exc_tb)
  File "C:\Users\jpesm\AppData\Local\Programs\Python\Python314\Lib\site-packages\sqlalchemy\pool\base.py", line 896, in __connect
    self.dbapi_connection = connection = pool._invoke_creator(self)
                                         ~~~~~~~~~~~~~~~~~~~~^^^^^^
  File "C:\Users\jpesm\AppData\Local\Programs\Python\Python314\Lib\site-packages\sqlalchemy\engine\create.py", line 667, in connect
    return dialect.connect(*cargs_tup, **cparams)
           ~~~~~~~~~~~~~~~^^^^^^^^^^^^^^^^^^^^^^^
  File "C:\Users\jpesm\AppData\Local\Programs\Python\Python314\Lib\site-packages\sqlalchemy\engine\default.py", line 630, in connect
    return self.loaded_dbapi.connect(*cargs, **cparams)  # type: ignore[no-any-return]  # NOQA: E501
           ~~~~~~~~~~~~~~~~~~~~~~~~~^^^^^^^^^^^^^^^^^^^
  File "C:\Users\jpesm\AppData\Local\Programs\Python\Python314\Lib\site-packages\psycopg2\__init__.py", line 135, in connect
    conn = _connect(dsn, connection_factory=connection_factory, **kwasync)
sqlalchemy.exc.OperationalError: (psycopg2.OperationalError) connection to server at "localhost" (::1), port 5432 failed: FATAL:  password authentication failed for user "postgres"

(Background on this error at: https://sqlalche.me/e/20/e3q8)
2026-03-26 17:50:52,568 [INFO] Processing: TradeMonitor_Log_20260319.csv
2026-03-26 17:50:52,579 [INFO] Filtered 3 LOG_ROLL row(s) from TradeMonitor_Log_20260319.csv
2026-03-26 17:50:52,604 [ERROR] Failed to process TradeMonitor_Log_20260319.csv: (psycopg2.OperationalError) connection to server at "localhost" (::1), port 5432 failed: FATAL:  password authentication failed for user "postgres"

(Background on this error at: https://sqlalche.me/e/20/e3q8)
Traceback (most recent call last):
  File "C:\Users\jpesm\AppData\Local\Programs\Python\Python314\Lib\site-packages\sqlalchemy\engine\base.py", line 143, in __init__
    self._dbapi_connection = engine.raw_connection()
                             ~~~~~~~~~~~~~~~~~~~~~^^
  File "C:\Users\jpesm\AppData\Local\Programs\Python\Python314\Lib\site-packages\sqlalchemy\engine\base.py", line 3317, in raw_connection
    return self.pool.connect()
           ~~~~~~~~~~~~~~~~~^^
  File "C:\Users\jpesm\AppData\Local\Programs\Python\Python314\Lib\site-packages\sqlalchemy\pool\base.py", line 448, in connect
    return _ConnectionFairy._checkout(self)
           ~~~~~~~~~~~~~~~~~~~~~~~~~~^^^^^^
  File "C:\Users\jpesm\AppData\Local\Programs\Python\Python314\Lib\site-packages\sqlalchemy\pool\base.py", line 1272, in _checkout
    fairy = _ConnectionRecord.checkout(pool)
  File "C:\Users\jpesm\AppData\Local\Programs\Python\Python314\Lib\site-packages\sqlalchemy\pool\base.py", line 712, in checkout
    rec = pool._do_get()
  File "C:\Users\jpesm\AppData\Local\Programs\Python\Python314\Lib\site-packages\sqlalchemy\pool\impl.py", line 177, in _do_get
    with util.safe_reraise():
         ~~~~~~~~~~~~~~~~~^^
  File "C:\Users\jpesm\AppData\Local\Programs\Python\Python314\Lib\site-packages\sqlalchemy\util\langhelpers.py", line 121, in __exit__
    raise exc_value.with_traceback(exc_tb)
  File "C:\Users\jpesm\AppData\Local\Programs\Python\Python314\Lib\site-packages\sqlalchemy\pool\impl.py", line 175, in _do_get
    return self._create_connection()
           ~~~~~~~~~~~~~~~~~~~~~~~^^
  File "C:\Users\jpesm\AppData\Local\Programs\Python\Python314\Lib\site-packages\sqlalchemy\pool\base.py", line 389, in _create_connection
    return _ConnectionRecord(self)
  File "C:\Users\jpesm\AppData\Local\Programs\Python\Python314\Lib\site-packages\sqlalchemy\pool\base.py", line 674, in __init__
    self.__connect()
    ~~~~~~~~~~~~~~^^
  File "C:\Users\jpesm\AppData\Local\Programs\Python\Python314\Lib\site-packages\sqlalchemy\pool\base.py", line 900, in __connect
    with util.safe_reraise():
         ~~~~~~~~~~~~~~~~~^^
  File "C:\Users\jpesm\AppData\Local\Programs\Python\Python314\Lib\site-packages\sqlalchemy\util\langhelpers.py", line 121, in __exit__
    raise exc_value.with_traceback(exc_tb)
  File "C:\Users\jpesm\AppData\Local\Programs\Python\Python314\Lib\site-packages\sqlalchemy\pool\base.py", line 896, in __connect
    self.dbapi_connection = connection = pool._invoke_creator(self)
                                         ~~~~~~~~~~~~~~~~~~~~^^^^^^
  File "C:\Users\jpesm\AppData\Local\Programs\Python\Python314\Lib\site-packages\sqlalchemy\engine\create.py", line 667, in connect
    return dialect.connect(*cargs_tup, **cparams)
           ~~~~~~~~~~~~~~~^^^^^^^^^^^^^^^^^^^^^^^
  File "C:\Users\jpesm\AppData\Local\Programs\Python\Python314\Lib\site-packages\sqlalchemy\engine\default.py", line 630, in connect
    return self.loaded_dbapi.connect(*cargs, **cparams)  # type: ignore[no-any-return]  # NOQA: E501
           ~~~~~~~~~~~~~~~~~~~~~~~~~^^^^^^^^^^^^^^^^^^^
  File "C:\Users\jpesm\AppData\Local\Programs\Python\Python314\Lib\site-packages\psycopg2\__init__.py", line 135, in connect
    conn = _connect(dsn, connection_factory=connection_factory, **kwasync)
psycopg2.OperationalError: connection to server at "localhost" (::1), port 5432 failed: FATAL:  password authentication failed for user "postgres"


The above exception was the direct cause of the following exception:

Traceback (most recent call last):
  File "c:\Users\jpesm\Desktop\Data_Pipeline_Projetcs\Ingest_Trade_Logs.py", line 154, in parse_and_load
    inserted, skipped = bulk_upsert(df)
                        ~~~~~~~~~~~^^^^
  File "c:\Users\jpesm\Desktop\Data_Pipeline_Projetcs\Ingest_Trade_Logs.py", line 179, in bulk_upsert
    with engine.begin() as conn:
         ~~~~~~~~~~~~^^
  File "C:\Users\jpesm\AppData\Local\Programs\Python\Python314\Lib\contextlib.py", line 141, in __enter__
    return next(self.gen)
  File "C:\Users\jpesm\AppData\Local\Programs\Python\Python314\Lib\site-packages\sqlalchemy\engine\base.py", line 3257, in begin
    with self.connect() as conn:
         ~~~~~~~~~~~~^^
  File "C:\Users\jpesm\AppData\Local\Programs\Python\Python314\Lib\site-packages\sqlalchemy\engine\base.py", line 3293, in connect
    return self._connection_cls(self)
           ~~~~~~~~~~~~~~~~~~~~^^^^^^
  File "C:\Users\jpesm\AppData\Local\Programs\Python\Python314\Lib\site-packages\sqlalchemy\engine\base.py", line 145, in __init__
    Connection._handle_dbapi_exception_noconnection(
    ~~~~~~~~~~~~~~~~~~~~~~~~~~~~~~~~~~~~~~~~~~~~~~~^
        err, dialect, engine
        ^^^^^^^^^^^^^^^^^^^^
    )
    ^
  File "C:\Users\jpesm\AppData\Local\Programs\Python\Python314\Lib\site-packages\sqlalchemy\engine\base.py", line 2448, in _handle_dbapi_exception_noconnection
    raise sqlalchemy_exception.with_traceback(exc_info[2]) from e
  File "C:\Users\jpesm\AppData\Local\Programs\Python\Python314\Lib\site-packages\sqlalchemy\engine\base.py", line 143, in __init__
    self._dbapi_connection = engine.raw_connection()
                             ~~~~~~~~~~~~~~~~~~~~~^^
  File "C:\Users\jpesm\AppData\Local\Programs\Python\Python314\Lib\site-packages\sqlalchemy\engine\base.py", line 3317, in raw_connection
    return self.pool.connect()
           ~~~~~~~~~~~~~~~~~^^
  File "C:\Users\jpesm\AppData\Local\Programs\Python\Python314\Lib\site-packages\sqlalchemy\pool\base.py", line 448, in connect
    return _ConnectionFairy._checkout(self)
           ~~~~~~~~~~~~~~~~~~~~~~~~~~^^^^^^
  File "C:\Users\jpesm\AppData\Local\Programs\Python\Python314\Lib\site-packages\sqlalchemy\pool\base.py", line 1272, in _checkout
    fairy = _ConnectionRecord.checkout(pool)
  File "C:\Users\jpesm\AppData\Local\Programs\Python\Python314\Lib\site-packages\sqlalchemy\pool\base.py", line 712, in checkout
    rec = pool._do_get()
  File "C:\Users\jpesm\AppData\Local\Programs\Python\Python314\Lib\site-packages\sqlalchemy\pool\impl.py", line 177, in _do_get
    with util.safe_reraise():
         ~~~~~~~~~~~~~~~~~^^
  File "C:\Users\jpesm\AppData\Local\Programs\Python\Python314\Lib\site-packages\sqlalchemy\util\langhelpers.py", line 121, in __exit__
    raise exc_value.with_traceback(exc_tb)
  File "C:\Users\jpesm\AppData\Local\Programs\Python\Python314\Lib\site-packages\sqlalchemy\pool\impl.py", line 175, in _do_get
    return self._create_connection()
           ~~~~~~~~~~~~~~~~~~~~~~~^^
  File "C:\Users\jpesm\AppData\Local\Programs\Python\Python314\Lib\site-packages\sqlalchemy\pool\base.py", line 389, in _create_connection
    return _ConnectionRecord(self)
  File "C:\Users\jpesm\AppData\Local\Programs\Python\Python314\Lib\site-packages\sqlalchemy\pool\base.py", line 674, in __init__
    self.__connect()
    ~~~~~~~~~~~~~~^^
  File "C:\Users\jpesm\AppData\Local\Programs\Python\Python314\Lib\site-packages\sqlalchemy\pool\base.py", line 900, in __connect
    with util.safe_reraise():
         ~~~~~~~~~~~~~~~~~^^
  File "C:\Users\jpesm\AppData\Local\Programs\Python\Python314\Lib\site-packages\sqlalchemy\util\langhelpers.py", line 121, in __exit__
    raise exc_value.with_traceback(exc_tb)
  File "C:\Users\jpesm\AppData\Local\Programs\Python\Python314\Lib\site-packages\sqlalchemy\pool\base.py", line 896, in __connect
    self.dbapi_connection = connection = pool._invoke_creator(self)
                                         ~~~~~~~~~~~~~~~~~~~~^^^^^^
  File "C:\Users\jpesm\AppData\Local\Programs\Python\Python314\Lib\site-packages\sqlalchemy\engine\create.py", line 667, in connect
    return dialect.connect(*cargs_tup, **cparams)
           ~~~~~~~~~~~~~~~^^^^^^^^^^^^^^^^^^^^^^^
  File "C:\Users\jpesm\AppData\Local\Programs\Python\Python314\Lib\site-packages\sqlalchemy\engine\default.py", line 630, in connect
    return self.loaded_dbapi.connect(*cargs, **cparams)  # type: ignore[no-any-return]  # NOQA: E501
           ~~~~~~~~~~~~~~~~~~~~~~~~~^^^^^^^^^^^^^^^^^^^
  File "C:\Users\jpesm\AppData\Local\Programs\Python\Python314\Lib\site-packages\psycopg2\__init__.py", line 135, in connect
    conn = _connect(dsn, connection_factory=connection_factory, **kwasync)
sqlalchemy.exc.OperationalError: (psycopg2.OperationalError) connection to server at "localhost" (::1), port 5432 failed: FATAL:  password authentication failed for user "postgres"

(Background on this error at: https://sqlalche.me/e/20/e3q8)
2026-03-26 17:50:52,606 [INFO] Processing: TradeMonitor_Log_20260320.csv
2026-03-26 17:50:52,614 [INFO] Filtered 1 LOG_ROLL row(s) from TradeMonitor_Log_20260320.csv
2026-03-26 17:50:52,746 [ERROR] Failed to process TradeMonitor_Log_20260320.csv: (psycopg2.OperationalError) connection to server at "localhost" (::1), port 5432 failed: FATAL:  password authentication failed for user "postgres"

(Background on this error at: https://sqlalche.me/e/20/e3q8)
Traceback (most recent call last):
  File "C:\Users\jpesm\AppData\Local\Programs\Python\Python314\Lib\site-packages\sqlalchemy\engine\base.py", line 143, in __init__
    self._dbapi_connection = engine.raw_connection()
                             ~~~~~~~~~~~~~~~~~~~~~^^
  File "C:\Users\jpesm\AppData\Local\Programs\Python\Python314\Lib\site-packages\sqlalchemy\engine\base.py", line 3317, in raw_connection
    return self.pool.connect()
           ~~~~~~~~~~~~~~~~~^^
  File "C:\Users\jpesm\AppData\Local\Programs\Python\Python314\Lib\site-packages\sqlalchemy\pool\base.py", line 448, in connect
    return _ConnectionFairy._checkout(self)
           ~~~~~~~~~~~~~~~~~~~~~~~~~~^^^^^^
  File "C:\Users\jpesm\AppData\Local\Programs\Python\Python314\Lib\site-packages\sqlalchemy\pool\base.py", line 1272, in _checkout
    fairy = _ConnectionRecord.checkout(pool)
  File "C:\Users\jpesm\AppData\Local\Programs\Python\Python314\Lib\site-packages\sqlalchemy\pool\base.py", line 712, in checkout
    rec = pool._do_get()
  File "C:\Users\jpesm\AppData\Local\Programs\Python\Python314\Lib\site-packages\sqlalchemy\pool\impl.py", line 177, in _do_get
    with util.safe_reraise():
         ~~~~~~~~~~~~~~~~~^^
  File "C:\Users\jpesm\AppData\Local\Programs\Python\Python314\Lib\site-packages\sqlalchemy\util\langhelpers.py", line 121, in __exit__
    raise exc_value.with_traceback(exc_tb)
  File "C:\Users\jpesm\AppData\Local\Programs\Python\Python314\Lib\site-packages\sqlalchemy\pool\impl.py", line 175, in _do_get
    return self._create_connection()
           ~~~~~~~~~~~~~~~~~~~~~~~^^
  File "C:\Users\jpesm\AppData\Local\Programs\Python\Python314\Lib\site-packages\sqlalchemy\pool\base.py", line 389, in _create_connection
    return _ConnectionRecord(self)
  File "C:\Users\jpesm\AppData\Local\Programs\Python\Python314\Lib\site-packages\sqlalchemy\pool\base.py", line 674, in __init__
    self.__connect()
    ~~~~~~~~~~~~~~^^
  File "C:\Users\jpesm\AppData\Local\Programs\Python\Python314\Lib\site-packages\sqlalchemy\pool\base.py", line 900, in __connect
    with util.safe_reraise():
         ~~~~~~~~~~~~~~~~~^^
  File "C:\Users\jpesm\AppData\Local\Programs\Python\Python314\Lib\site-packages\sqlalchemy\util\langhelpers.py", line 121, in __exit__
    raise exc_value.with_traceback(exc_tb)
  File "C:\Users\jpesm\AppData\Local\Programs\Python\Python314\Lib\site-packages\sqlalchemy\pool\base.py", line 896, in __connect
    self.dbapi_connection = connection = pool._invoke_creator(self)
                                         ~~~~~~~~~~~~~~~~~~~~^^^^^^
  File "C:\Users\jpesm\AppData\Local\Programs\Python\Python314\Lib\site-packages\sqlalchemy\engine\create.py", line 667, in connect
    return dialect.connect(*cargs_tup, **cparams)
           ~~~~~~~~~~~~~~~^^^^^^^^^^^^^^^^^^^^^^^
  File "C:\Users\jpesm\AppData\Local\Programs\Python\Python314\Lib\site-packages\sqlalchemy\engine\default.py", line 630, in connect
    return self.loaded_dbapi.connect(*cargs, **cparams)  # type: ignore[no-any-return]  # NOQA: E501
           ~~~~~~~~~~~~~~~~~~~~~~~~~^^^^^^^^^^^^^^^^^^^
  File "C:\Users\jpesm\AppData\Local\Programs\Python\Python314\Lib\site-packages\psycopg2\__init__.py", line 135, in connect
    conn = _connect(dsn, connection_factory=connection_factory, **kwasync)
psycopg2.OperationalError: connection to server at "localhost" (::1), port 5432 failed: FATAL:  password authentication failed for user "postgres"


The above exception was the direct cause of the following exception:

Traceback (most recent call last):
  File "c:\Users\jpesm\Desktop\Data_Pipeline_Projetcs\Ingest_Trade_Logs.py", line 154, in parse_and_load
    inserted, skipped = bulk_upsert(df)
                        ~~~~~~~~~~~^^^^
  File "c:\Users\jpesm\Desktop\Data_Pipeline_Projetcs\Ingest_Trade_Logs.py", line 179, in bulk_upsert
    with engine.begin() as conn:
         ~~~~~~~~~~~~^^
  File "C:\Users\jpesm\AppData\Local\Programs\Python\Python314\Lib\contextlib.py", line 141, in __enter__
    return next(self.gen)
  File "C:\Users\jpesm\AppData\Local\Programs\Python\Python314\Lib\site-packages\sqlalchemy\engine\base.py", line 3257, in begin
    with self.connect() as conn:
         ~~~~~~~~~~~~^^
  File "C:\Users\jpesm\AppData\Local\Programs\Python\Python314\Lib\site-packages\sqlalchemy\engine\base.py", line 3293, in connect
    return self._connection_cls(self)
           ~~~~~~~~~~~~~~~~~~~~^^^^^^
  File "C:\Users\jpesm\AppData\Local\Programs\Python\Python314\Lib\site-packages\sqlalchemy\engine\base.py", line 145, in __init__
    Connection._handle_dbapi_exception_noconnection(
    ~~~~~~~~~~~~~~~~~~~~~~~~~~~~~~~~~~~~~~~~~~~~~~~^
        err, dialect, engine
        ^^^^^^^^^^^^^^^^^^^^
    )
    ^
  File "C:\Users\jpesm\AppData\Local\Programs\Python\Python314\Lib\site-packages\sqlalchemy\engine\base.py", line 2448, in _handle_dbapi_exception_noconnection
    raise sqlalchemy_exception.with_traceback(exc_info[2]) from e
  File "C:\Users\jpesm\AppData\Local\Programs\Python\Python314\Lib\site-packages\sqlalchemy\engine\base.py", line 143, in __init__
    self._dbapi_connection = engine.raw_connection()
                             ~~~~~~~~~~~~~~~~~~~~~^^
  File "C:\Users\jpesm\AppData\Local\Programs\Python\Python314\Lib\site-packages\sqlalchemy\engine\base.py", line 3317, in raw_connection
    return self.pool.connect()
           ~~~~~~~~~~~~~~~~~^^
  File "C:\Users\jpesm\AppData\Local\Programs\Python\Python314\Lib\site-packages\sqlalchemy\pool\base.py", line 448, in connect
    return _ConnectionFairy._checkout(self)
           ~~~~~~~~~~~~~~~~~~~~~~~~~~^^^^^^
  File "C:\Users\jpesm\AppData\Local\Programs\Python\Python314\Lib\site-packages\sqlalchemy\pool\base.py", line 1272, in _checkout
    fairy = _ConnectionRecord.checkout(pool)
  File "C:\Users\jpesm\AppData\Local\Programs\Python\Python314\Lib\site-packages\sqlalchemy\pool\base.py", line 712, in checkout
    rec = pool._do_get()
  File "C:\Users\jpesm\AppData\Local\Programs\Python\Python314\Lib\site-packages\sqlalchemy\pool\impl.py", line 177, in _do_get
    with util.safe_reraise():
         ~~~~~~~~~~~~~~~~~^^
  File "C:\Users\jpesm\AppData\Local\Programs\Python\Python314\Lib\site-packages\sqlalchemy\util\langhelpers.py", line 121, in __exit__
    raise exc_value.with_traceback(exc_tb)
  File "C:\Users\jpesm\AppData\Local\Programs\Python\Python314\Lib\site-packages\sqlalchemy\pool\impl.py", line 175, in _do_get
    return self._create_connection()
           ~~~~~~~~~~~~~~~~~~~~~~~^^
  File "C:\Users\jpesm\AppData\Local\Programs\Python\Python314\Lib\site-packages\sqlalchemy\pool\base.py", line 389, in _create_connection
    return _ConnectionRecord(self)
  File "C:\Users\jpesm\AppData\Local\Programs\Python\Python314\Lib\site-packages\sqlalchemy\pool\base.py", line 674, in __init__
    self.__connect()
    ~~~~~~~~~~~~~~^^
  File "C:\Users\jpesm\AppData\Local\Programs\Python\Python314\Lib\site-packages\sqlalchemy\pool\base.py", line 900, in __connect
    with util.safe_reraise():
         ~~~~~~~~~~~~~~~~~^^
  File "C:\Users\jpesm\AppData\Local\Programs\Python\Python314\Lib\site-packages\sqlalchemy\util\langhelpers.py", line 121, in __exit__
    raise exc_value.with_traceback(exc_tb)
  File "C:\Users\jpesm\AppData\Local\Programs\Python\Python314\Lib\site-packages\sqlalchemy\pool\base.py", line 896, in __connect
    self.dbapi_connection = connection = pool._invoke_creator(self)
                                         ~~~~~~~~~~~~~~~~~~~~^^^^^^
  File "C:\Users\jpesm\AppData\Local\Programs\Python\Python314\Lib\site-packages\sqlalchemy\engine\create.py", line 667, in connect
    return dialect.connect(*cargs_tup, **cparams)
           ~~~~~~~~~~~~~~~^^^^^^^^^^^^^^^^^^^^^^^
  File "C:\Users\jpesm\AppData\Local\Programs\Python\Python314\Lib\site-packages\sqlalchemy\engine\default.py", line 630, in connect
    return self.loaded_dbapi.connect(*cargs, **cparams)  # type: ignore[no-any-return]  # NOQA: E501
           ~~~~~~~~~~~~~~~~~~~~~~~~~^^^^^^^^^^^^^^^^^^^
  File "C:\Users\jpesm\AppData\Local\Programs\Python\Python314\Lib\site-packages\psycopg2\__init__.py", line 135, in connect
    conn = _connect(dsn, connection_factory=connection_factory, **kwasync)
sqlalchemy.exc.OperationalError: (psycopg2.OperationalError) connection to server at "localhost" (::1), port 5432 failed: FATAL:  password authentication failed for user "postgres"

(Background on this error at: https://sqlalche.me/e/20/e3q8)
2026-03-26 17:50:52,748 [INFO] Processing: TradeMonitor_Log_20260321.csv
2026-03-26 17:50:52,784 [ERROR] Failed to process TradeMonitor_Log_20260321.csv: (psycopg2.OperationalError) connection to server at "localhost" (::1), port 5432 failed: FATAL:  password authentication failed for user "postgres"

(Background on this error at: https://sqlalche.me/e/20/e3q8)
Traceback (most recent call last):
  File "C:\Users\jpesm\AppData\Local\Programs\Python\Python314\Lib\site-packages\sqlalchemy\engine\base.py", line 143, in __init__
    self._dbapi_connection = engine.raw_connection()
                             ~~~~~~~~~~~~~~~~~~~~~^^
  File "C:\Users\jpesm\AppData\Local\Programs\Python\Python314\Lib\site-packages\sqlalchemy\engine\base.py", line 3317, in raw_connection
    return self.pool.connect()
           ~~~~~~~~~~~~~~~~~^^
  File "C:\Users\jpesm\AppData\Local\Programs\Python\Python314\Lib\site-packages\sqlalchemy\pool\base.py", line 448, in connect
    return _ConnectionFairy._checkout(self)
           ~~~~~~~~~~~~~~~~~~~~~~~~~~^^^^^^
  File "C:\Users\jpesm\AppData\Local\Programs\Python\Python314\Lib\site-packages\sqlalchemy\pool\base.py", line 1272, in _checkout
    fairy = _ConnectionRecord.checkout(pool)
  File "C:\Users\jpesm\AppData\Local\Programs\Python\Python314\Lib\site-packages\sqlalchemy\pool\base.py", line 712, in checkout
    rec = pool._do_get()
  File "C:\Users\jpesm\AppData\Local\Programs\Python\Python314\Lib\site-packages\sqlalchemy\pool\impl.py", line 177, in _do_get
    with util.safe_reraise():
         ~~~~~~~~~~~~~~~~~^^
  File "C:\Users\jpesm\AppData\Local\Programs\Python\Python314\Lib\site-packages\sqlalchemy\util\langhelpers.py", line 121, in __exit__
    raise exc_value.with_traceback(exc_tb)
  File "C:\Users\jpesm\AppData\Local\Programs\Python\Python314\Lib\site-packages\sqlalchemy\pool\impl.py", line 175, in _do_get
    return self._create_connection()
           ~~~~~~~~~~~~~~~~~~~~~~~^^
  File "C:\Users\jpesm\AppData\Local\Programs\Python\Python314\Lib\site-packages\sqlalchemy\pool\base.py", line 389, in _create_connection
    return _ConnectionRecord(self)
  File "C:\Users\jpesm\AppData\Local\Programs\Python\Python314\Lib\site-packages\sqlalchemy\pool\base.py", line 674, in __init__
    self.__connect()
    ~~~~~~~~~~~~~~^^
  File "C:\Users\jpesm\AppData\Local\Programs\Python\Python314\Lib\site-packages\sqlalchemy\pool\base.py", line 900, in __connect
    with util.safe_reraise():
         ~~~~~~~~~~~~~~~~~^^
  File "C:\Users\jpesm\AppData\Local\Programs\Python\Python314\Lib\site-packages\sqlalchemy\util\langhelpers.py", line 121, in __exit__
    raise exc_value.with_traceback(exc_tb)
  File "C:\Users\jpesm\AppData\Local\Programs\Python\Python314\Lib\site-packages\sqlalchemy\pool\base.py", line 896, in __connect
    self.dbapi_connection = connection = pool._invoke_creator(self)
                                         ~~~~~~~~~~~~~~~~~~~~^^^^^^
  File "C:\Users\jpesm\AppData\Local\Programs\Python\Python314\Lib\site-packages\sqlalchemy\engine\create.py", line 667, in connect
    return dialect.connect(*cargs_tup, **cparams)
           ~~~~~~~~~~~~~~~^^^^^^^^^^^^^^^^^^^^^^^
  File "C:\Users\jpesm\AppData\Local\Programs\Python\Python314\Lib\site-packages\sqlalchemy\engine\default.py", line 630, in connect
    return self.loaded_dbapi.connect(*cargs, **cparams)  # type: ignore[no-any-return]  # NOQA: E501
           ~~~~~~~~~~~~~~~~~~~~~~~~~^^^^^^^^^^^^^^^^^^^
  File "C:\Users\jpesm\AppData\Local\Programs\Python\Python314\Lib\site-packages\psycopg2\__init__.py", line 135, in connect
    conn = _connect(dsn, connection_factory=connection_factory, **kwasync)
psycopg2.OperationalError: connection to server at "localhost" (::1), port 5432 failed: FATAL:  password authentication failed for user "postgres"


The above exception was the direct cause of the following exception:

Traceback (most recent call last):
  File "c:\Users\jpesm\Desktop\Data_Pipeline_Projetcs\Ingest_Trade_Logs.py", line 154, in parse_and_load
    inserted, skipped = bulk_upsert(df)
                        ~~~~~~~~~~~^^^^
  File "c:\Users\jpesm\Desktop\Data_Pipeline_Projetcs\Ingest_Trade_Logs.py", line 179, in bulk_upsert
    with engine.begin() as conn:
         ~~~~~~~~~~~~^^
  File "C:\Users\jpesm\AppData\Local\Programs\Python\Python314\Lib\contextlib.py", line 141, in __enter__
    return next(self.gen)
  File "C:\Users\jpesm\AppData\Local\Programs\Python\Python314\Lib\site-packages\sqlalchemy\engine\base.py", line 3257, in begin
    with self.connect() as conn:
         ~~~~~~~~~~~~^^
  File "C:\Users\jpesm\AppData\Local\Programs\Python\Python314\Lib\site-packages\sqlalchemy\engine\base.py", line 3293, in connect
    return self._connection_cls(self)
           ~~~~~~~~~~~~~~~~~~~~^^^^^^
  File "C:\Users\jpesm\AppData\Local\Programs\Python\Python314\Lib\site-packages\sqlalchemy\engine\base.py", line 145, in __init__
    Connection._handle_dbapi_exception_noconnection(
    ~~~~~~~~~~~~~~~~~~~~~~~~~~~~~~~~~~~~~~~~~~~~~~~^
        err, dialect, engine
        ^^^^^^^^^^^^^^^^^^^^
    )
    ^
  File "C:\Users\jpesm\AppData\Local\Programs\Python\Python314\Lib\site-packages\sqlalchemy\engine\base.py", line 2448, in _handle_dbapi_exception_noconnection
    raise sqlalchemy_exception.with_traceback(exc_info[2]) from e
  File "C:\Users\jpesm\AppData\Local\Programs\Python\Python314\Lib\site-packages\sqlalchemy\engine\base.py", line 143, in __init__
    self._dbapi_connection = engine.raw_connection()
                             ~~~~~~~~~~~~~~~~~~~~~^^
  File "C:\Users\jpesm\AppData\Local\Programs\Python\Python314\Lib\site-packages\sqlalchemy\engine\base.py", line 3317, in raw_connection
    return self.pool.connect()
           ~~~~~~~~~~~~~~~~~^^
  File "C:\Users\jpesm\AppData\Local\Programs\Python\Python314\Lib\site-packages\sqlalchemy\pool\base.py", line 448, in connect
    return _ConnectionFairy._checkout(self)
           ~~~~~~~~~~~~~~~~~~~~~~~~~~^^^^^^
  File "C:\Users\jpesm\AppData\Local\Programs\Python\Python314\Lib\site-packages\sqlalchemy\pool\base.py", line 1272, in _checkout
    fairy = _ConnectionRecord.checkout(pool)
  File "C:\Users\jpesm\AppData\Local\Programs\Python\Python314\Lib\site-packages\sqlalchemy\pool\base.py", line 712, in checkout
    rec = pool._do_get()
  File "C:\Users\jpesm\AppData\Local\Programs\Python\Python314\Lib\site-packages\sqlalchemy\pool\impl.py", line 177, in _do_get
    with util.safe_reraise():
         ~~~~~~~~~~~~~~~~~^^
  File "C:\Users\jpesm\AppData\Local\Programs\Python\Python314\Lib\site-packages\sqlalchemy\util\langhelpers.py", line 121, in __exit__
    raise exc_value.with_traceback(exc_tb)
  File "C:\Users\jpesm\AppData\Local\Programs\Python\Python314\Lib\site-packages\sqlalchemy\pool\impl.py", line 175, in _do_get
    return self._create_connection()
           ~~~~~~~~~~~~~~~~~~~~~~~^^
  File "C:\Users\jpesm\AppData\Local\Programs\Python\Python314\Lib\site-packages\sqlalchemy\pool\base.py", line 389, in _create_connection
    return _ConnectionRecord(self)
  File "C:\Users\jpesm\AppData\Local\Programs\Python\Python314\Lib\site-packages\sqlalchemy\pool\base.py", line 674, in __init__
    self.__connect()
    ~~~~~~~~~~~~~~^^
  File "C:\Users\jpesm\AppData\Local\Programs\Python\Python314\Lib\site-packages\sqlalchemy\pool\base.py", line 900, in __connect
    with util.safe_reraise():
         ~~~~~~~~~~~~~~~~~^^
  File "C:\Users\jpesm\AppData\Local\Programs\Python\Python314\Lib\site-packages\sqlalchemy\util\langhelpers.py", line 121, in __exit__
    raise exc_value.with_traceback(exc_tb)
  File "C:\Users\jpesm\AppData\Local\Programs\Python\Python314\Lib\site-packages\sqlalchemy\pool\base.py", line 896, in __connect
    self.dbapi_connection = connection = pool._invoke_creator(self)
                                         ~~~~~~~~~~~~~~~~~~~~^^^^^^
  File "C:\Users\jpesm\AppData\Local\Programs\Python\Python314\Lib\site-packages\sqlalchemy\engine\create.py", line 667, in connect
    return dialect.connect(*cargs_tup, **cparams)
           ~~~~~~~~~~~~~~~^^^^^^^^^^^^^^^^^^^^^^^
  File "C:\Users\jpesm\AppData\Local\Programs\Python\Python314\Lib\site-packages\sqlalchemy\engine\default.py", line 630, in connect
    return self.loaded_dbapi.connect(*cargs, **cparams)  # type: ignore[no-any-return]  # NOQA: E501
           ~~~~~~~~~~~~~~~~~~~~~~~~~^^^^^^^^^^^^^^^^^^^
  File "C:\Users\jpesm\AppData\Local\Programs\Python\Python314\Lib\site-packages\psycopg2\__init__.py", line 135, in connect
    conn = _connect(dsn, connection_factory=connection_factory, **kwasync)
sqlalchemy.exc.OperationalError: (psycopg2.OperationalError) connection to server at "localhost" (::1), port 5432 failed: FATAL:  password authentication failed for user "postgres"

(Background on this error at: https://sqlalche.me/e/20/e3q8)
2026-03-26 17:50:52,787 [INFO] Processing: TradeMonitor_Log_20260322.csv
2026-03-26 17:50:52,792 [INFO] Filtered 3 LOG_ROLL row(s) from TradeMonitor_Log_20260322.csv
2026-03-26 17:50:52,917 [ERROR] Failed to process TradeMonitor_Log_20260322.csv: (psycopg2.OperationalError) connection to server at "localhost" (::1), port 5432 failed: FATAL:  password authentication failed for user "postgres"

(Background on this error at: https://sqlalche.me/e/20/e3q8)
Traceback (most recent call last):
  File "C:\Users\jpesm\AppData\Local\Programs\Python\Python314\Lib\site-packages\sqlalchemy\engine\base.py", line 143, in __init__
    self._dbapi_connection = engine.raw_connection()
                             ~~~~~~~~~~~~~~~~~~~~~^^
  File "C:\Users\jpesm\AppData\Local\Programs\Python\Python314\Lib\site-packages\sqlalchemy\engine\base.py", line 3317, in raw_connection
    return self.pool.connect()
           ~~~~~~~~~~~~~~~~~^^
  File "C:\Users\jpesm\AppData\Local\Programs\Python\Python314\Lib\site-packages\sqlalchemy\pool\base.py", line 448, in connect
    return _ConnectionFairy._checkout(self)
           ~~~~~~~~~~~~~~~~~~~~~~~~~~^^^^^^
  File "C:\Users\jpesm\AppData\Local\Programs\Python\Python314\Lib\site-packages\sqlalchemy\pool\base.py", line 1272, in _checkout
    fairy = _ConnectionRecord.checkout(pool)
  File "C:\Users\jpesm\AppData\Local\Programs\Python\Python314\Lib\site-packages\sqlalchemy\pool\base.py", line 712, in checkout
    rec = pool._do_get()
  File "C:\Users\jpesm\AppData\Local\Programs\Python\Python314\Lib\site-packages\sqlalchemy\pool\impl.py", line 177, in _do_get
    with util.safe_reraise():
         ~~~~~~~~~~~~~~~~~^^
  File "C:\Users\jpesm\AppData\Local\Programs\Python\Python314\Lib\site-packages\sqlalchemy\util\langhelpers.py", line 121, in __exit__
    raise exc_value.with_traceback(exc_tb)
  File "C:\Users\jpesm\AppData\Local\Programs\Python\Python314\Lib\site-packages\sqlalchemy\pool\impl.py", line 175, in _do_get
    return self._create_connection()
           ~~~~~~~~~~~~~~~~~~~~~~~^^
  File "C:\Users\jpesm\AppData\Local\Programs\Python\Python314\Lib\site-packages\sqlalchemy\pool\base.py", line 389, in _create_connection
    return _ConnectionRecord(self)
  File "C:\Users\jpesm\AppData\Local\Programs\Python\Python314\Lib\site-packages\sqlalchemy\pool\base.py", line 674, in __init__
    self.__connect()
    ~~~~~~~~~~~~~~^^
  File "C:\Users\jpesm\AppData\Local\Programs\Python\Python314\Lib\site-packages\sqlalchemy\pool\base.py", line 900, in __connect
    with util.safe_reraise():
         ~~~~~~~~~~~~~~~~~^^
  File "C:\Users\jpesm\AppData\Local\Programs\Python\Python314\Lib\site-packages\sqlalchemy\util\langhelpers.py", line 121, in __exit__
    raise exc_value.with_traceback(exc_tb)
  File "C:\Users\jpesm\AppData\Local\Programs\Python\Python314\Lib\site-packages\sqlalchemy\pool\base.py", line 896, in __connect
    self.dbapi_connection = connection = pool._invoke_creator(self)
                                         ~~~~~~~~~~~~~~~~~~~~^^^^^^
  File "C:\Users\jpesm\AppData\Local\Programs\Python\Python314\Lib\site-packages\sqlalchemy\engine\create.py", line 667, in connect
    return dialect.connect(*cargs_tup, **cparams)
           ~~~~~~~~~~~~~~~^^^^^^^^^^^^^^^^^^^^^^^
  File "C:\Users\jpesm\AppData\Local\Programs\Python\Python314\Lib\site-packages\sqlalchemy\engine\default.py", line 630, in connect
    return self.loaded_dbapi.connect(*cargs, **cparams)  # type: ignore[no-any-return]  # NOQA: E501
           ~~~~~~~~~~~~~~~~~~~~~~~~~^^^^^^^^^^^^^^^^^^^
  File "C:\Users\jpesm\AppData\Local\Programs\Python\Python314\Lib\site-packages\psycopg2\__init__.py", line 135, in connect
    conn = _connect(dsn, connection_factory=connection_factory, **kwasync)
psycopg2.OperationalError: connection to server at "localhost" (::1), port 5432 failed: FATAL:  password authentication failed for user "postgres"


The above exception was the direct cause of the following exception:

Traceback (most recent call last):
  File "c:\Users\jpesm\Desktop\Data_Pipeline_Projetcs\Ingest_Trade_Logs.py", line 154, in parse_and_load
    inserted, skipped = bulk_upsert(df)
                        ~~~~~~~~~~~^^^^
  File "c:\Users\jpesm\Desktop\Data_Pipeline_Projetcs\Ingest_Trade_Logs.py", line 179, in bulk_upsert
    with engine.begin() as conn:
         ~~~~~~~~~~~~^^
  File "C:\Users\jpesm\AppData\Local\Programs\Python\Python314\Lib\contextlib.py", line 141, in __enter__
    return next(self.gen)
  File "C:\Users\jpesm\AppData\Local\Programs\Python\Python314\Lib\site-packages\sqlalchemy\engine\base.py", line 3257, in begin
    with self.connect() as conn:
         ~~~~~~~~~~~~^^
  File "C:\Users\jpesm\AppData\Local\Programs\Python\Python314\Lib\site-packages\sqlalchemy\engine\base.py", line 3293, in connect
    return self._connection_cls(self)
           ~~~~~~~~~~~~~~~~~~~~^^^^^^
  File "C:\Users\jpesm\AppData\Local\Programs\Python\Python314\Lib\site-packages\sqlalchemy\engine\base.py", line 145, in __init__
    Connection._handle_dbapi_exception_noconnection(
    ~~~~~~~~~~~~~~~~~~~~~~~~~~~~~~~~~~~~~~~~~~~~~~~^
        err, dialect, engine
        ^^^^^^^^^^^^^^^^^^^^
    )
    ^
  File "C:\Users\jpesm\AppData\Local\Programs\Python\Python314\Lib\site-packages\sqlalchemy\engine\base.py", line 2448, in _handle_dbapi_exception_noconnection
    raise sqlalchemy_exception.with_traceback(exc_info[2]) from e
  File "C:\Users\jpesm\AppData\Local\Programs\Python\Python314\Lib\site-packages\sqlalchemy\engine\base.py", line 143, in __init__
    self._dbapi_connection = engine.raw_connection()
                             ~~~~~~~~~~~~~~~~~~~~~^^
  File "C:\Users\jpesm\AppData\Local\Programs\Python\Python314\Lib\site-packages\sqlalchemy\engine\base.py", line 3317, in raw_connection
    return self.pool.connect()
           ~~~~~~~~~~~~~~~~~^^
  File "C:\Users\jpesm\AppData\Local\Programs\Python\Python314\Lib\site-packages\sqlalchemy\pool\base.py", line 448, in connect
    return _ConnectionFairy._checkout(self)
           ~~~~~~~~~~~~~~~~~~~~~~~~~~^^^^^^
  File "C:\Users\jpesm\AppData\Local\Programs\Python\Python314\Lib\site-packages\sqlalchemy\pool\base.py", line 1272, in _checkout
    fairy = _ConnectionRecord.checkout(pool)
  File "C:\Users\jpesm\AppData\Local\Programs\Python\Python314\Lib\site-packages\sqlalchemy\pool\base.py", line 712, in checkout
    rec = pool._do_get()
  File "C:\Users\jpesm\AppData\Local\Programs\Python\Python314\Lib\site-packages\sqlalchemy\pool\impl.py", line 177, in _do_get
    with util.safe_reraise():
         ~~~~~~~~~~~~~~~~~^^
  File "C:\Users\jpesm\AppData\Local\Programs\Python\Python314\Lib\site-packages\sqlalchemy\util\langhelpers.py", line 121, in __exit__
    raise exc_value.with_traceback(exc_tb)
  File "C:\Users\jpesm\AppData\Local\Programs\Python\Python314\Lib\site-packages\sqlalchemy\pool\impl.py", line 175, in _do_get
    return self._create_connection()
           ~~~~~~~~~~~~~~~~~~~~~~~^^
  File "C:\Users\jpesm\AppData\Local\Programs\Python\Python314\Lib\site-packages\sqlalchemy\pool\base.py", line 389, in _create_connection
    return _ConnectionRecord(self)
  File "C:\Users\jpesm\AppData\Local\Programs\Python\Python314\Lib\site-packages\sqlalchemy\pool\base.py", line 674, in __init__
    self.__connect()
    ~~~~~~~~~~~~~~^^
  File "C:\Users\jpesm\AppData\Local\Programs\Python\Python314\Lib\site-packages\sqlalchemy\pool\base.py", line 900, in __connect
    with util.safe_reraise():
         ~~~~~~~~~~~~~~~~~^^
  File "C:\Users\jpesm\AppData\Local\Programs\Python\Python314\Lib\site-packages\sqlalchemy\util\langhelpers.py", line 121, in __exit__
    raise exc_value.with_traceback(exc_tb)
  File "C:\Users\jpesm\AppData\Local\Programs\Python\Python314\Lib\site-packages\sqlalchemy\pool\base.py", line 896, in __connect
    self.dbapi_connection = connection = pool._invoke_creator(self)
                                         ~~~~~~~~~~~~~~~~~~~~^^^^^^
  File "C:\Users\jpesm\AppData\Local\Programs\Python\Python314\Lib\site-packages\sqlalchemy\engine\create.py", line 667, in connect
    return dialect.connect(*cargs_tup, **cparams)
           ~~~~~~~~~~~~~~~^^^^^^^^^^^^^^^^^^^^^^^
  File "C:\Users\jpesm\AppData\Local\Programs\Python\Python314\Lib\site-packages\sqlalchemy\engine\default.py", line 630, in connect
    return self.loaded_dbapi.connect(*cargs, **cparams)  # type: ignore[no-any-return]  # NOQA: E501
           ~~~~~~~~~~~~~~~~~~~~~~~~~^^^^^^^^^^^^^^^^^^^
  File "C:\Users\jpesm\AppData\Local\Programs\Python\Python314\Lib\site-packages\psycopg2\__init__.py", line 135, in connect
    conn = _connect(dsn, connection_factory=connection_factory, **kwasync)
sqlalchemy.exc.OperationalError: (psycopg2.OperationalError) connection to server at "localhost" (::1), port 5432 failed: FATAL:  password authentication failed for user "postgres"

(Background on this error at: https://sqlalche.me/e/20/e3q8)
2026-03-26 17:50:52,919 [INFO] Processing: TradeMonitor_Log_20260323.csv
2026-03-26 17:50:52,927 [INFO] Filtered 1 LOG_ROLL row(s) from TradeMonitor_Log_20260323.csv
2026-03-26 17:50:52,956 [ERROR] Failed to process TradeMonitor_Log_20260323.csv: (psycopg2.OperationalError) connection to server at "localhost" (::1), port 5432 failed: FATAL:  password authentication failed for user "postgres"

(Background on this error at: https://sqlalche.me/e/20/e3q8)
Traceback (most recent call last):
  File "C:\Users\jpesm\AppData\Local\Programs\Python\Python314\Lib\site-packages\sqlalchemy\engine\base.py", line 143, in __init__
    self._dbapi_connection = engine.raw_connection()
                             ~~~~~~~~~~~~~~~~~~~~~^^
  File "C:\Users\jpesm\AppData\Local\Programs\Python\Python314\Lib\site-packages\sqlalchemy\engine\base.py", line 3317, in raw_connection
    return self.pool.connect()
           ~~~~~~~~~~~~~~~~~^^
  File "C:\Users\jpesm\AppData\Local\Programs\Python\Python314\Lib\site-packages\sqlalchemy\pool\base.py", line 448, in connect
    return _ConnectionFairy._checkout(self)
           ~~~~~~~~~~~~~~~~~~~~~~~~~~^^^^^^
  File "C:\Users\jpesm\AppData\Local\Programs\Python\Python314\Lib\site-packages\sqlalchemy\pool\base.py", line 1272, in _checkout
    fairy = _ConnectionRecord.checkout(pool)
  File "C:\Users\jpesm\AppData\Local\Programs\Python\Python314\Lib\site-packages\sqlalchemy\pool\base.py", line 712, in checkout
    rec = pool._do_get()
  File "C:\Users\jpesm\AppData\Local\Programs\Python\Python314\Lib\site-packages\sqlalchemy\pool\impl.py", line 177, in _do_get
    with util.safe_reraise():
         ~~~~~~~~~~~~~~~~~^^
  File "C:\Users\jpesm\AppData\Local\Programs\Python\Python314\Lib\site-packages\sqlalchemy\util\langhelpers.py", line 121, in __exit__
    raise exc_value.with_traceback(exc_tb)
  File "C:\Users\jpesm\AppData\Local\Programs\Python\Python314\Lib\site-packages\sqlalchemy\pool\impl.py", line 175, in _do_get
    return self._create_connection()
           ~~~~~~~~~~~~~~~~~~~~~~~^^
  File "C:\Users\jpesm\AppData\Local\Programs\Python\Python314\Lib\site-packages\sqlalchemy\pool\base.py", line 389, in _create_connection
    return _ConnectionRecord(self)
  File "C:\Users\jpesm\AppData\Local\Programs\Python\Python314\Lib\site-packages\sqlalchemy\pool\base.py", line 674, in __init__
    self.__connect()
    ~~~~~~~~~~~~~~^^
  File "C:\Users\jpesm\AppData\Local\Programs\Python\Python314\Lib\site-packages\sqlalchemy\pool\base.py", line 900, in __connect
    with util.safe_reraise():
         ~~~~~~~~~~~~~~~~~^^
  File "C:\Users\jpesm\AppData\Local\Programs\Python\Python314\Lib\site-packages\sqlalchemy\util\langhelpers.py", line 121, in __exit__
    raise exc_value.with_traceback(exc_tb)
  File "C:\Users\jpesm\AppData\Local\Programs\Python\Python314\Lib\site-packages\sqlalchemy\pool\base.py", line 896, in __connect
    self.dbapi_connection = connection = pool._invoke_creator(self)
                                         ~~~~~~~~~~~~~~~~~~~~^^^^^^
  File "C:\Users\jpesm\AppData\Local\Programs\Python\Python314\Lib\site-packages\sqlalchemy\engine\create.py", line 667, in connect
    return dialect.connect(*cargs_tup, **cparams)
           ~~~~~~~~~~~~~~~^^^^^^^^^^^^^^^^^^^^^^^
  File "C:\Users\jpesm\AppData\Local\Programs\Python\Python314\Lib\site-packages\sqlalchemy\engine\default.py", line 630, in connect
    return self.loaded_dbapi.connect(*cargs, **cparams)  # type: ignore[no-any-return]  # NOQA: E501
           ~~~~~~~~~~~~~~~~~~~~~~~~~^^^^^^^^^^^^^^^^^^^
  File "C:\Users\jpesm\AppData\Local\Programs\Python\Python314\Lib\site-packages\psycopg2\__init__.py", line 135, in connect
    conn = _connect(dsn, connection_factory=connection_factory, **kwasync)
psycopg2.OperationalError: connection to server at "localhost" (::1), port 5432 failed: FATAL:  password authentication failed for user "postgres"


The above exception was the direct cause of the following exception:

Traceback (most recent call last):
  File "c:\Users\jpesm\Desktop\Data_Pipeline_Projetcs\Ingest_Trade_Logs.py", line 154, in parse_and_load
    inserted, skipped = bulk_upsert(df)
                        ~~~~~~~~~~~^^^^
  File "c:\Users\jpesm\Desktop\Data_Pipeline_Projetcs\Ingest_Trade_Logs.py", line 179, in bulk_upsert
    with engine.begin() as conn:
         ~~~~~~~~~~~~^^
  File "C:\Users\jpesm\AppData\Local\Programs\Python\Python314\Lib\contextlib.py", line 141, in __enter__
    return next(self.gen)
  File "C:\Users\jpesm\AppData\Local\Programs\Python\Python314\Lib\site-packages\sqlalchemy\engine\base.py", line 3257, in begin
    with self.connect() as conn:
         ~~~~~~~~~~~~^^
  File "C:\Users\jpesm\AppData\Local\Programs\Python\Python314\Lib\site-packages\sqlalchemy\engine\base.py", line 3293, in connect
    return self._connection_cls(self)
           ~~~~~~~~~~~~~~~~~~~~^^^^^^
  File "C:\Users\jpesm\AppData\Local\Programs\Python\Python314\Lib\site-packages\sqlalchemy\engine\base.py", line 145, in __init__
    Connection._handle_dbapi_exception_noconnection(
    ~~~~~~~~~~~~~~~~~~~~~~~~~~~~~~~~~~~~~~~~~~~~~~~^
        err, dialect, engine
        ^^^^^^^^^^^^^^^^^^^^
    )
    ^
  File "C:\Users\jpesm\AppData\Local\Programs\Python\Python314\Lib\site-packages\sqlalchemy\engine\base.py", line 2448, in _handle_dbapi_exception_noconnection
    raise sqlalchemy_exception.with_traceback(exc_info[2]) from e
  File "C:\Users\jpesm\AppData\Local\Programs\Python\Python314\Lib\site-packages\sqlalchemy\engine\base.py", line 143, in __init__
    self._dbapi_connection = engine.raw_connection()
                             ~~~~~~~~~~~~~~~~~~~~~^^
  File "C:\Users\jpesm\AppData\Local\Programs\Python\Python314\Lib\site-packages\sqlalchemy\engine\base.py", line 3317, in raw_connection
    return self.pool.connect()
           ~~~~~~~~~~~~~~~~~^^
  File "C:\Users\jpesm\AppData\Local\Programs\Python\Python314\Lib\site-packages\sqlalchemy\pool\base.py", line 448, in connect
    return _ConnectionFairy._checkout(self)
           ~~~~~~~~~~~~~~~~~~~~~~~~~~^^^^^^
  File "C:\Users\jpesm\AppData\Local\Programs\Python\Python314\Lib\site-packages\sqlalchemy\pool\base.py", line 1272, in _checkout
    fairy = _ConnectionRecord.checkout(pool)
  File "C:\Users\jpesm\AppData\Local\Programs\Python\Python314\Lib\site-packages\sqlalchemy\pool\base.py", line 712, in checkout
    rec = pool._do_get()
  File "C:\Users\jpesm\AppData\Local\Programs\Python\Python314\Lib\site-packages\sqlalchemy\pool\impl.py", line 177, in _do_get
    with util.safe_reraise():
         ~~~~~~~~~~~~~~~~~^^
  File "C:\Users\jpesm\AppData\Local\Programs\Python\Python314\Lib\site-packages\sqlalchemy\util\langhelpers.py", line 121, in __exit__
    raise exc_value.with_traceback(exc_tb)
  File "C:\Users\jpesm\AppData\Local\Programs\Python\Python314\Lib\site-packages\sqlalchemy\pool\impl.py", line 175, in _do_get
    return self._create_connection()
           ~~~~~~~~~~~~~~~~~~~~~~~^^
  File "C:\Users\jpesm\AppData\Local\Programs\Python\Python314\Lib\site-packages\sqlalchemy\pool\base.py", line 389, in _create_connection
    return _ConnectionRecord(self)
  File "C:\Users\jpesm\AppData\Local\Programs\Python\Python314\Lib\site-packages\sqlalchemy\pool\base.py", line 674, in __init__
    self.__connect()
    ~~~~~~~~~~~~~~^^
  File "C:\Users\jpesm\AppData\Local\Programs\Python\Python314\Lib\site-packages\sqlalchemy\pool\base.py", line 900, in __connect
    with util.safe_reraise():
         ~~~~~~~~~~~~~~~~~^^
  File "C:\Users\jpesm\AppData\Local\Programs\Python\Python314\Lib\site-packages\sqlalchemy\util\langhelpers.py", line 121, in __exit__
    raise exc_value.with_traceback(exc_tb)
  File "C:\Users\jpesm\AppData\Local\Programs\Python\Python314\Lib\site-packages\sqlalchemy\pool\base.py", line 896, in __connect
    self.dbapi_connection = connection = pool._invoke_creator(self)
                                         ~~~~~~~~~~~~~~~~~~~~^^^^^^
  File "C:\Users\jpesm\AppData\Local\Programs\Python\Python314\Lib\site-packages\sqlalchemy\engine\create.py", line 667, in connect
    return dialect.connect(*cargs_tup, **cparams)
           ~~~~~~~~~~~~~~~^^^^^^^^^^^^^^^^^^^^^^^
  File "C:\Users\jpesm\AppData\Local\Programs\Python\Python314\Lib\site-packages\sqlalchemy\engine\default.py", line 630, in connect
    return self.loaded_dbapi.connect(*cargs, **cparams)  # type: ignore[no-any-return]  # NOQA: E501
           ~~~~~~~~~~~~~~~~~~~~~~~~~^^^^^^^^^^^^^^^^^^^
  File "C:\Users\jpesm\AppData\Local\Programs\Python\Python314\Lib\site-packages\psycopg2\__init__.py", line 135, in connect
    conn = _connect(dsn, connection_factory=connection_factory, **kwasync)
sqlalchemy.exc.OperationalError: (psycopg2.OperationalError) connection to server at "localhost" (::1), port 5432 failed: FATAL:  password authentication failed for user "postgres"

(Background on this error at: https://sqlalche.me/e/20/e3q8)
2026-03-26 17:50:52,958 [INFO] Processing: TradeMonitor_Log_20260324.csv
2026-03-26 17:50:52,965 [INFO] Filtered 2 LOG_ROLL row(s) from TradeMonitor_Log_20260324.csv
2026-03-26 17:50:52,987 [ERROR] Failed to process TradeMonitor_Log_20260324.csv: (psycopg2.OperationalError) connection to server at "localhost" (::1), port 5432 failed: FATAL:  password authentication failed for user "postgres"

(Background on this error at: https://sqlalche.me/e/20/e3q8)
Traceback (most recent call last):
  File "C:\Users\jpesm\AppData\Local\Programs\Python\Python314\Lib\site-packages\sqlalchemy\engine\base.py", line 143, in __init__
    self._dbapi_connection = engine.raw_connection()
                             ~~~~~~~~~~~~~~~~~~~~~^^
  File "C:\Users\jpesm\AppData\Local\Programs\Python\Python314\Lib\site-packages\sqlalchemy\engine\base.py", line 3317, in raw_connection
    return self.pool.connect()
           ~~~~~~~~~~~~~~~~~^^
  File "C:\Users\jpesm\AppData\Local\Programs\Python\Python314\Lib\site-packages\sqlalchemy\pool\base.py", line 448, in connect
    return _ConnectionFairy._checkout(self)
           ~~~~~~~~~~~~~~~~~~~~~~~~~~^^^^^^
  File "C:\Users\jpesm\AppData\Local\Programs\Python\Python314\Lib\site-packages\sqlalchemy\pool\base.py", line 1272, in _checkout
    fairy = _ConnectionRecord.checkout(pool)
  File "C:\Users\jpesm\AppData\Local\Programs\Python\Python314\Lib\site-packages\sqlalchemy\pool\base.py", line 712, in checkout
    rec = pool._do_get()
  File "C:\Users\jpesm\AppData\Local\Programs\Python\Python314\Lib\site-packages\sqlalchemy\pool\impl.py", line 177, in _do_get
    with util.safe_reraise():
         ~~~~~~~~~~~~~~~~~^^
  File "C:\Users\jpesm\AppData\Local\Programs\Python\Python314\Lib\site-packages\sqlalchemy\util\langhelpers.py", line 121, in __exit__
    raise exc_value.with_traceback(exc_tb)
  File "C:\Users\jpesm\AppData\Local\Programs\Python\Python314\Lib\site-packages\sqlalchemy\pool\impl.py", line 175, in _do_get
    return self._create_connection()
           ~~~~~~~~~~~~~~~~~~~~~~~^^
  File "C:\Users\jpesm\AppData\Local\Programs\Python\Python314\Lib\site-packages\sqlalchemy\pool\base.py", line 389, in _create_connection
    return _ConnectionRecord(self)
  File "C:\Users\jpesm\AppData\Local\Programs\Python\Python314\Lib\site-packages\sqlalchemy\pool\base.py", line 674, in __init__
    self.__connect()
    ~~~~~~~~~~~~~~^^
  File "C:\Users\jpesm\AppData\Local\Programs\Python\Python314\Lib\site-packages\sqlalchemy\pool\base.py", line 900, in __connect
    with util.safe_reraise():
         ~~~~~~~~~~~~~~~~~^^
  File "C:\Users\jpesm\AppData\Local\Programs\Python\Python314\Lib\site-packages\sqlalchemy\util\langhelpers.py", line 121, in __exit__
    raise exc_value.with_traceback(exc_tb)
  File "C:\Users\jpesm\AppData\Local\Programs\Python\Python314\Lib\site-packages\sqlalchemy\pool\base.py", line 896, in __connect
    self.dbapi_connection = connection = pool._invoke_creator(self)
                                         ~~~~~~~~~~~~~~~~~~~~^^^^^^
  File "C:\Users\jpesm\AppData\Local\Programs\Python\Python314\Lib\site-packages\sqlalchemy\engine\create.py", line 667, in connect
    return dialect.connect(*cargs_tup, **cparams)
           ~~~~~~~~~~~~~~~^^^^^^^^^^^^^^^^^^^^^^^
  File "C:\Users\jpesm\AppData\Local\Programs\Python\Python314\Lib\site-packages\sqlalchemy\engine\default.py", line 630, in connect
    return self.loaded_dbapi.connect(*cargs, **cparams)  # type: ignore[no-any-return]  # NOQA: E501
           ~~~~~~~~~~~~~~~~~~~~~~~~~^^^^^^^^^^^^^^^^^^^
  File "C:\Users\jpesm\AppData\Local\Programs\Python\Python314\Lib\site-packages\psycopg2\__init__.py", line 135, in connect
    conn = _connect(dsn, connection_factory=connection_factory, **kwasync)
psycopg2.OperationalError: connection to server at "localhost" (::1), port 5432 failed: FATAL:  password authentication failed for user "postgres"


The above exception was the direct cause of the following exception:

Traceback (most recent call last):
  File "c:\Users\jpesm\Desktop\Data_Pipeline_Projetcs\Ingest_Trade_Logs.py", line 154, in parse_and_load
    inserted, skipped = bulk_upsert(df)
                        ~~~~~~~~~~~^^^^
  File "c:\Users\jpesm\Desktop\Data_Pipeline_Projetcs\Ingest_Trade_Logs.py", line 179, in bulk_upsert
    with engine.begin() as conn:
         ~~~~~~~~~~~~^^
  File "C:\Users\jpesm\AppData\Local\Programs\Python\Python314\Lib\contextlib.py", line 141, in __enter__
    return next(self.gen)
  File "C:\Users\jpesm\AppData\Local\Programs\Python\Python314\Lib\site-packages\sqlalchemy\engine\base.py", line 3257, in begin
    with self.connect() as conn:
         ~~~~~~~~~~~~^^
  File "C:\Users\jpesm\AppData\Local\Programs\Python\Python314\Lib\site-packages\sqlalchemy\engine\base.py", line 3293, in connect
    return self._connection_cls(self)
           ~~~~~~~~~~~~~~~~~~~~^^^^^^
  File "C:\Users\jpesm\AppData\Local\Programs\Python\Python314\Lib\site-packages\sqlalchemy\engine\base.py", line 145, in __init__
    Connection._handle_dbapi_exception_noconnection(
    ~~~~~~~~~~~~~~~~~~~~~~~~~~~~~~~~~~~~~~~~~~~~~~~^
        err, dialect, engine
        ^^^^^^^^^^^^^^^^^^^^
    )
    ^
  File "C:\Users\jpesm\AppData\Local\Programs\Python\Python314\Lib\site-packages\sqlalchemy\engine\base.py", line 2448, in _handle_dbapi_exception_noconnection
    raise sqlalchemy_exception.with_traceback(exc_info[2]) from e
  File "C:\Users\jpesm\AppData\Local\Programs\Python\Python314\Lib\site-packages\sqlalchemy\engine\base.py", line 143, in __init__
    self._dbapi_connection = engine.raw_connection()
                             ~~~~~~~~~~~~~~~~~~~~~^^
  File "C:\Users\jpesm\AppData\Local\Programs\Python\Python314\Lib\site-packages\sqlalchemy\engine\base.py", line 3317, in raw_connection
    return self.pool.connect()
           ~~~~~~~~~~~~~~~~~^^
  File "C:\Users\jpesm\AppData\Local\Programs\Python\Python314\Lib\site-packages\sqlalchemy\pool\base.py", line 448, in connect
    return _ConnectionFairy._checkout(self)
           ~~~~~~~~~~~~~~~~~~~~~~~~~~^^^^^^
  File "C:\Users\jpesm\AppData\Local\Programs\Python\Python314\Lib\site-packages\sqlalchemy\pool\base.py", line 1272, in _checkout
    fairy = _ConnectionRecord.checkout(pool)
  File "C:\Users\jpesm\AppData\Local\Programs\Python\Python314\Lib\site-packages\sqlalchemy\pool\base.py", line 712, in checkout
    rec = pool._do_get()
  File "C:\Users\jpesm\AppData\Local\Programs\Python\Python314\Lib\site-packages\sqlalchemy\pool\impl.py", line 177, in _do_get
    with util.safe_reraise():
         ~~~~~~~~~~~~~~~~~^^
  File "C:\Users\jpesm\AppData\Local\Programs\Python\Python314\Lib\site-packages\sqlalchemy\util\langhelpers.py", line 121, in __exit__
    raise exc_value.with_traceback(exc_tb)
  File "C:\Users\jpesm\AppData\Local\Programs\Python\Python314\Lib\site-packages\sqlalchemy\pool\impl.py", line 175, in _do_get
    return self._create_connection()
           ~~~~~~~~~~~~~~~~~~~~~~~^^
  File "C:\Users\jpesm\AppData\Local\Programs\Python\Python314\Lib\site-packages\sqlalchemy\pool\base.py", line 389, in _create_connection
    return _ConnectionRecord(self)
  File "C:\Users\jpesm\AppData\Local\Programs\Python\Python314\Lib\site-packages\sqlalchemy\pool\base.py", line 674, in __init__
    self.__connect()
    ~~~~~~~~~~~~~~^^
  File "C:\Users\jpesm\AppData\Local\Programs\Python\Python314\Lib\site-packages\sqlalchemy\pool\base.py", line 900, in __connect
    with util.safe_reraise():
         ~~~~~~~~~~~~~~~~~^^
  File "C:\Users\jpesm\AppData\Local\Programs\Python\Python314\Lib\site-packages\sqlalchemy\util\langhelpers.py", line 121, in __exit__
    raise exc_value.with_traceback(exc_tb)
  File "C:\Users\jpesm\AppData\Local\Programs\Python\Python314\Lib\site-packages\sqlalchemy\pool\base.py", line 896, in __connect
    self.dbapi_connection = connection = pool._invoke_creator(self)
                                         ~~~~~~~~~~~~~~~~~~~~^^^^^^
  File "C:\Users\jpesm\AppData\Local\Programs\Python\Python314\Lib\site-packages\sqlalchemy\engine\create.py", line 667, in connect
    return dialect.connect(*cargs_tup, **cparams)
           ~~~~~~~~~~~~~~~^^^^^^^^^^^^^^^^^^^^^^^
  File "C:\Users\jpesm\AppData\Local\Programs\Python\Python314\Lib\site-packages\sqlalchemy\engine\default.py", line 630, in connect
    return self.loaded_dbapi.connect(*cargs, **cparams)  # type: ignore[no-any-return]  # NOQA: E501
           ~~~~~~~~~~~~~~~~~~~~~~~~~^^^^^^^^^^^^^^^^^^^
  File "C:\Users\jpesm\AppData\Local\Programs\Python\Python314\Lib\site-packages\psycopg2\__init__.py", line 135, in connect
    conn = _connect(dsn, connection_factory=connection_factory, **kwasync)
sqlalchemy.exc.OperationalError: (psycopg2.OperationalError) connection to server at "localhost" (::1), port 5432 failed: FATAL:  password authentication failed for user "postgres"

(Background on this error at: https://sqlalche.me/e/20/e3q8)
2026-03-26 17:50:52,989 [INFO] Processing: TradeMonitor_Log_20260325.csv
2026-03-26 17:50:52,997 [INFO] Filtered 2 LOG_ROLL row(s) from TradeMonitor_Log_20260325.csv
2026-03-26 17:50:53,018 [ERROR] Failed to process TradeMonitor_Log_20260325.csv: (psycopg2.OperationalError) connection to server at "localhost" (::1), port 5432 failed: FATAL:  password authentication failed for user "postgres"

(Background on this error at: https://sqlalche.me/e/20/e3q8)
Traceback (most recent call last):
  File "C:\Users\jpesm\AppData\Local\Programs\Python\Python314\Lib\site-packages\sqlalchemy\engine\base.py", line 143, in __init__
    self._dbapi_connection = engine.raw_connection()
                             ~~~~~~~~~~~~~~~~~~~~~^^
  File "C:\Users\jpesm\AppData\Local\Programs\Python\Python314\Lib\site-packages\sqlalchemy\engine\base.py", line 3317, in raw_connection
    return self.pool.connect()
           ~~~~~~~~~~~~~~~~~^^
  File "C:\Users\jpesm\AppData\Local\Programs\Python\Python314\Lib\site-packages\sqlalchemy\pool\base.py", line 448, in connect
    return _ConnectionFairy._checkout(self)
           ~~~~~~~~~~~~~~~~~~~~~~~~~~^^^^^^
  File "C:\Users\jpesm\AppData\Local\Programs\Python\Python314\Lib\site-packages\sqlalchemy\pool\base.py", line 1272, in _checkout
    fairy = _ConnectionRecord.checkout(pool)
  File "C:\Users\jpesm\AppData\Local\Programs\Python\Python314\Lib\site-packages\sqlalchemy\pool\base.py", line 712, in checkout
    rec = pool._do_get()
  File "C:\Users\jpesm\AppData\Local\Programs\Python\Python314\Lib\site-packages\sqlalchemy\pool\impl.py", line 177, in _do_get
    with util.safe_reraise():
         ~~~~~~~~~~~~~~~~~^^
  File "C:\Users\jpesm\AppData\Local\Programs\Python\Python314\Lib\site-packages\sqlalchemy\util\langhelpers.py", line 121, in __exit__
    raise exc_value.with_traceback(exc_tb)
  File "C:\Users\jpesm\AppData\Local\Programs\Python\Python314\Lib\site-packages\sqlalchemy\pool\impl.py", line 175, in _do_get
    return self._create_connection()
           ~~~~~~~~~~~~~~~~~~~~~~~^^
  File "C:\Users\jpesm\AppData\Local\Programs\Python\Python314\Lib\site-packages\sqlalchemy\pool\base.py", line 389, in _create_connection
    return _ConnectionRecord(self)
  File "C:\Users\jpesm\AppData\Local\Programs\Python\Python314\Lib\site-packages\sqlalchemy\pool\base.py", line 674, in __init__
    self.__connect()
    ~~~~~~~~~~~~~~^^
  File "C:\Users\jpesm\AppData\Local\Programs\Python\Python314\Lib\site-packages\sqlalchemy\pool\base.py", line 900, in __connect
    with util.safe_reraise():
         ~~~~~~~~~~~~~~~~~^^
  File "C:\Users\jpesm\AppData\Local\Programs\Python\Python314\Lib\site-packages\sqlalchemy\util\langhelpers.py", line 121, in __exit__
    raise exc_value.with_traceback(exc_tb)
  File "C:\Users\jpesm\AppData\Local\Programs\Python\Python314\Lib\site-packages\sqlalchemy\pool\base.py", line 896, in __connect
    self.dbapi_connection = connection = pool._invoke_creator(self)
                                         ~~~~~~~~~~~~~~~~~~~~^^^^^^
  File "C:\Users\jpesm\AppData\Local\Programs\Python\Python314\Lib\site-packages\sqlalchemy\engine\create.py", line 667, in connect
    return dialect.connect(*cargs_tup, **cparams)
           ~~~~~~~~~~~~~~~^^^^^^^^^^^^^^^^^^^^^^^
  File "C:\Users\jpesm\AppData\Local\Programs\Python\Python314\Lib\site-packages\sqlalchemy\engine\default.py", line 630, in connect
    return self.loaded_dbapi.connect(*cargs, **cparams)  # type: ignore[no-any-return]  # NOQA: E501
           ~~~~~~~~~~~~~~~~~~~~~~~~~^^^^^^^^^^^^^^^^^^^
  File "C:\Users\jpesm\AppData\Local\Programs\Python\Python314\Lib\site-packages\psycopg2\__init__.py", line 135, in connect
    conn = _connect(dsn, connection_factory=connection_factory, **kwasync)
psycopg2.OperationalError: connection to server at "localhost" (::1), port 5432 failed: FATAL:  password authentication failed for user "postgres"


The above exception was the direct cause of the following exception:

Traceback (most recent call last):
  File "c:\Users\jpesm\Desktop\Data_Pipeline_Projetcs\Ingest_Trade_Logs.py", line 154, in parse_and_load
    inserted, skipped = bulk_upsert(df)
                        ~~~~~~~~~~~^^^^
  File "c:\Users\jpesm\Desktop\Data_Pipeline_Projetcs\Ingest_Trade_Logs.py", line 179, in bulk_upsert
    with engine.begin() as conn:
         ~~~~~~~~~~~~^^
  File "C:\Users\jpesm\AppData\Local\Programs\Python\Python314\Lib\contextlib.py", line 141, in __enter__
    return next(self.gen)
  File "C:\Users\jpesm\AppData\Local\Programs\Python\Python314\Lib\site-packages\sqlalchemy\engine\base.py", line 3257, in begin
    with self.connect() as conn:
         ~~~~~~~~~~~~^^
  File "C:\Users\jpesm\AppData\Local\Programs\Python\Python314\Lib\site-packages\sqlalchemy\engine\base.py", line 3293, in connect
    return self._connection_cls(self)
           ~~~~~~~~~~~~~~~~~~~~^^^^^^
  File "C:\Users\jpesm\AppData\Local\Programs\Python\Python314\Lib\site-packages\sqlalchemy\engine\base.py", line 145, in __init__
    Connection._handle_dbapi_exception_noconnection(
    ~~~~~~~~~~~~~~~~~~~~~~~~~~~~~~~~~~~~~~~~~~~~~~~^
        err, dialect, engine
        ^^^^^^^^^^^^^^^^^^^^
    )
    ^
  File "C:\Users\jpesm\AppData\Local\Programs\Python\Python314\Lib\site-packages\sqlalchemy\engine\base.py", line 2448, in _handle_dbapi_exception_noconnection
    raise sqlalchemy_exception.with_traceback(exc_info[2]) from e
  File "C:\Users\jpesm\AppData\Local\Programs\Python\Python314\Lib\site-packages\sqlalchemy\engine\base.py", line 143, in __init__
    self._dbapi_connection = engine.raw_connection()
                             ~~~~~~~~~~~~~~~~~~~~~^^
  File "C:\Users\jpesm\AppData\Local\Programs\Python\Python314\Lib\site-packages\sqlalchemy\engine\base.py", line 3317, in raw_connection
    return self.pool.connect()
           ~~~~~~~~~~~~~~~~~^^
  File "C:\Users\jpesm\AppData\Local\Programs\Python\Python314\Lib\site-packages\sqlalchemy\pool\base.py", line 448, in connect
    return _ConnectionFairy._checkout(self)
           ~~~~~~~~~~~~~~~~~~~~~~~~~~^^^^^^
  File "C:\Users\jpesm\AppData\Local\Programs\Python\Python314\Lib\site-packages\sqlalchemy\pool\base.py", line 1272, in _checkout
    fairy = _ConnectionRecord.checkout(pool)
  File "C:\Users\jpesm\AppData\Local\Programs\Python\Python314\Lib\site-packages\sqlalchemy\pool\base.py", line 712, in checkout
    rec = pool._do_get()
  File "C:\Users\jpesm\AppData\Local\Programs\Python\Python314\Lib\site-packages\sqlalchemy\pool\impl.py", line 177, in _do_get
    with util.safe_reraise():
         ~~~~~~~~~~~~~~~~~^^
  File "C:\Users\jpesm\AppData\Local\Programs\Python\Python314\Lib\site-packages\sqlalchemy\util\langhelpers.py", line 121, in __exit__
    raise exc_value.with_traceback(exc_tb)
  File "C:\Users\jpesm\AppData\Local\Programs\Python\Python314\Lib\site-packages\sqlalchemy\pool\impl.py", line 175, in _do_get
    return self._create_connection()
           ~~~~~~~~~~~~~~~~~~~~~~~^^
  File "C:\Users\jpesm\AppData\Local\Programs\Python\Python314\Lib\site-packages\sqlalchemy\pool\base.py", line 389, in _create_connection
    return _ConnectionRecord(self)
  File "C:\Users\jpesm\AppData\Local\Programs\Python\Python314\Lib\site-packages\sqlalchemy\pool\base.py", line 674, in __init__
    self.__connect()
    ~~~~~~~~~~~~~~^^
  File "C:\Users\jpesm\AppData\Local\Programs\Python\Python314\Lib\site-packages\sqlalchemy\pool\base.py", line 900, in __connect
    with util.safe_reraise():
         ~~~~~~~~~~~~~~~~~^^
  File "C:\Users\jpesm\AppData\Local\Programs\Python\Python314\Lib\site-packages\sqlalchemy\util\langhelpers.py", line 121, in __exit__
    raise exc_value.with_traceback(exc_tb)
  File "C:\Users\jpesm\AppData\Local\Programs\Python\Python314\Lib\site-packages\sqlalchemy\pool\base.py", line 896, in __connect
    self.dbapi_connection = connection = pool._invoke_creator(self)
                                         ~~~~~~~~~~~~~~~~~~~~^^^^^^
  File "C:\Users\jpesm\AppData\Local\Programs\Python\Python314\Lib\site-packages\sqlalchemy\engine\create.py", line 667, in connect
    return dialect.connect(*cargs_tup, **cparams)
           ~~~~~~~~~~~~~~~^^^^^^^^^^^^^^^^^^^^^^^
  File "C:\Users\jpesm\AppData\Local\Programs\Python\Python314\Lib\site-packages\sqlalchemy\engine\default.py", line 630, in connect
    return self.loaded_dbapi.connect(*cargs, **cparams)  # type: ignore[no-any-return]  # NOQA: E501
           ~~~~~~~~~~~~~~~~~~~~~~~~~^^^^^^^^^^^^^^^^^^^
  File "C:\Users\jpesm\AppData\Local\Programs\Python\Python314\Lib\site-packages\psycopg2\__init__.py", line 135, in connect
    conn = _connect(dsn, connection_factory=connection_factory, **kwasync)
sqlalchemy.exc.OperationalError: (psycopg2.OperationalError) connection to server at "localhost" (::1), port 5432 failed: FATAL:  password authentication failed for user "postgres"

(Background on this error at: https://sqlalche.me/e/20/e3q8)
2026-03-26 17:50:53,021 [INFO] Processing: TradeMonitor_Log_20260326.csv
2026-03-26 17:50:53,022 [INFO] Filtered 1 LOG_ROLL row(s) from TradeMonitor_Log_20260326.csv
2026-03-26 17:50:53,050 [ERROR] Failed to process TradeMonitor_Log_20260326.csv: (psycopg2.OperationalError) connection to server at "localhost" (::1), port 5432 failed: FATAL:  password authentication failed for user "postgres"

(Background on this error at: https://sqlalche.me/e/20/e3q8)
Traceback (most recent call last):
  File "C:\Users\jpesm\AppData\Local\Programs\Python\Python314\Lib\site-packages\sqlalchemy\engine\base.py", line 143, in __init__
    self._dbapi_connection = engine.raw_connection()
                             ~~~~~~~~~~~~~~~~~~~~~^^
  File "C:\Users\jpesm\AppData\Local\Programs\Python\Python314\Lib\site-packages\sqlalchemy\engine\base.py", line 3317, in raw_connection
    return self.pool.connect()
           ~~~~~~~~~~~~~~~~~^^
  File "C:\Users\jpesm\AppData\Local\Programs\Python\Python314\Lib\site-packages\sqlalchemy\pool\base.py", line 448, in connect
    return _ConnectionFairy._checkout(self)
           ~~~~~~~~~~~~~~~~~~~~~~~~~~^^^^^^
  File "C:\Users\jpesm\AppData\Local\Programs\Python\Python314\Lib\site-packages\sqlalchemy\pool\base.py", line 1272, in _checkout
    fairy = _ConnectionRecord.checkout(pool)
  File "C:\Users\jpesm\AppData\Local\Programs\Python\Python314\Lib\site-packages\sqlalchemy\pool\base.py", line 712, in checkout
    rec = pool._do_get()
  File "C:\Users\jpesm\AppData\Local\Programs\Python\Python314\Lib\site-packages\sqlalchemy\pool\impl.py", line 177, in _do_get
    with util.safe_reraise():
         ~~~~~~~~~~~~~~~~~^^
  File "C:\Users\jpesm\AppData\Local\Programs\Python\Python314\Lib\site-packages\sqlalchemy\util\langhelpers.py", line 121, in __exit__
    raise exc_value.with_traceback(exc_tb)
  File "C:\Users\jpesm\AppData\Local\Programs\Python\Python314\Lib\site-packages\sqlalchemy\pool\impl.py", line 175, in _do_get
    return self._create_connection()
           ~~~~~~~~~~~~~~~~~~~~~~~^^
  File "C:\Users\jpesm\AppData\Local\Programs\Python\Python314\Lib\site-packages\sqlalchemy\pool\base.py", line 389, in _create_connection
    return _ConnectionRecord(self)
  File "C:\Users\jpesm\AppData\Local\Programs\Python\Python314\Lib\site-packages\sqlalchemy\pool\base.py", line 674, in __init__
    self.__connect()
    ~~~~~~~~~~~~~~^^
  File "C:\Users\jpesm\AppData\Local\Programs\Python\Python314\Lib\site-packages\sqlalchemy\pool\base.py", line 900, in __connect
    with util.safe_reraise():
         ~~~~~~~~~~~~~~~~~^^
  File "C:\Users\jpesm\AppData\Local\Programs\Python\Python314\Lib\site-packages\sqlalchemy\util\langhelpers.py", line 121, in __exit__
    raise exc_value.with_traceback(exc_tb)
  File "C:\Users\jpesm\AppData\Local\Programs\Python\Python314\Lib\site-packages\sqlalchemy\pool\base.py", line 896, in __connect
    self.dbapi_connection = connection = pool._invoke_creator(self)
                                         ~~~~~~~~~~~~~~~~~~~~^^^^^^
  File "C:\Users\jpesm\AppData\Local\Programs\Python\Python314\Lib\site-packages\sqlalchemy\engine\create.py", line 667, in connect
    return dialect.connect(*cargs_tup, **cparams)
           ~~~~~~~~~~~~~~~^^^^^^^^^^^^^^^^^^^^^^^
  File "C:\Users\jpesm\AppData\Local\Programs\Python\Python314\Lib\site-packages\sqlalchemy\engine\default.py", line 630, in connect
    return self.loaded_dbapi.connect(*cargs, **cparams)  # type: ignore[no-any-return]  # NOQA: E501
           ~~~~~~~~~~~~~~~~~~~~~~~~~^^^^^^^^^^^^^^^^^^^
  File "C:\Users\jpesm\AppData\Local\Programs\Python\Python314\Lib\site-packages\psycopg2\__init__.py", line 135, in connect
    conn = _connect(dsn, connection_factory=connection_factory, **kwasync)
psycopg2.OperationalError: connection to server at "localhost" (::1), port 5432 failed: FATAL:  password authentication failed for user "postgres"


The above exception was the direct cause of the following exception:

Traceback (most recent call last):
  File "c:\Users\jpesm\Desktop\Data_Pipeline_Projetcs\Ingest_Trade_Logs.py", line 154, in parse_and_load
    inserted, skipped = bulk_upsert(df)
                        ~~~~~~~~~~~^^^^
  File "c:\Users\jpesm\Desktop\Data_Pipeline_Projetcs\Ingest_Trade_Logs.py", line 179, in bulk_upsert
    with engine.begin() as conn:
         ~~~~~~~~~~~~^^
  File "C:\Users\jpesm\AppData\Local\Programs\Python\Python314\Lib\contextlib.py", line 141, in __enter__
    return next(self.gen)
  File "C:\Users\jpesm\AppData\Local\Programs\Python\Python314\Lib\site-packages\sqlalchemy\engine\base.py", line 3257, in begin
    with self.connect() as conn:
         ~~~~~~~~~~~~^^
  File "C:\Users\jpesm\AppData\Local\Programs\Python\Python314\Lib\site-packages\sqlalchemy\engine\base.py", line 3293, in connect
    return self._connection_cls(self)
           ~~~~~~~~~~~~~~~~~~~~^^^^^^
  File "C:\Users\jpesm\AppData\Local\Programs\Python\Python314\Lib\site-packages\sqlalchemy\engine\base.py", line 145, in __init__
    Connection._handle_dbapi_exception_noconnection(
    ~~~~~~~~~~~~~~~~~~~~~~~~~~~~~~~~~~~~~~~~~~~~~~~^
        err, dialect, engine
        ^^^^^^^^^^^^^^^^^^^^
    )
    ^
  File "C:\Users\jpesm\AppData\Local\Programs\Python\Python314\Lib\site-packages\sqlalchemy\engine\base.py", line 2448, in _handle_dbapi_exception_noconnection
    raise sqlalchemy_exception.with_traceback(exc_info[2]) from e
  File "C:\Users\jpesm\AppData\Local\Programs\Python\Python314\Lib\site-packages\sqlalchemy\engine\base.py", line 143, in __init__
    self._dbapi_connection = engine.raw_connection()
                             ~~~~~~~~~~~~~~~~~~~~~^^
  File "C:\Users\jpesm\AppData\Local\Programs\Python\Python314\Lib\site-packages\sqlalchemy\engine\base.py", line 3317, in raw_connection
    return self.pool.connect()
           ~~~~~~~~~~~~~~~~~^^
  File "C:\Users\jpesm\AppData\Local\Programs\Python\Python314\Lib\site-packages\sqlalchemy\pool\base.py", line 448, in connect
    return _ConnectionFairy._checkout(self)
           ~~~~~~~~~~~~~~~~~~~~~~~~~~^^^^^^
  File "C:\Users\jpesm\AppData\Local\Programs\Python\Python314\Lib\site-packages\sqlalchemy\pool\base.py", line 1272, in _checkout
    fairy = _ConnectionRecord.checkout(pool)
  File "C:\Users\jpesm\AppData\Local\Programs\Python\Python314\Lib\site-packages\sqlalchemy\pool\base.py", line 712, in checkout
    rec = pool._do_get()
  File "C:\Users\jpesm\AppData\Local\Programs\Python\Python314\Lib\site-packages\sqlalchemy\pool\impl.py", line 177, in _do_get
    with util.safe_reraise():
         ~~~~~~~~~~~~~~~~~^^
  File "C:\Users\jpesm\AppData\Local\Programs\Python\Python314\Lib\site-packages\sqlalchemy\util\langhelpers.py", line 121, in __exit__
    raise exc_value.with_traceback(exc_tb)
  File "C:\Users\jpesm\AppData\Local\Programs\Python\Python314\Lib\site-packages\sqlalchemy\pool\impl.py", line 175, in _do_get
    return self._create_connection()
           ~~~~~~~~~~~~~~~~~~~~~~~^^
  File "C:\Users\jpesm\AppData\Local\Programs\Python\Python314\Lib\site-packages\sqlalchemy\pool\base.py", line 389, in _create_connection
    return _ConnectionRecord(self)
  File "C:\Users\jpesm\AppData\Local\Programs\Python\Python314\Lib\site-packages\sqlalchemy\pool\base.py", line 674, in __init__
    self.__connect()
    ~~~~~~~~~~~~~~^^
  File "C:\Users\jpesm\AppData\Local\Programs\Python\Python314\Lib\site-packages\sqlalchemy\pool\base.py", line 900, in __connect
    with util.safe_reraise():
         ~~~~~~~~~~~~~~~~~^^
  File "C:\Users\jpesm\AppData\Local\Programs\Python\Python314\Lib\site-packages\sqlalchemy\util\langhelpers.py", line 121, in __exit__
    raise exc_value.with_traceback(exc_tb)
  File "C:\Users\jpesm\AppData\Local\Programs\Python\Python314\Lib\site-packages\sqlalchemy\pool\base.py", line 896, in __connect
    self.dbapi_connection = connection = pool._invoke_creator(self)
                                         ~~~~~~~~~~~~~~~~~~~~^^^^^^
  File "C:\Users\jpesm\AppData\Local\Programs\Python\Python314\Lib\site-packages\sqlalchemy\engine\create.py", line 667, in connect
    return dialect.connect(*cargs_tup, **cparams)
           ~~~~~~~~~~~~~~~^^^^^^^^^^^^^^^^^^^^^^^
  File "C:\Users\jpesm\AppData\Local\Programs\Python\Python314\Lib\site-packages\sqlalchemy\engine\default.py", line 630, in connect
    return self.loaded_dbapi.connect(*cargs, **cparams)  # type: ignore[no-any-return]  # NOQA: E501
           ~~~~~~~~~~~~~~~~~~~~~~~~~^^^^^^^^^^^^^^^^^^^
  File "C:\Users\jpesm\AppData\Local\Programs\Python\Python314\Lib\site-packages\psycopg2\__init__.py", line 135, in connect
    conn = _connect(dsn, connection_factory=connection_factory, **kwasync)
sqlalchemy.exc.OperationalError: (psycopg2.OperationalError) connection to server at "localhost" (::1), port 5432 failed: FATAL:  password authentication failed for user "postgres"

(Background on this error at: https://sqlalche.me/e/20/e3q8)
2026-03-26 17:50:53,052 [INFO] Backfill complete.
2026-03-26 17:50:53,053 [INFO] Live watch mode active. Press Ctrl+C to stop.
2026-03-26 17:52:05,679 [INFO] Shutting down...
2026-03-26 17:52:06,352 [INFO] === Ingestion process stopped ===
2026-03-26 17:52:17,686 [INFO] === ShadowTradeMonitor Ingestion Starting ===
2026-03-26 17:52:17,687 [INFO] Directory: C:\Users\jpesm\AppData\Roaming\MetaQuotes\Terminal\Common\Files
2026-03-26 17:52:17,687 [INFO] Mode: live watch (Watchdog)
2026-03-26 17:52:17,687 [INFO] Backfilling 10 existing file(s)...
2026-03-26 17:52:17,687 [INFO] Processing: TradeMonitor_Log_20260317.csv
2026-03-26 17:52:17,689 [INFO] Filtered 3 LOG_ROLL row(s) from TradeMonitor_Log_20260317.csv
2026-03-26 17:52:17,798 [INFO] Done [TradeMonitor_Log_20260317.csv]: 0 inserted, 71 skipped (dupes). Events: {'MODIFY': 25, 'OPEN': 23, 'CLOSE': 22, 'EA_STOP': 1}
2026-03-26 17:52:17,798 [INFO] Processing: TradeMonitor_Log_20260318.csv
2026-03-26 17:52:17,800 [INFO] Filtered 2 LOG_ROLL row(s) from TradeMonitor_Log_20260318.csv
2026-03-26 17:52:17,823 [INFO] Done [TradeMonitor_Log_20260318.csv]: 0 inserted, 107 skipped (dupes). Events: {'MODIFY': 43, 'OPEN': 32, 'CLOSE': 31, 'EA_STOP': 1}
2026-03-26 17:52:17,823 [INFO] Processing: TradeMonitor_Log_20260319.csv
2026-03-26 17:52:17,824 [INFO] Filtered 3 LOG_ROLL row(s) from TradeMonitor_Log_20260319.csv
2026-03-26 17:52:17,856 [INFO] Done [TradeMonitor_Log_20260319.csv]: 0 inserted, 186 skipped (dupes). Events: {'MODIFY': 81, 'CLOSE': 53, 'OPEN': 50, 'EA_STOP': 2}
2026-03-26 17:52:17,856 [INFO] Processing: TradeMonitor_Log_20260320.csv
2026-03-26 17:52:17,858 [INFO] Filtered 1 LOG_ROLL row(s) from TradeMonitor_Log_20260320.csv
2026-03-26 17:52:17,883 [INFO] Done [TradeMonitor_Log_20260320.csv]: 0 inserted, 132 skipped (dupes). Events: {'MODIFY': 56, 'OPEN': 40, 'CLOSE': 36}
2026-03-26 17:52:17,883 [INFO] Processing: TradeMonitor_Log_20260321.csv
2026-03-26 17:52:17,895 [INFO] Done [TradeMonitor_Log_20260321.csv]: 0 inserted, 33 skipped (dupes). Events: {'MODIFY': 16, 'OPEN': 11, 'CLOSE': 6}
2026-03-26 17:52:17,895 [INFO] Processing: TradeMonitor_Log_20260322.csv
2026-03-26 17:52:17,896 [INFO] Filtered 3 LOG_ROLL row(s) from TradeMonitor_Log_20260322.csv
2026-03-26 17:52:17,903 [INFO] Done [TradeMonitor_Log_20260322.csv]: 0 inserted, 1 skipped (dupes). Events: {'EA_STOP': 1}
2026-03-26 17:52:17,903 [INFO] Processing: TradeMonitor_Log_20260323.csv
2026-03-26 17:52:17,905 [INFO] Filtered 1 LOG_ROLL row(s) from TradeMonitor_Log_20260323.csv
2026-03-26 17:52:17,939 [INFO] Done [TradeMonitor_Log_20260323.csv]: 0 inserted, 209 skipped (dupes). Events: {'MODIFY': 91, 'CLOSE': 64, 'OPEN': 54}
2026-03-26 17:52:17,940 [INFO] Processing: TradeMonitor_Log_20260324.csv
2026-03-26 17:52:17,941 [INFO] Filtered 2 LOG_ROLL row(s) from TradeMonitor_Log_20260324.csv
2026-03-26 17:52:17,962 [INFO] Done [TradeMonitor_Log_20260324.csv]: 0 inserted, 50 skipped (dupes). Events: {'MODIFY': 18, 'OPEN': 17, 'CLOSE': 14, 'EA_STOP': 1}
2026-03-26 17:52:17,962 [INFO] Processing: TradeMonitor_Log_20260325.csv
2026-03-26 17:52:17,963 [INFO] Filtered 2 LOG_ROLL row(s) from TradeMonitor_Log_20260325.csv
2026-03-26 17:52:17,980 [INFO] Done [TradeMonitor_Log_20260325.csv]: 0 inserted, 50 skipped (dupes). Events: {'CLOSE': 19, 'OPEN': 16, 'MODIFY': 15}
2026-03-26 17:52:17,981 [INFO] Processing: TradeMonitor_Log_20260326.csv
2026-03-26 17:52:17,982 [INFO] Filtered 1 LOG_ROLL row(s) from TradeMonitor_Log_20260326.csv
2026-03-26 17:52:18,000 [INFO] Done [TradeMonitor_Log_20260326.csv]: 2 inserted, 22 skipped (dupes). Events: {'MODIFY': 10, 'OPEN': 9, 'CLOSE': 5}
2026-03-26 17:52:18,000 [INFO] Backfill complete.
2026-03-26 17:52:18,001 [INFO] Live watch mode active. Press Ctrl+C to stop.
2026-03-26 18:02:04,084 [INFO] Processing: TradeMonitor_Log_20260326.csv
2026-03-26 18:02:04,086 [INFO] Filtered 1 LOG_ROLL row(s) from TradeMonitor_Log_20260326.csv
2026-03-26 18:02:04,106 [INFO] Done [TradeMonitor_Log_20260326.csv]: 1 inserted, 24 skipped (dupes). Events: {'MODIFY': 10, 'OPEN': 9, 'CLOSE': 6}
2026-03-26 18:13:13,770 [INFO] Shutting down...
2026-03-26 18:13:14,022 [INFO] === Ingestion process stopped ===
2026-03-26 18:13:21,234 [INFO] === ShadowTradeMonitor Ingestion Starting ===
2026-03-26 18:13:21,234 [INFO] Directory: C:\Users\jpesm\AppData\Roaming\MetaQuotes\Terminal\Common\Files
2026-03-26 18:13:21,235 [INFO] Mode: live watch (Watchdog)
2026-03-26 18:13:21,235 [INFO] Backfilling 10 existing file(s)...
2026-03-26 18:13:21,235 [INFO] Processing: TradeMonitor_Log_20260317.csv
2026-03-26 18:13:21,237 [INFO] Filtered 3 LOG_ROLL row(s) from TradeMonitor_Log_20260317.csv
2026-03-26 18:13:21,306 [INFO] Done [TradeMonitor_Log_20260317.csv]: 0 inserted, 71 skipped (dupes). Events: {'MODIFY': 25, 'OPEN': 23, 'CLOSE': 22, 'EA_STOP': 1}
2026-03-26 18:13:21,307 [INFO] Processing: TradeMonitor_Log_20260318.csv
2026-03-26 18:13:21,308 [INFO] Filtered 2 LOG_ROLL row(s) from TradeMonitor_Log_20260318.csv
2026-03-26 18:13:21,333 [INFO] Done [TradeMonitor_Log_20260318.csv]: 0 inserted, 107 skipped (dupes). Events: {'MODIFY': 43, 'OPEN': 32, 'CLOSE': 31, 'EA_STOP': 1}
2026-03-26 18:13:21,333 [INFO] Processing: TradeMonitor_Log_20260319.csv
2026-03-26 18:13:21,335 [INFO] Filtered 3 LOG_ROLL row(s) from TradeMonitor_Log_20260319.csv
2026-03-26 18:13:21,366 [INFO] Done [TradeMonitor_Log_20260319.csv]: 0 inserted, 186 skipped (dupes). Events: {'MODIFY': 81, 'CLOSE': 53, 'OPEN': 50, 'EA_STOP': 2}
2026-03-26 18:13:21,366 [INFO] Processing: TradeMonitor_Log_20260320.csv
2026-03-26 18:13:21,368 [INFO] Filtered 1 LOG_ROLL row(s) from TradeMonitor_Log_20260320.csv
2026-03-26 18:13:21,392 [INFO] Done [TradeMonitor_Log_20260320.csv]: 0 inserted, 132 skipped (dupes). Events: {'MODIFY': 56, 'OPEN': 40, 'CLOSE': 36}
2026-03-26 18:13:21,393 [INFO] Processing: TradeMonitor_Log_20260321.csv
2026-03-26 18:13:21,405 [INFO] Done [TradeMonitor_Log_20260321.csv]: 0 inserted, 33 skipped (dupes). Events: {'MODIFY': 16, 'OPEN': 11, 'CLOSE': 6}
2026-03-26 18:13:21,405 [INFO] Processing: TradeMonitor_Log_20260322.csv
2026-03-26 18:13:21,406 [INFO] Filtered 3 LOG_ROLL row(s) from TradeMonitor_Log_20260322.csv
2026-03-26 18:13:21,412 [INFO] Done [TradeMonitor_Log_20260322.csv]: 0 inserted, 1 skipped (dupes). Events: {'EA_STOP': 1}
2026-03-26 18:13:21,412 [INFO] Processing: TradeMonitor_Log_20260323.csv
2026-03-26 18:13:21,413 [INFO] Filtered 1 LOG_ROLL row(s) from TradeMonitor_Log_20260323.csv
2026-03-26 18:13:21,446 [INFO] Done [TradeMonitor_Log_20260323.csv]: 0 inserted, 209 skipped (dupes). Events: {'MODIFY': 91, 'CLOSE': 64, 'OPEN': 54}
2026-03-26 18:13:21,447 [INFO] Processing: TradeMonitor_Log_20260324.csv
2026-03-26 18:13:21,448 [INFO] Filtered 2 LOG_ROLL row(s) from TradeMonitor_Log_20260324.csv
2026-03-26 18:13:21,469 [INFO] Done [TradeMonitor_Log_20260324.csv]: 0 inserted, 50 skipped (dupes). Events: {'MODIFY': 18, 'OPEN': 17, 'CLOSE': 14, 'EA_STOP': 1}
2026-03-26 18:13:21,469 [INFO] Processing: TradeMonitor_Log_20260325.csv
2026-03-26 18:13:21,471 [INFO] Filtered 2 LOG_ROLL row(s) from TradeMonitor_Log_20260325.csv
2026-03-26 18:13:21,487 [INFO] Done [TradeMonitor_Log_20260325.csv]: 0 inserted, 50 skipped (dupes). Events: {'CLOSE': 19, 'OPEN': 16, 'MODIFY': 15}
2026-03-26 18:13:21,487 [INFO] Processing: TradeMonitor_Log_20260326.csv
2026-03-26 18:13:21,489 [INFO] Filtered 1 LOG_ROLL row(s) from TradeMonitor_Log_20260326.csv
2026-03-26 18:13:21,498 [INFO] Done [TradeMonitor_Log_20260326.csv]: 0 inserted, 25 skipped (dupes). Events: {'MODIFY': 10, 'OPEN': 9, 'CLOSE': 6}
2026-03-26 18:13:21,498 [INFO] Backfill complete.
2026-03-26 18:13:21,499 [INFO] Live watch mode active. Press Ctrl+C to stop.
2026-03-27 07:09:35,915 [INFO] === ShadowTradeMonitor Ingestion Starting ===
2026-03-27 07:09:35,916 [INFO] Directory: C:\Users\jpesm\AppData\Roaming\MetaQuotes\Terminal\Common\Files
2026-03-27 07:09:35,916 [INFO] Mode: live watch (Watchdog)
2026-03-27 07:09:35,916 [INFO] Backfilling 11 existing file(s)...
2026-03-27 07:09:35,916 [INFO] Processing: TradeMonitor_Log_20260317.csv
2026-03-27 07:09:35,923 [INFO] Filtered 3 LOG_ROLL row(s) from TradeMonitor_Log_20260317.csv
2026-03-27 07:09:36,015 [INFO] Done [TradeMonitor_Log_20260317.csv]: 0 inserted, 71 skipped (dupes). Events: {'MODIFY': 25, 'OPEN': 23, 'CLOSE': 22, 'EA_STOP': 1}
2026-03-27 07:09:36,015 [INFO] Processing: TradeMonitor_Log_20260318.csv
2026-03-27 07:09:36,021 [INFO] Filtered 2 LOG_ROLL row(s) from TradeMonitor_Log_20260318.csv
2026-03-27 07:09:36,045 [INFO] Done [TradeMonitor_Log_20260318.csv]: 0 inserted, 107 skipped (dupes). Events: {'MODIFY': 43, 'OPEN': 32, 'CLOSE': 31, 'EA_STOP': 1}
2026-03-27 07:09:36,045 [INFO] Processing: TradeMonitor_Log_20260319.csv
2026-03-27 07:09:36,052 [INFO] Filtered 3 LOG_ROLL row(s) from TradeMonitor_Log_20260319.csv
2026-03-27 07:09:36,082 [INFO] Done [TradeMonitor_Log_20260319.csv]: 0 inserted, 186 skipped (dupes). Events: {'MODIFY': 81, 'CLOSE': 53, 'OPEN': 50, 'EA_STOP': 2}
2026-03-27 07:09:36,083 [INFO] Processing: TradeMonitor_Log_20260320.csv
2026-03-27 07:09:36,088 [INFO] Filtered 1 LOG_ROLL row(s) from TradeMonitor_Log_20260320.csv
2026-03-27 07:09:36,112 [INFO] Done [TradeMonitor_Log_20260320.csv]: 0 inserted, 132 skipped (dupes). Events: {'MODIFY': 56, 'OPEN': 40, 'CLOSE': 36}
2026-03-27 07:09:36,113 [INFO] Processing: TradeMonitor_Log_20260321.csv
2026-03-27 07:09:36,129 [INFO] Done [TradeMonitor_Log_20260321.csv]: 0 inserted, 33 skipped (dupes). Events: {'MODIFY': 16, 'OPEN': 11, 'CLOSE': 6}
2026-03-27 07:09:36,129 [INFO] Processing: TradeMonitor_Log_20260322.csv
2026-03-27 07:09:36,134 [INFO] Filtered 3 LOG_ROLL row(s) from TradeMonitor_Log_20260322.csv
2026-03-27 07:09:36,140 [INFO] Done [TradeMonitor_Log_20260322.csv]: 0 inserted, 1 skipped (dupes). Events: {'EA_STOP': 1}
2026-03-27 07:09:36,141 [INFO] Processing: TradeMonitor_Log_20260323.csv
2026-03-27 07:09:36,147 [INFO] Filtered 1 LOG_ROLL row(s) from TradeMonitor_Log_20260323.csv
2026-03-27 07:09:36,179 [INFO] Done [TradeMonitor_Log_20260323.csv]: 0 inserted, 209 skipped (dupes). Events: {'MODIFY': 91, 'CLOSE': 64, 'OPEN': 54}
2026-03-27 07:09:36,180 [INFO] Processing: TradeMonitor_Log_20260324.csv
2026-03-27 07:09:36,185 [INFO] Filtered 2 LOG_ROLL row(s) from TradeMonitor_Log_20260324.csv
2026-03-27 07:09:36,206 [INFO] Done [TradeMonitor_Log_20260324.csv]: 0 inserted, 50 skipped (dupes). Events: {'MODIFY': 18, 'OPEN': 17, 'CLOSE': 14, 'EA_STOP': 1}
2026-03-27 07:09:36,207 [INFO] Processing: TradeMonitor_Log_20260325.csv
2026-03-27 07:09:36,212 [INFO] Filtered 2 LOG_ROLL row(s) from TradeMonitor_Log_20260325.csv
2026-03-27 07:09:36,228 [INFO] Done [TradeMonitor_Log_20260325.csv]: 0 inserted, 50 skipped (dupes). Events: {'CLOSE': 19, 'OPEN': 16, 'MODIFY': 15}
2026-03-27 07:09:36,229 [INFO] Processing: TradeMonitor_Log_20260326.csv
2026-03-27 07:09:36,230 [INFO] Filtered 2 LOG_ROLL row(s) from TradeMonitor_Log_20260326.csv
2026-03-27 07:09:36,251 [INFO] Done [TradeMonitor_Log_20260326.csv]: 27 inserted, 25 skipped (dupes). Events: {'MODIFY': 20, 'OPEN': 19, 'CLOSE': 13}
2026-03-27 07:09:36,251 [INFO] Processing: TradeMonitor_Log_20260327.csv
2026-03-27 07:09:36,263 [INFO] Done [TradeMonitor_Log_20260327.csv]: 31 inserted, 0 skipped (dupes). Events: {'MODIFY': 13, 'CLOSE': 11, 'OPEN': 7}
2026-03-27 07:09:36,263 [INFO] Backfill complete.
2026-03-27 07:09:36,263 [INFO] Live watch mode active. Press Ctrl+C to stop.
2026-03-27 08:00:29,095 [INFO] Processing: TradeMonitor_Log_20260327.csv
2026-03-27 08:00:29,132 [INFO] Done [TradeMonitor_Log_20260327.csv]: 0 inserted, 31 skipped (dupes). Events: {'MODIFY': 13, 'CLOSE': 11, 'OPEN': 7}
2026-03-27 08:21:41,738 [INFO] Processing: TradeMonitor_Log_20260327.csv
2026-03-27 08:21:41,741 [INFO] Filtered 1 LOG_ROLL row(s) from TradeMonitor_Log_20260327.csv
2026-03-27 08:21:41,754 [INFO] Done [TradeMonitor_Log_20260327.csv]: 1 inserted, 31 skipped (dupes). Events: {'MODIFY': 13, 'CLOSE': 11, 'OPEN': 7, 'EA_STOP': 1}
2026-03-27 08:21:43,355 [INFO] Processing: TradeMonitor_Log_20260327.csv
2026-03-27 08:21:43,357 [INFO] Filtered 1 LOG_ROLL row(s) from TradeMonitor_Log_20260327.csv
2026-03-27 08:21:43,369 [INFO] Done [TradeMonitor_Log_20260327.csv]: 0 inserted, 32 skipped (dupes). Events: {'MODIFY': 13, 'CLOSE': 11, 'OPEN': 7, 'EA_STOP': 1}
2026-03-27 09:00:09,896 [INFO] Processing: TradeMonitor_Log_20260327.csv
2026-03-27 09:00:09,908 [INFO] Filtered 1 LOG_ROLL row(s) from TradeMonitor_Log_20260327.csv
2026-03-27 09:00:09,938 [INFO] Done [TradeMonitor_Log_20260327.csv]: 2 inserted, 32 skipped (dupes). Events: {'MODIFY': 14, 'CLOSE': 11, 'OPEN': 8, 'EA_STOP': 1}
2026-03-27 09:00:12,339 [INFO] Processing: TradeMonitor_Log_20260327.csv
2026-03-27 09:00:12,341 [INFO] Filtered 1 LOG_ROLL row(s) from TradeMonitor_Log_20260327.csv
2026-03-27 09:00:12,357 [INFO] Done [TradeMonitor_Log_20260327.csv]: 0 inserted, 34 skipped (dupes). Events: {'MODIFY': 14, 'CLOSE': 11, 'OPEN': 8, 'EA_STOP': 1}
2026-03-27 09:15:05,517 [INFO] Processing: TradeMonitor_Log_20260327.csv
2026-03-27 09:15:05,524 [INFO] Filtered 1 LOG_ROLL row(s) from TradeMonitor_Log_20260327.csv
2026-03-27 09:15:05,543 [INFO] Done [TradeMonitor_Log_20260327.csv]: 2 inserted, 34 skipped (dupes). Events: {'MODIFY': 15, 'CLOSE': 11, 'OPEN': 9, 'EA_STOP': 1}
2026-03-27 09:15:08,745 [INFO] Processing: TradeMonitor_Log_20260327.csv
2026-03-27 09:15:08,748 [INFO] Filtered 1 LOG_ROLL row(s) from TradeMonitor_Log_20260327.csv
2026-03-27 09:15:08,761 [INFO] Done [TradeMonitor_Log_20260327.csv]: 0 inserted, 36 skipped (dupes). Events: {'MODIFY': 15, 'CLOSE': 11, 'OPEN': 9, 'EA_STOP': 1}
2026-03-27 09:21:41,716 [INFO] Processing: TradeMonitor_Log_20260327.csv
2026-03-27 09:21:41,719 [INFO] Filtered 1 LOG_ROLL row(s) from TradeMonitor_Log_20260327.csv
2026-03-27 09:21:41,736 [INFO] Done [TradeMonitor_Log_20260327.csv]: 0 inserted, 36 skipped (dupes). Events: {'MODIFY': 15, 'CLOSE': 11, 'OPEN': 9, 'EA_STOP': 1}
2026-03-27 09:23:04,171 [INFO] Processing: TradeMonitor_Log_20260327.csv
2026-03-27 09:23:04,174 [INFO] Filtered 1 LOG_ROLL row(s) from TradeMonitor_Log_20260327.csv
2026-03-27 09:23:04,188 [INFO] Done [TradeMonitor_Log_20260327.csv]: 1 inserted, 36 skipped (dupes). Events: {'MODIFY': 15, 'CLOSE': 12, 'OPEN': 9, 'EA_STOP': 1}
2026-03-27 09:27:19,493 [INFO] Processing: TradeMonitor_Log_20260327.csv
2026-03-27 09:27:19,496 [INFO] Filtered 1 LOG_ROLL row(s) from TradeMonitor_Log_20260327.csv
2026-03-27 09:27:19,512 [INFO] Done [TradeMonitor_Log_20260327.csv]: 1 inserted, 37 skipped (dupes). Events: {'MODIFY': 15, 'CLOSE': 13, 'OPEN': 9, 'EA_STOP': 1}
2026-03-27 10:21:42,468 [INFO] Processing: TradeMonitor_Log_20260327.csv
2026-03-27 10:21:42,496 [INFO] Filtered 1 LOG_ROLL row(s) from TradeMonitor_Log_20260327.csv
2026-03-27 10:21:42,527 [INFO] Done [TradeMonitor_Log_20260327.csv]: 0 inserted, 38 skipped (dupes). Events: {'MODIFY': 15, 'CLOSE': 13, 'OPEN': 9, 'EA_STOP': 1}
2026-03-27 11:15:19,881 [INFO] Processing: TradeMonitor_Log_20260327.csv
2026-03-27 11:15:19,894 [INFO] Filtered 1 LOG_ROLL row(s) from TradeMonitor_Log_20260327.csv
2026-03-27 11:15:19,939 [INFO] Done [TradeMonitor_Log_20260327.csv]: 2 inserted, 38 skipped (dupes). Events: {'MODIFY': 16, 'CLOSE': 13, 'OPEN': 10, 'EA_STOP': 1}
2026-03-27 11:15:23,141 [INFO] Processing: TradeMonitor_Log_20260327.csv
2026-03-27 11:15:23,143 [INFO] Filtered 1 LOG_ROLL row(s) from TradeMonitor_Log_20260327.csv
2026-03-27 11:15:23,156 [INFO] Done [TradeMonitor_Log_20260327.csv]: 0 inserted, 40 skipped (dupes). Events: {'MODIFY': 16, 'CLOSE': 13, 'OPEN': 10, 'EA_STOP': 1}
2026-03-27 11:21:44,116 [INFO] Processing: TradeMonitor_Log_20260327.csv
2026-03-27 11:21:44,118 [INFO] Filtered 1 LOG_ROLL row(s) from TradeMonitor_Log_20260327.csv
2026-03-27 11:21:44,134 [INFO] Done [TradeMonitor_Log_20260327.csv]: 0 inserted, 40 skipped (dupes). Events: {'MODIFY': 16, 'CLOSE': 13, 'OPEN': 10, 'EA_STOP': 1}
2026-03-27 11:57:45,896 [INFO] Processing: TradeMonitor_Log_20260327.csv
2026-03-27 11:57:45,901 [INFO] Filtered 1 LOG_ROLL row(s) from TradeMonitor_Log_20260327.csv
2026-03-27 11:57:45,918 [INFO] Done [TradeMonitor_Log_20260327.csv]: 2 inserted, 40 skipped (dupes). Events: {'MODIFY': 16, 'CLOSE': 15, 'OPEN': 10, 'EA_STOP': 1}
2026-03-27 12:21:44,957 [INFO] Processing: TradeMonitor_Log_20260327.csv
2026-03-27 12:21:44,960 [INFO] Filtered 1 LOG_ROLL row(s) from TradeMonitor_Log_20260327.csv
2026-03-27 12:21:44,980 [INFO] Done [TradeMonitor_Log_20260327.csv]: 0 inserted, 42 skipped (dupes). Events: {'MODIFY': 16, 'CLOSE': 15, 'OPEN': 10, 'EA_STOP': 1}
2026-03-27 13:21:45,828 [INFO] Processing: TradeMonitor_Log_20260327.csv
2026-03-27 13:21:45,853 [INFO] Filtered 1 LOG_ROLL row(s) from TradeMonitor_Log_20260327.csv
2026-03-27 13:21:45,913 [INFO] Done [TradeMonitor_Log_20260327.csv]: 0 inserted, 42 skipped (dupes). Events: {'MODIFY': 16, 'CLOSE': 15, 'OPEN': 10, 'EA_STOP': 1}
2026-03-27 13:45:03,330 [INFO] Processing: TradeMonitor_Log_20260327.csv
2026-03-27 13:45:03,349 [INFO] Filtered 1 LOG_ROLL row(s) from TradeMonitor_Log_20260327.csv
2026-03-27 13:45:03,410 [INFO] Done [TradeMonitor_Log_20260327.csv]: 3 inserted, 42 skipped (dupes). Events: {'MODIFY': 17, 'CLOSE': 16, 'OPEN': 11, 'EA_STOP': 1}
2026-03-27 13:45:06,612 [INFO] Processing: TradeMonitor_Log_20260327.csv
2026-03-27 13:45:06,614 [INFO] Filtered 1 LOG_ROLL row(s) from TradeMonitor_Log_20260327.csv
2026-03-27 13:45:06,635 [INFO] Done [TradeMonitor_Log_20260327.csv]: 0 inserted, 45 skipped (dupes). Events: {'MODIFY': 17, 'CLOSE': 16, 'OPEN': 11, 'EA_STOP': 1}
2026-03-27 14:21:46,119 [INFO] Processing: TradeMonitor_Log_20260327.csv
2026-03-27 14:21:46,131 [INFO] Filtered 1 LOG_ROLL row(s) from TradeMonitor_Log_20260327.csv
2026-03-27 14:21:46,176 [INFO] Done [TradeMonitor_Log_20260327.csv]: 0 inserted, 45 skipped (dupes). Events: {'MODIFY': 17, 'CLOSE': 16, 'OPEN': 11, 'EA_STOP': 1}
2026-03-27 15:15:09,240 [INFO] Processing: TradeMonitor_Log_20260327.csv
2026-03-27 15:15:09,255 [INFO] Filtered 1 LOG_ROLL row(s) from TradeMonitor_Log_20260327.csv
2026-03-27 15:15:09,318 [INFO] Done [TradeMonitor_Log_20260327.csv]: 2 inserted, 45 skipped (dupes). Events: {'MODIFY': 18, 'CLOSE': 16, 'OPEN': 12, 'EA_STOP': 1}
2026-03-27 15:15:12,520 [INFO] Processing: TradeMonitor_Log_20260327.csv
2026-03-27 15:15:12,522 [INFO] Filtered 1 LOG_ROLL row(s) from TradeMonitor_Log_20260327.csv
2026-03-27 15:15:12,565 [INFO] Done [TradeMonitor_Log_20260327.csv]: 0 inserted, 47 skipped (dupes). Events: {'MODIFY': 18, 'CLOSE': 16, 'OPEN': 12, 'EA_STOP': 1}
2026-03-27 15:21:47,142 [INFO] Processing: TradeMonitor_Log_20260327.csv
2026-03-27 15:21:47,145 [INFO] Filtered 1 LOG_ROLL row(s) from TradeMonitor_Log_20260327.csv
2026-03-27 15:21:47,207 [INFO] Done [TradeMonitor_Log_20260327.csv]: 0 inserted, 47 skipped (dupes). Events: {'MODIFY': 18, 'CLOSE': 16, 'OPEN': 12, 'EA_STOP': 1}
2026-03-27 15:30:14,630 [INFO] Processing: TradeMonitor_Log_20260327.csv
2026-03-27 15:30:14,634 [INFO] Filtered 1 LOG_ROLL row(s) from TradeMonitor_Log_20260327.csv
2026-03-27 15:30:14,767 [INFO] Done [TradeMonitor_Log_20260327.csv]: 3 inserted, 46 skipped (dupes). Events: {'MODIFY': 19, 'CLOSE': 16, 'OPEN': 13, 'EA_STOP': 1}
2026-03-27 15:30:17,169 [INFO] Processing: TradeMonitor_Log_20260327.csv
2026-03-27 15:30:17,170 [INFO] Filtered 1 LOG_ROLL row(s) from TradeMonitor_Log_20260327.csv
2026-03-27 15:30:17,191 [INFO] Done [TradeMonitor_Log_20260327.csv]: 0 inserted, 49 skipped (dupes). Events: {'MODIFY': 19, 'CLOSE': 16, 'OPEN': 13, 'EA_STOP': 1}
2026-03-27 15:45:03,184 [INFO] Processing: TradeMonitor_Log_20260327.csv
2026-03-27 15:45:03,190 [INFO] Filtered 1 LOG_ROLL row(s) from TradeMonitor_Log_20260327.csv
2026-03-27 15:45:03,221 [INFO] Done [TradeMonitor_Log_20260327.csv]: 2 inserted, 49 skipped (dupes). Events: {'MODIFY': 20, 'CLOSE': 16, 'OPEN': 14, 'EA_STOP': 1}
2026-03-27 16:00:03,604 [INFO] Processing: TradeMonitor_Log_20260327.csv
2026-03-27 16:00:03,612 [INFO] Filtered 1 LOG_ROLL row(s) from TradeMonitor_Log_20260327.csv
2026-03-27 16:00:03,655 [INFO] Done [TradeMonitor_Log_20260327.csv]: 2 inserted, 51 skipped (dupes). Events: {'MODIFY': 21, 'CLOSE': 16, 'OPEN': 15, 'EA_STOP': 1}
2026-03-27 16:00:06,857 [INFO] Processing: TradeMonitor_Log_20260327.csv
2026-03-27 16:00:06,859 [INFO] Filtered 1 LOG_ROLL row(s) from TradeMonitor_Log_20260327.csv
2026-03-27 16:00:06,878 [INFO] Done [TradeMonitor_Log_20260327.csv]: 0 inserted, 53 skipped (dupes). Events: {'MODIFY': 21, 'CLOSE': 16, 'OPEN': 15, 'EA_STOP': 1}
2026-03-27 16:21:48,204 [INFO] Processing: TradeMonitor_Log_20260327.csv
2026-03-27 16:21:48,214 [INFO] Filtered 1 LOG_ROLL row(s) from TradeMonitor_Log_20260327.csv
2026-03-27 16:21:48,248 [INFO] Done [TradeMonitor_Log_20260327.csv]: 0 inserted, 53 skipped (dupes). Events: {'MODIFY': 21, 'CLOSE': 16, 'OPEN': 15, 'EA_STOP': 1}
2026-03-27 17:21:48,934 [INFO] Processing: TradeMonitor_Log_20260327.csv
2026-03-27 17:21:48,981 [INFO] Filtered 1 LOG_ROLL row(s) from TradeMonitor_Log_20260327.csv
2026-03-27 17:21:49,025 [INFO] Done [TradeMonitor_Log_20260327.csv]: 0 inserted, 53 skipped (dupes). Events: {'MODIFY': 21, 'CLOSE': 16, 'OPEN': 15, 'EA_STOP': 1}
2026-03-27 17:45:38,471 [INFO] Processing: TradeMonitor_Log_20260327.csv
2026-03-27 17:45:38,476 [INFO] Filtered 1 LOG_ROLL row(s) from TradeMonitor_Log_20260327.csv
2026-03-27 17:45:38,503 [INFO] Done [TradeMonitor_Log_20260327.csv]: 2 inserted, 53 skipped (dupes). Events: {'MODIFY': 22, 'CLOSE': 16, 'OPEN': 16, 'EA_STOP': 1}
2026-03-27 18:21:49,896 [INFO] Processing: TradeMonitor_Log_20260327.csv
2026-03-27 18:21:49,898 [INFO] Filtered 1 LOG_ROLL row(s) from TradeMonitor_Log_20260327.csv
2026-03-27 18:21:49,921 [INFO] Done [TradeMonitor_Log_20260327.csv]: 0 inserted, 55 skipped (dupes). Events: {'MODIFY': 22, 'CLOSE': 16, 'OPEN': 16, 'EA_STOP': 1}
2026-03-27 19:21:50,744 [INFO] Processing: TradeMonitor_Log_20260327.csv
2026-03-27 19:21:50,746 [INFO] Filtered 1 LOG_ROLL row(s) from TradeMonitor_Log_20260327.csv
2026-03-27 19:21:50,766 [INFO] Done [TradeMonitor_Log_20260327.csv]: 0 inserted, 55 skipped (dupes). Events: {'MODIFY': 22, 'CLOSE': 16, 'OPEN': 16, 'EA_STOP': 1}
2026-03-27 20:15:06,654 [INFO] Processing: TradeMonitor_Log_20260327.csv
2026-03-27 20:15:06,657 [INFO] Filtered 1 LOG_ROLL row(s) from TradeMonitor_Log_20260327.csv
2026-03-27 20:15:06,679 [INFO] Done [TradeMonitor_Log_20260327.csv]: 1 inserted, 55 skipped (dupes). Events: {'MODIFY': 22, 'OPEN': 17, 'CLOSE': 16, 'EA_STOP': 1}
2026-03-27 20:15:11,481 [INFO] Processing: TradeMonitor_Log_20260327.csv
2026-03-27 20:15:11,484 [INFO] Filtered 1 LOG_ROLL row(s) from TradeMonitor_Log_20260327.csv
2026-03-27 20:15:11,508 [INFO] Done [TradeMonitor_Log_20260327.csv]: 2 inserted, 56 skipped (dupes). Events: {'MODIFY': 24, 'OPEN': 17, 'CLOSE': 16, 'EA_STOP': 1}
2026-03-27 20:15:17,912 [INFO] Processing: TradeMonitor_Log_20260327.csv
2026-03-27 20:15:17,919 [INFO] Filtered 1 LOG_ROLL row(s) from TradeMonitor_Log_20260327.csv
2026-03-27 20:15:17,943 [INFO] Done [TradeMonitor_Log_20260327.csv]: 1 inserted, 58 skipped (dupes). Events: {'MODIFY': 24, 'OPEN': 18, 'CLOSE': 16, 'EA_STOP': 1}
2026-03-27 20:15:22,745 [INFO] Processing: TradeMonitor_Log_20260327.csv
2026-03-27 20:15:22,750 [INFO] Filtered 1 LOG_ROLL row(s) from TradeMonitor_Log_20260327.csv
2026-03-27 20:15:22,773 [INFO] Done [TradeMonitor_Log_20260327.csv]: 2 inserted, 59 skipped (dupes). Events: {'MODIFY': 26, 'OPEN': 18, 'CLOSE': 16, 'EA_STOP': 1}
2026-03-27 20:21:51,745 [INFO] Processing: TradeMonitor_Log_20260327.csv
2026-03-27 20:21:51,747 [INFO] Filtered 1 LOG_ROLL row(s) from TradeMonitor_Log_20260327.csv
2026-03-27 20:21:51,770 [INFO] Done [TradeMonitor_Log_20260327.csv]: 0 inserted, 61 skipped (dupes). Events: {'MODIFY': 26, 'OPEN': 18, 'CLOSE': 16, 'EA_STOP': 1}
2026-03-27 20:43:59,570 [INFO] Processing: TradeMonitor_Log_20260327.csv
2026-03-27 20:43:59,573 [INFO] Filtered 1 LOG_ROLL row(s) from TradeMonitor_Log_20260327.csv
2026-03-27 20:43:59,595 [INFO] Done [TradeMonitor_Log_20260327.csv]: 1 inserted, 61 skipped (dupes). Events: {'MODIFY': 26, 'OPEN': 18, 'CLOSE': 17, 'EA_STOP': 1}
2026-03-27 20:50:25,346 [INFO] Processing: TradeMonitor_Log_20260327.csv
2026-03-27 20:50:25,349 [INFO] Filtered 1 LOG_ROLL row(s) from TradeMonitor_Log_20260327.csv
2026-03-27 20:50:25,386 [INFO] Done [TradeMonitor_Log_20260327.csv]: 1 inserted, 62 skipped (dupes). Events: {'MODIFY': 26, 'CLOSE': 18, 'OPEN': 18, 'EA_STOP': 1}
2026-03-27 21:00:21,632 [INFO] Processing: TradeMonitor_Log_20260327.csv
2026-03-27 21:00:21,634 [INFO] Filtered 1 LOG_ROLL row(s) from TradeMonitor_Log_20260327.csv
2026-03-27 21:00:21,654 [INFO] Done [TradeMonitor_Log_20260327.csv]: 2 inserted, 63 skipped (dupes). Events: {'MODIFY': 27, 'OPEN': 19, 'CLOSE': 18, 'EA_STOP': 1}
2026-03-27 21:21:52,599 [INFO] Processing: TradeMonitor_Log_20260327.csv
2026-03-27 21:21:52,602 [INFO] Filtered 1 LOG_ROLL row(s) from TradeMonitor_Log_20260327.csv
2026-03-27 21:21:52,623 [INFO] Done [TradeMonitor_Log_20260327.csv]: 0 inserted, 65 skipped (dupes). Events: {'MODIFY': 27, 'OPEN': 19, 'CLOSE': 18, 'EA_STOP': 1}
2026-03-27 21:39:52,543 [INFO] Processing: TradeMonitor_Log_20260327.csv
2026-03-27 21:39:52,548 [INFO] Filtered 1 LOG_ROLL row(s) from TradeMonitor_Log_20260327.csv
2026-03-27 21:39:52,570 [INFO] Done [TradeMonitor_Log_20260327.csv]: 2 inserted, 65 skipped (dupes). Events: {'MODIFY': 27, 'CLOSE': 20, 'OPEN': 19, 'EA_STOP': 1}
2026-03-27 21:43:12,657 [INFO] Processing: TradeMonitor_Log_20260327.csv
2026-03-27 21:43:12,659 [INFO] Filtered 1 LOG_ROLL row(s) from TradeMonitor_Log_20260327.csv
2026-03-27 21:43:12,693 [INFO] Done [TradeMonitor_Log_20260327.csv]: 2 inserted, 67 skipped (dupes). Events: {'MODIFY': 27, 'CLOSE': 22, 'OPEN': 19, 'EA_STOP': 1}
2026-03-27 21:43:23,099 [INFO] Processing: TradeMonitor_Log_20260327.csv
2026-03-27 21:43:23,101 [INFO] Filtered 1 LOG_ROLL row(s) from TradeMonitor_Log_20260327.csv
2026-03-27 21:43:23,127 [INFO] Done [TradeMonitor_Log_20260327.csv]: 1 inserted, 69 skipped (dupes). Events: {'MODIFY': 27, 'CLOSE': 23, 'OPEN': 19, 'EA_STOP': 1}
2026-03-27 22:21:53,474 [INFO] Processing: TradeMonitor_Log_20260327.csv
2026-03-27 22:21:53,487 [INFO] Filtered 1 LOG_ROLL row(s) from TradeMonitor_Log_20260327.csv
2026-03-27 22:21:53,520 [INFO] Done [TradeMonitor_Log_20260327.csv]: 0 inserted, 70 skipped (dupes). Events: {'MODIFY': 27, 'CLOSE': 23, 'OPEN': 19, 'EA_STOP': 1}
2026-03-27 22:25:32,024 [INFO] Processing: TradeMonitor_Log_20260327.csv
2026-03-27 22:25:32,027 [INFO] Filtered 1 LOG_ROLL row(s) from TradeMonitor_Log_20260327.csv
2026-03-27 22:25:32,048 [INFO] Done [TradeMonitor_Log_20260327.csv]: 1 inserted, 70 skipped (dupes). Events: {'MODIFY': 27, 'CLOSE': 24, 'OPEN': 19, 'EA_STOP': 1}
2026-03-27 23:00:02,669 [INFO] Processing: TradeMonitor_Log_20260327.csv
2026-03-27 23:00:02,673 [INFO] Filtered 1 LOG_ROLL row(s) from TradeMonitor_Log_20260327.csv
2026-03-27 23:00:02,703 [INFO] Done [TradeMonitor_Log_20260327.csv]: 2 inserted, 71 skipped (dupes). Events: {'MODIFY': 28, 'CLOSE': 24, 'OPEN': 20, 'EA_STOP': 1}
2026-03-27 23:00:06,705 [INFO] Processing: TradeMonitor_Log_20260327.csv
2026-03-27 23:00:06,707 [INFO] Filtered 1 LOG_ROLL row(s) from TradeMonitor_Log_20260327.csv
2026-03-27 23:00:06,728 [INFO] Done [TradeMonitor_Log_20260327.csv]: 0 inserted, 73 skipped (dupes). Events: {'MODIFY': 28, 'CLOSE': 24, 'OPEN': 20, 'EA_STOP': 1}
2026-03-27 23:00:24,335 [INFO] Processing: TradeMonitor_Log_20260327.csv
2026-03-27 23:00:24,337 [INFO] Filtered 1 LOG_ROLL row(s) from TradeMonitor_Log_20260327.csv
2026-03-27 23:00:24,358 [INFO] Done [TradeMonitor_Log_20260327.csv]: 1 inserted, 73 skipped (dupes). Events: {'MODIFY': 28, 'CLOSE': 25, 'OPEN': 20, 'EA_STOP': 1}
2026-03-27 23:15:03,194 [INFO] Processing: TradeMonitor_Log_20260327.csv
2026-03-27 23:15:03,196 [INFO] Filtered 1 LOG_ROLL row(s) from TradeMonitor_Log_20260327.csv
2026-03-27 23:15:03,222 [INFO] Done [TradeMonitor_Log_20260327.csv]: 2 inserted, 74 skipped (dupes). Events: {'MODIFY': 29, 'CLOSE': 25, 'OPEN': 21, 'EA_STOP': 1}
2026-03-27 23:16:06,451 [INFO] Processing: TradeMonitor_Log_20260327.csv
2026-03-27 23:16:06,452 [INFO] Filtered 1 LOG_ROLL row(s) from TradeMonitor_Log_20260327.csv
2026-03-27 23:16:06,476 [INFO] Done [TradeMonitor_Log_20260327.csv]: 1 inserted, 76 skipped (dupes). Events: {'MODIFY': 29, 'CLOSE': 26, 'OPEN': 21, 'EA_STOP': 1}
2026-03-27 23:21:53,047 [INFO] Processing: TradeMonitor_Log_20260327.csv
2026-03-27 23:21:53,049 [INFO] Filtered 1 LOG_ROLL row(s) from TradeMonitor_Log_20260327.csv
2026-03-27 23:21:53,069 [INFO] Done [TradeMonitor_Log_20260327.csv]: 0 inserted, 77 skipped (dupes). Events: {'MODIFY': 29, 'CLOSE': 26, 'OPEN': 21, 'EA_STOP': 1}
2026-03-27 23:30:02,102 [INFO] Processing: TradeMonitor_Log_20260327.csv
2026-03-27 23:30:02,104 [INFO] Filtered 1 LOG_ROLL row(s) from TradeMonitor_Log_20260327.csv
2026-03-27 23:30:02,125 [INFO] Done [TradeMonitor_Log_20260327.csv]: 2 inserted, 77 skipped (dupes). Events: {'MODIFY': 30, 'CLOSE': 26, 'OPEN': 22, 'EA_STOP': 1}
2026-03-27 23:30:06,127 [INFO] Processing: TradeMonitor_Log_20260327.csv
2026-03-27 23:30:06,129 [INFO] Filtered 1 LOG_ROLL row(s) from TradeMonitor_Log_20260327.csv
2026-03-27 23:30:06,151 [INFO] Done [TradeMonitor_Log_20260327.csv]: 1 inserted, 79 skipped (dupes). Events: {'MODIFY': 30, 'CLOSE': 27, 'OPEN': 22, 'EA_STOP': 1}
2026-03-27 23:30:10,153 [INFO] Processing: TradeMonitor_Log_20260327.csv
2026-03-27 23:30:10,155 [INFO] Filtered 1 LOG_ROLL row(s) from TradeMonitor_Log_20260327.csv
2026-03-27 23:30:10,175 [INFO] Done [TradeMonitor_Log_20260327.csv]: 0 inserted, 80 skipped (dupes). Events: {'MODIFY': 30, 'CLOSE': 27, 'OPEN': 22, 'EA_STOP': 1}
2026-03-27 23:30:15,779 [INFO] Processing: TradeMonitor_Log_20260327.csv
2026-03-27 23:30:15,781 [INFO] Filtered 1 LOG_ROLL row(s) from TradeMonitor_Log_20260327.csv
2026-03-27 23:30:15,803 [INFO] Done [TradeMonitor_Log_20260327.csv]: 1 inserted, 80 skipped (dupes). Events: {'MODIFY': 30, 'CLOSE': 27, 'OPEN': 23, 'EA_STOP': 1}
2026-03-27 23:30:21,405 [INFO] Processing: TradeMonitor_Log_20260327.csv
2026-03-27 23:30:21,407 [INFO] Filtered 1 LOG_ROLL row(s) from TradeMonitor_Log_20260327.csv
2026-03-27 23:30:21,429 [INFO] Done [TradeMonitor_Log_20260327.csv]: 2 inserted, 81 skipped (dupes). Events: {'MODIFY': 32, 'CLOSE': 27, 'OPEN': 23, 'EA_STOP': 1}
2026-03-27 23:55:30,175 [INFO] Processing: TradeMonitor_Log_20260327.csv
2026-03-27 23:55:30,177 [INFO] Filtered 1 LOG_ROLL row(s) from TradeMonitor_Log_20260327.csv
2026-03-27 23:55:30,210 [INFO] Done [TradeMonitor_Log_20260327.csv]: 2 inserted, 83 skipped (dupes). Events: {'MODIFY': 32, 'CLOSE': 29, 'OPEN': 23, 'EA_STOP': 1}
2026-03-28 00:00:03,941 [INFO] Processing: TradeMonitor_Log_20260327.csv
2026-03-28 00:00:03,942 [INFO] Filtered 2 LOG_ROLL row(s) from TradeMonitor_Log_20260327.csv
2026-03-28 00:00:03,972 [INFO] Done [TradeMonitor_Log_20260327.csv]: 0 inserted, 85 skipped (dupes). Events: {'MODIFY': 32, 'CLOSE': 29, 'OPEN': 23, 'EA_STOP': 1}
2026-03-28 00:00:04,773 [INFO] Processing: TradeMonitor_Log_20260328.csv
2026-03-28 00:00:04,782 [INFO] Done [TradeMonitor_Log_20260328.csv]: 2 inserted, 0 skipped (dupes). Events: {'OPEN': 1, 'MODIFY': 1}
2026-03-28 00:00:09,584 [INFO] Processing: TradeMonitor_Log_20260328.csv
2026-03-28 00:00:09,593 [INFO] Done [TradeMonitor_Log_20260328.csv]: 0 inserted, 2 skipped (dupes). Events: {'OPEN': 1, 'MODIFY': 1}
2026-03-28 00:00:11,994 [INFO] Processing: TradeMonitor_Log_20260328.csv
2026-03-28 00:00:12,005 [INFO] Done [TradeMonitor_Log_20260328.csv]: 0 inserted, 2 skipped (dupes). Events: {'OPEN': 1, 'MODIFY': 1}
2026-03-28 01:00:05,787 [INFO] Processing: TradeMonitor_Log_20260328.csv
2026-03-28 01:00:05,819 [INFO] Done [TradeMonitor_Log_20260328.csv]: 0 inserted, 2 skipped (dupes). Events: {'OPEN': 1, 'MODIFY': 1}
2026-03-28 02:00:05,895 [INFO] Processing: TradeMonitor_Log_20260328.csv
2026-03-28 02:00:05,913 [INFO] Done [TradeMonitor_Log_20260328.csv]: 0 inserted, 2 skipped (dupes). Events: {'OPEN': 1, 'MODIFY': 1}
2026-03-28 03:00:06,861 [INFO] Processing: TradeMonitor_Log_20260328.csv
2026-03-28 03:00:06,872 [INFO] Done [TradeMonitor_Log_20260328.csv]: 0 inserted, 2 skipped (dupes). Events: {'OPEN': 1, 'MODIFY': 1}
2026-03-28 04:00:07,078 [INFO] Processing: TradeMonitor_Log_20260328.csv
2026-03-28 04:00:07,086 [INFO] Done [TradeMonitor_Log_20260328.csv]: 0 inserted, 2 skipped (dupes). Events: {'OPEN': 1, 'MODIFY': 1}
2026-03-28 05:00:07,297 [INFO] Processing: TradeMonitor_Log_20260328.csv
2026-03-28 05:00:07,306 [INFO] Done [TradeMonitor_Log_20260328.csv]: 0 inserted, 2 skipped (dupes). Events: {'OPEN': 1, 'MODIFY': 1}
2026-03-28 06:00:07,504 [INFO] Processing: TradeMonitor_Log_20260328.csv
2026-03-28 06:00:07,513 [INFO] Done [TradeMonitor_Log_20260328.csv]: 0 inserted, 2 skipped (dupes). Events: {'OPEN': 1, 'MODIFY': 1}
2026-03-28 07:00:08,381 [INFO] Processing: TradeMonitor_Log_20260328.csv
2026-03-28 07:00:08,390 [INFO] Done [TradeMonitor_Log_20260328.csv]: 0 inserted, 2 skipped (dupes). Events: {'OPEN': 1, 'MODIFY': 1}
2026-03-28 08:00:08,127 [INFO] Processing: TradeMonitor_Log_20260328.csv
2026-03-28 08:00:08,155 [INFO] Done [TradeMonitor_Log_20260328.csv]: 0 inserted, 2 skipped (dupes). Events: {'OPEN': 1, 'MODIFY': 1}
2026-03-29 17:01:56,274 [INFO] === ShadowTradeMonitor Ingestion Starting ===
2026-03-29 17:01:56,298 [INFO] Directory: C:\Users\jpesm\AppData\Roaming\MetaQuotes\Terminal\Common\Files
2026-03-29 17:01:56,298 [INFO] Mode: live watch (Watchdog)
2026-03-29 17:01:56,299 [INFO] Backfilling 13 existing file(s)...
2026-03-29 17:01:56,299 [INFO] Processing: TradeMonitor_Log_20260317.csv
2026-03-29 17:01:56,331 [INFO] Filtered 3 LOG_ROLL row(s) from TradeMonitor_Log_20260317.csv
2026-03-29 17:01:56,681 [INFO] Done [TradeMonitor_Log_20260317.csv]: 1 inserted, 70 skipped (dupes). Events: {'MODIFY': 25, 'OPEN': 23, 'CLOSE': 22, 'EA_STOP': 1}
2026-03-29 17:01:56,681 [INFO] Processing: TradeMonitor_Log_20260318.csv
2026-03-29 17:01:56,687 [INFO] Filtered 2 LOG_ROLL row(s) from TradeMonitor_Log_20260318.csv
2026-03-29 17:01:56,713 [INFO] Done [TradeMonitor_Log_20260318.csv]: 1 inserted, 106 skipped (dupes). Events: {'MODIFY': 43, 'OPEN': 32, 'CLOSE': 31, 'EA_STOP': 1}
2026-03-29 17:01:56,742 [INFO] Processing: TradeMonitor_Log_20260319.csv
2026-03-29 17:01:56,766 [INFO] Filtered 3 LOG_ROLL row(s) from TradeMonitor_Log_20260319.csv
2026-03-29 17:01:56,806 [INFO] Done [TradeMonitor_Log_20260319.csv]: 2 inserted, 184 skipped (dupes). Events: {'MODIFY': 81, 'CLOSE': 53, 'OPEN': 50, 'EA_STOP': 2}
2026-03-29 17:01:56,806 [INFO] Processing: TradeMonitor_Log_20260320.csv
2026-03-29 17:01:56,813 [INFO] Filtered 1 LOG_ROLL row(s) from TradeMonitor_Log_20260320.csv
2026-03-29 17:01:56,859 [INFO] Done [TradeMonitor_Log_20260320.csv]: 0 inserted, 132 skipped (dupes). Events: {'MODIFY': 56, 'OPEN': 40, 'CLOSE': 36}
2026-03-29 17:01:56,860 [INFO] Processing: TradeMonitor_Log_20260321.csv
2026-03-29 17:01:56,879 [INFO] Done [TradeMonitor_Log_20260321.csv]: 0 inserted, 33 skipped (dupes). Events: {'MODIFY': 16, 'OPEN': 11, 'CLOSE': 6}
2026-03-29 17:01:56,882 [INFO] Processing: TradeMonitor_Log_20260322.csv
2026-03-29 17:01:56,904 [INFO] Filtered 3 LOG_ROLL row(s) from TradeMonitor_Log_20260322.csv
2026-03-29 17:01:56,921 [INFO] Done [TradeMonitor_Log_20260322.csv]: 1 inserted, 0 skipped (dupes). Events: {'EA_STOP': 1}
2026-03-29 17:01:56,921 [INFO] Processing: TradeMonitor_Log_20260323.csv
2026-03-29 17:01:56,928 [INFO] Filtered 1 LOG_ROLL row(s) from TradeMonitor_Log_20260323.csv
2026-03-29 17:01:56,983 [INFO] Done [TradeMonitor_Log_20260323.csv]: 0 inserted, 209 skipped (dupes). Events: {'MODIFY': 91, 'CLOSE': 64, 'OPEN': 54}
2026-03-29 17:01:56,993 [INFO] Processing: TradeMonitor_Log_20260324.csv
2026-03-29 17:01:57,000 [INFO] Filtered 2 LOG_ROLL row(s) from TradeMonitor_Log_20260324.csv
2026-03-29 17:01:57,027 [INFO] Done [TradeMonitor_Log_20260324.csv]: 1 inserted, 49 skipped (dupes). Events: {'MODIFY': 18, 'OPEN': 17, 'CLOSE': 14, 'EA_STOP': 1}
2026-03-29 17:01:57,041 [INFO] Processing: TradeMonitor_Log_20260325.csv
2026-03-29 17:01:57,050 [INFO] Filtered 2 LOG_ROLL row(s) from TradeMonitor_Log_20260325.csv
2026-03-29 17:01:57,069 [INFO] Done [TradeMonitor_Log_20260325.csv]: 0 inserted, 50 skipped (dupes). Events: {'CLOSE': 19, 'OPEN': 16, 'MODIFY': 15}
2026-03-29 17:01:57,088 [INFO] Processing: TradeMonitor_Log_20260326.csv
2026-03-29 17:01:57,095 [INFO] Filtered 2 LOG_ROLL row(s) from TradeMonitor_Log_20260326.csv
2026-03-29 17:01:57,111 [INFO] Done [TradeMonitor_Log_20260326.csv]: 0 inserted, 52 skipped (dupes). Events: {'MODIFY': 20, 'OPEN': 19, 'CLOSE': 13}
2026-03-29 17:01:57,112 [INFO] Processing: TradeMonitor_Log_20260327.csv
2026-03-29 17:01:57,146 [INFO] Filtered 2 LOG_ROLL row(s) from TradeMonitor_Log_20260327.csv
2026-03-29 17:01:57,167 [INFO] Done [TradeMonitor_Log_20260327.csv]: 0 inserted, 85 skipped (dupes). Events: {'MODIFY': 32, 'CLOSE': 29, 'OPEN': 23, 'EA_STOP': 1}
2026-03-29 17:01:57,167 [INFO] Processing: TradeMonitor_Log_20260328.csv
2026-03-29 17:01:57,179 [INFO] Done [TradeMonitor_Log_20260328.csv]: 0 inserted, 2 skipped (dupes). Events: {'OPEN': 1, 'MODIFY': 1}
2026-03-29 17:01:57,180 [INFO] Processing: TradeMonitor_Log_20260329.csv
2026-03-29 17:01:57,185 [INFO] Filtered 1 LOG_ROLL row(s) from TradeMonitor_Log_20260329.csv
2026-03-29 17:01:57,186 [WARNING] No trade rows after filtering system events: TradeMonitor_Log_20260329.csv
2026-03-29 17:01:57,186 [INFO] Backfill complete.
2026-03-29 17:01:57,187 [INFO] Live watch mode active. Press Ctrl+C to stop.
2026-03-29 17:03:05,791 [INFO] Processing: TradeMonitor_Log_20260329.csv
2026-03-29 17:03:05,794 [INFO] Filtered 2 LOG_ROLL row(s) from TradeMonitor_Log_20260329.csv
2026-03-29 17:03:05,795 [WARNING] No trade rows after filtering system events: TradeMonitor_Log_20260329.csv
2026-03-29 17:49:54,995 [INFO] Processing: TradeMonitor_Log_20260328.csv
2026-03-29 17:49:55,033 [INFO] Done [TradeMonitor_Log_20260328.csv]: 0 inserted, 2 skipped (dupes). Events: {'OPEN': 1, 'MODIFY': 1}
2026-03-29 18:01:00,917 [INFO] Processing: TradeMonitor_Log_20260329.csv
2026-03-29 18:01:00,920 [INFO] Filtered 2 LOG_ROLL row(s) from TradeMonitor_Log_20260329.csv
2026-03-29 18:01:00,921 [WARNING] No trade rows after filtering system events: TradeMonitor_Log_20260329.csv
2026-03-29 18:49:54,208 [INFO] Processing: TradeMonitor_Log_20260328.csv
2026-03-29 18:49:54,237 [INFO] Done [TradeMonitor_Log_20260328.csv]: 0 inserted, 2 skipped (dupes). Events: {'OPEN': 1, 'MODIFY': 1}
2026-03-29 19:01:00,146 [INFO] Processing: TradeMonitor_Log_20260329.csv
2026-03-29 19:01:00,148 [INFO] Filtered 2 LOG_ROLL row(s) from TradeMonitor_Log_20260329.csv
2026-03-29 19:01:00,148 [WARNING] No trade rows after filtering system events: TradeMonitor_Log_20260329.csv
2026-03-29 19:49:55,931 [INFO] Processing: TradeMonitor_Log_20260328.csv
2026-03-29 19:49:55,941 [INFO] Done [TradeMonitor_Log_20260328.csv]: 0 inserted, 2 skipped (dupes). Events: {'OPEN': 1, 'MODIFY': 1}
2026-03-29 20:01:01,052 [INFO] Processing: TradeMonitor_Log_20260329.csv
2026-03-29 20:01:01,054 [INFO] Filtered 2 LOG_ROLL row(s) from TradeMonitor_Log_20260329.csv
2026-03-29 20:01:01,054 [WARNING] No trade rows after filtering system events: TradeMonitor_Log_20260329.csv
2026-03-29 20:49:55,232 [INFO] Processing: TradeMonitor_Log_20260328.csv
2026-03-29 20:49:55,250 [INFO] Done [TradeMonitor_Log_20260328.csv]: 0 inserted, 2 skipped (dupes). Events: {'OPEN': 1, 'MODIFY': 1}
2026-03-29 21:01:00,357 [INFO] Processing: TradeMonitor_Log_20260329.csv
2026-03-29 21:01:00,359 [INFO] Filtered 2 LOG_ROLL row(s) from TradeMonitor_Log_20260329.csv
2026-03-29 21:01:00,359 [WARNING] No trade rows after filtering system events: TradeMonitor_Log_20260329.csv
2026-03-29 21:49:55,594 [INFO] Processing: TradeMonitor_Log_20260328.csv
2026-03-29 21:49:55,607 [INFO] Done [TradeMonitor_Log_20260328.csv]: 0 inserted, 2 skipped (dupes). Events: {'OPEN': 1, 'MODIFY': 1}
2026-03-29 22:01:01,524 [INFO] Processing: TradeMonitor_Log_20260329.csv
2026-03-29 22:01:01,526 [INFO] Filtered 2 LOG_ROLL row(s) from TradeMonitor_Log_20260329.csv
2026-03-29 22:01:01,527 [WARNING] No trade rows after filtering system events: TradeMonitor_Log_20260329.csv
2026-03-29 22:49:56,496 [INFO] Processing: TradeMonitor_Log_20260328.csv
2026-03-29 22:49:56,508 [INFO] Done [TradeMonitor_Log_20260328.csv]: 0 inserted, 2 skipped (dupes). Events: {'OPEN': 1, 'MODIFY': 1}
2026-03-29 23:01:00,814 [INFO] Processing: TradeMonitor_Log_20260329.csv
2026-03-29 23:01:00,815 [INFO] Filtered 2 LOG_ROLL row(s) from TradeMonitor_Log_20260329.csv
2026-03-29 23:01:00,816 [WARNING] No trade rows after filtering system events: TradeMonitor_Log_20260329.csv
2026-03-29 23:49:55,789 [INFO] Processing: TradeMonitor_Log_20260328.csv
2026-03-29 23:49:55,803 [INFO] Done [TradeMonitor_Log_20260328.csv]: 0 inserted, 2 skipped (dupes). Events: {'OPEN': 1, 'MODIFY': 1}
2026-03-30 00:00:01,688 [INFO] Processing: TradeMonitor_Log_20260329.csv
2026-03-30 00:00:01,690 [INFO] Filtered 3 LOG_ROLL row(s) from TradeMonitor_Log_20260329.csv
2026-03-30 00:00:01,690 [WARNING] No trade rows after filtering system events: TradeMonitor_Log_20260329.csv
2026-03-30 00:00:02,491 [INFO] Processing: TradeMonitor_Log_20260330.csv
2026-03-30 00:00:02,492 [ERROR] Failed to process TradeMonitor_Log_20260330.csv: No columns to parse from file
Traceback (most recent call last):
  File "C:\Users\jpesm\Desktop\Data_Pipeline_Projetcs\Ingest_Trade_Logs.py", line 102, in parse_and_load
    df = pd.read_csv(filepath, dtype=str)
  File "C:\Users\jpesm\AppData\Local\Programs\Python\Python314\Lib\site-packages\pandas\io\parsers\readers.py", line 873, in read_csv
    return _read(filepath_or_buffer, kwds)
  File "C:\Users\jpesm\AppData\Local\Programs\Python\Python314\Lib\site-packages\pandas\io\parsers\readers.py", line 300, in _read
    parser = TextFileReader(filepath_or_buffer, **kwds)
  File "C:\Users\jpesm\AppData\Local\Programs\Python\Python314\Lib\site-packages\pandas\io\parsers\readers.py", line 1645, in __init__
    self._engine = self._make_engine(f, self.engine)
                   ~~~~~~~~~~~~~~~~~^^^^^^^^^^^^^^^^
  File "C:\Users\jpesm\AppData\Local\Programs\Python\Python314\Lib\site-packages\pandas\io\parsers\readers.py", line 1922, in _make_engine
    return mapping[engine](f, **self.options)
           ~~~~~~~~~~~~~~~^^^^^^^^^^^^^^^^^^^
  File "C:\Users\jpesm\AppData\Local\Programs\Python\Python314\Lib\site-packages\pandas\io\parsers\c_parser_wrapper.py", line 95, in __init__
    self._reader = parsers.TextReader(src, **kwds)
                   ~~~~~~~~~~~~~~~~~~^^^^^^^^^^^^^
  File "pandas/_libs/parsers.pyx", line 575, in pandas._libs.parsers.TextReader.__cinit__
pandas.errors.EmptyDataError: No columns to parse from file
2026-03-30 01:00:02,593 [INFO] Processing: TradeMonitor_Log_20260329.csv
2026-03-30 01:00:02,595 [INFO] Filtered 3 LOG_ROLL row(s) from TradeMonitor_Log_20260329.csv
2026-03-30 01:00:02,595 [WARNING] No trade rows after filtering system events: TradeMonitor_Log_20260329.csv
2026-03-30 02:00:01,874 [INFO] Processing: TradeMonitor_Log_20260329.csv
2026-03-30 02:00:01,876 [INFO] Filtered 3 LOG_ROLL row(s) from TradeMonitor_Log_20260329.csv
2026-03-30 02:00:01,877 [WARNING] No trade rows after filtering system events: TradeMonitor_Log_20260329.csv
2026-03-30 03:00:02,449 [INFO] Processing: TradeMonitor_Log_20260329.csv
2026-03-30 03:00:02,450 [INFO] Filtered 3 LOG_ROLL row(s) from TradeMonitor_Log_20260329.csv
2026-03-30 03:00:02,451 [WARNING] No trade rows after filtering system events: TradeMonitor_Log_20260329.csv
2026-03-30 04:00:04,014 [INFO] Processing: TradeMonitor_Log_20260329.csv
2026-03-30 04:00:04,016 [INFO] Filtered 3 LOG_ROLL row(s) from TradeMonitor_Log_20260329.csv
2026-03-30 04:00:04,016 [WARNING] No trade rows after filtering system events: TradeMonitor_Log_20260329.csv
2026-03-30 05:00:04,084 [INFO] Processing: TradeMonitor_Log_20260329.csv
2026-03-30 05:00:04,085 [INFO] Filtered 3 LOG_ROLL row(s) from TradeMonitor_Log_20260329.csv
2026-03-30 05:00:04,086 [WARNING] No trade rows after filtering system events: TradeMonitor_Log_20260329.csv
2026-03-30 05:06:15,442 [INFO] Processing: TradeMonitor_Log_20260330.csv
2026-03-30 05:06:15,464 [INFO] Done [TradeMonitor_Log_20260330.csv]: 1 inserted, 0 skipped (dupes). Events: {'MODIFY': 1}
2026-03-30 05:17:28,571 [INFO] Processing: TradeMonitor_Log_20260330.csv
2026-03-30 05:17:28,582 [INFO] Done [TradeMonitor_Log_20260330.csv]: 2 inserted, 1 skipped (dupes). Events: {'MODIFY': 2, 'OPEN': 1}
2026-03-30 05:17:31,784 [INFO] Processing: TradeMonitor_Log_20260330.csv
2026-03-30 05:17:31,796 [INFO] Done [TradeMonitor_Log_20260330.csv]: 0 inserted, 3 skipped (dupes). Events: {'MODIFY': 2, 'OPEN': 1}
2026-03-30 05:33:21,836 [INFO] Processing: TradeMonitor_Log_20260330.csv
2026-03-30 05:33:21,848 [INFO] Done [TradeMonitor_Log_20260330.csv]: 1 inserted, 3 skipped (dupes). Events: {'MODIFY': 2, 'OPEN': 1, 'CLOSE': 1}
2026-03-30 06:00:05,795 [INFO] Processing: TradeMonitor_Log_20260330.csv
2026-03-30 06:00:05,808 [INFO] Done [TradeMonitor_Log_20260330.csv]: 2 inserted, 4 skipped (dupes). Events: {'MODIFY': 3, 'OPEN': 2, 'CLOSE': 1}
2026-03-30 06:00:09,010 [INFO] Processing: TradeMonitor_Log_20260330.csv
2026-03-30 06:00:09,022 [INFO] Done [TradeMonitor_Log_20260330.csv]: 0 inserted, 6 skipped (dupes). Events: {'MODIFY': 3, 'OPEN': 2, 'CLOSE': 1}
2026-03-30 06:15:23,039 [INFO] Processing: TradeMonitor_Log_20260330.csv
2026-03-30 06:15:23,070 [INFO] Done [TradeMonitor_Log_20260330.csv]: 1 inserted, 6 skipped (dupes). Events: {'MODIFY': 3, 'OPEN': 3, 'CLOSE': 1}
2026-03-30 06:15:27,872 [INFO] Processing: TradeMonitor_Log_20260330.csv
2026-03-30 06:15:27,884 [INFO] Done [TradeMonitor_Log_20260330.csv]: 2 inserted, 7 skipped (dupes). Events: {'MODIFY': 5, 'OPEN': 3, 'CLOSE': 1}
2026-03-30 06:45:03,722 [INFO] Processing: TradeMonitor_Log_20260330.csv
2026-03-30 06:45:03,740 [INFO] Done [TradeMonitor_Log_20260330.csv]: 4 inserted, 9 skipped (dupes). Events: {'MODIFY': 7, 'OPEN': 5, 'CLOSE': 1}
2026-03-30 06:45:06,941 [INFO] Processing: TradeMonitor_Log_20260330.csv
2026-03-30 06:45:06,952 [INFO] Done [TradeMonitor_Log_20260330.csv]: 0 inserted, 13 skipped (dupes). Events: {'MODIFY': 7, 'OPEN': 5, 'CLOSE': 1}
2026-03-30 06:45:11,753 [INFO] Processing: TradeMonitor_Log_20260330.csv
2026-03-30 06:45:11,765 [INFO] Done [TradeMonitor_Log_20260330.csv]: 2 inserted, 13 skipped (dupes). Events: {'MODIFY': 8, 'OPEN': 6, 'CLOSE': 1}
2026-03-30 06:45:14,966 [INFO] Processing: TradeMonitor_Log_20260330.csv
2026-03-30 06:45:14,978 [INFO] Done [TradeMonitor_Log_20260330.csv]: 0 inserted, 15 skipped (dupes). Events: {'MODIFY': 8, 'OPEN': 6, 'CLOSE': 1}
2026-03-30 07:45:04,349 [INFO] Processing: TradeMonitor_Log_20260330.csv
2026-03-30 07:45:04,366 [INFO] Done [TradeMonitor_Log_20260330.csv]: 0 inserted, 15 skipped (dupes). Events: {'MODIFY': 8, 'OPEN': 6, 'CLOSE': 1}
2026-03-30 08:15:03,208 [INFO] Processing: TradeMonitor_Log_20260330.csv
2026-03-30 08:15:03,244 [INFO] Done [TradeMonitor_Log_20260330.csv]: 2 inserted, 15 skipped (dupes). Events: {'MODIFY': 9, 'OPEN': 7, 'CLOSE': 1}
2026-03-30 08:15:06,445 [INFO] Processing: TradeMonitor_Log_20260330.csv
2026-03-30 08:15:06,458 [INFO] Done [TradeMonitor_Log_20260330.csv]: 0 inserted, 17 skipped (dupes). Events: {'MODIFY': 9, 'OPEN': 7, 'CLOSE': 1}
2026-03-30 08:15:19,264 [INFO] Processing: TradeMonitor_Log_20260330.csv
2026-03-30 08:15:19,277 [INFO] Done [TradeMonitor_Log_20260330.csv]: 2 inserted, 17 skipped (dupes). Events: {'MODIFY': 10, 'OPEN': 8, 'CLOSE': 1}
2026-03-30 08:15:21,679 [INFO] Processing: TradeMonitor_Log_20260330.csv
2026-03-30 08:15:21,691 [INFO] Done [TradeMonitor_Log_20260330.csv]: 0 inserted, 19 skipped (dupes). Events: {'MODIFY': 10, 'OPEN': 8, 'CLOSE': 1}
2026-03-30 08:15:25,694 [INFO] Processing: TradeMonitor_Log_20260330.csv
2026-03-30 08:15:25,707 [INFO] Done [TradeMonitor_Log_20260330.csv]: 1 inserted, 19 skipped (dupes). Events: {'MODIFY': 10, 'OPEN': 8, 'CLOSE': 2}
2026-03-30 08:18:48,191 [INFO] Processing: TradeMonitor_Log_20260330.csv
2026-03-30 08:18:48,204 [INFO] Done [TradeMonitor_Log_20260330.csv]: 1 inserted, 20 skipped (dupes). Events: {'MODIFY': 10, 'OPEN': 8, 'CLOSE': 3}
2026-03-30 08:19:24,220 [INFO] Processing: TradeMonitor_Log_20260330.csv
2026-03-30 08:19:24,234 [INFO] Done [TradeMonitor_Log_20260330.csv]: 1 inserted, 21 skipped (dupes). Events: {'MODIFY': 10, 'OPEN': 8, 'CLOSE': 4}
2026-03-30 08:19:54,646 [INFO] Processing: TradeMonitor_Log_20260330.csv
2026-03-30 08:19:54,662 [INFO] Done [TradeMonitor_Log_20260330.csv]: 1 inserted, 22 skipped (dupes). Events: {'MODIFY': 10, 'OPEN': 8, 'CLOSE': 5}
2026-03-30 08:27:19,640 [INFO] Processing: TradeMonitor_Log_20260330.csv
2026-03-30 08:27:19,667 [INFO] Done [TradeMonitor_Log_20260330.csv]: 1 inserted, 23 skipped (dupes). Events: {'MODIFY': 10, 'OPEN': 8, 'CLOSE': 6}
2026-03-30 09:16:06,673 [INFO] === ShadowTradeMonitor Ingestion Starting ===
2026-03-30 09:16:06,673 [INFO] Directory: C:\Users\jpesm\AppData\Roaming\MetaQuotes\Terminal\Common\Files
2026-03-30 09:16:06,673 [INFO] Mode: live watch (Watchdog)
2026-03-30 09:16:06,674 [INFO] Backfilling 14 existing file(s)...
2026-03-30 09:16:06,674 [INFO] Processing: TradeMonitor_Log_20260317.csv
2026-03-30 09:16:06,685 [INFO] Filtered 4 LOG_ROLL row(s) from TradeMonitor_Log_20260317.csv
2026-03-30 09:16:06,711 [ERROR] Failed to process TradeMonitor_Log_20260317.csv: (psycopg2.OperationalError) connection to server at "localhost" (::1), port 5432 failed: FATAL:  password authentication failed for user "postgres"

(Background on this error at: https://sqlalche.me/e/20/e3q8)
Traceback (most recent call last):
  File "C:\Users\jpesm\AppData\Local\Programs\Python\Python314\Lib\site-packages\sqlalchemy\engine\base.py", line 143, in __init__
    self._dbapi_connection = engine.raw_connection()
                             ~~~~~~~~~~~~~~~~~~~~~^^
  File "C:\Users\jpesm\AppData\Local\Programs\Python\Python314\Lib\site-packages\sqlalchemy\engine\base.py", line 3317, in raw_connection
    return self.pool.connect()
           ~~~~~~~~~~~~~~~~~^^
  File "C:\Users\jpesm\AppData\Local\Programs\Python\Python314\Lib\site-packages\sqlalchemy\pool\base.py", line 448, in connect
    return _ConnectionFairy._checkout(self)
           ~~~~~~~~~~~~~~~~~~~~~~~~~~^^^^^^
  File "C:\Users\jpesm\AppData\Local\Programs\Python\Python314\Lib\site-packages\sqlalchemy\pool\base.py", line 1272, in _checkout
    fairy = _ConnectionRecord.checkout(pool)
  File "C:\Users\jpesm\AppData\Local\Programs\Python\Python314\Lib\site-packages\sqlalchemy\pool\base.py", line 712, in checkout
    rec = pool._do_get()
  File "C:\Users\jpesm\AppData\Local\Programs\Python\Python314\Lib\site-packages\sqlalchemy\pool\impl.py", line 177, in _do_get
    with util.safe_reraise():
         ~~~~~~~~~~~~~~~~~^^
  File "C:\Users\jpesm\AppData\Local\Programs\Python\Python314\Lib\site-packages\sqlalchemy\util\langhelpers.py", line 121, in __exit__
    raise exc_value.with_traceback(exc_tb)
  File "C:\Users\jpesm\AppData\Local\Programs\Python\Python314\Lib\site-packages\sqlalchemy\pool\impl.py", line 175, in _do_get
    return self._create_connection()
           ~~~~~~~~~~~~~~~~~~~~~~~^^
  File "C:\Users\jpesm\AppData\Local\Programs\Python\Python314\Lib\site-packages\sqlalchemy\pool\base.py", line 389, in _create_connection
    return _ConnectionRecord(self)
  File "C:\Users\jpesm\AppData\Local\Programs\Python\Python314\Lib\site-packages\sqlalchemy\pool\base.py", line 674, in __init__
    self.__connect()
    ~~~~~~~~~~~~~~^^
  File "C:\Users\jpesm\AppData\Local\Programs\Python\Python314\Lib\site-packages\sqlalchemy\pool\base.py", line 900, in __connect
    with util.safe_reraise():
         ~~~~~~~~~~~~~~~~~^^
  File "C:\Users\jpesm\AppData\Local\Programs\Python\Python314\Lib\site-packages\sqlalchemy\util\langhelpers.py", line 121, in __exit__
    raise exc_value.with_traceback(exc_tb)
  File "C:\Users\jpesm\AppData\Local\Programs\Python\Python314\Lib\site-packages\sqlalchemy\pool\base.py", line 896, in __connect
    self.dbapi_connection = connection = pool._invoke_creator(self)
                                         ~~~~~~~~~~~~~~~~~~~~^^^^^^
  File "C:\Users\jpesm\AppData\Local\Programs\Python\Python314\Lib\site-packages\sqlalchemy\engine\create.py", line 667, in connect
    return dialect.connect(*cargs_tup, **cparams)
           ~~~~~~~~~~~~~~~^^^^^^^^^^^^^^^^^^^^^^^
  File "C:\Users\jpesm\AppData\Local\Programs\Python\Python314\Lib\site-packages\sqlalchemy\engine\default.py", line 630, in connect
    return self.loaded_dbapi.connect(*cargs, **cparams)  # type: ignore[no-any-return]  # NOQA: E501
           ~~~~~~~~~~~~~~~~~~~~~~~~~^^^^^^^^^^^^^^^^^^^
  File "C:\Users\jpesm\AppData\Local\Programs\Python\Python314\Lib\site-packages\psycopg2\__init__.py", line 135, in connect
    conn = _connect(dsn, connection_factory=connection_factory, **kwasync)
psycopg2.OperationalError: connection to server at "localhost" (::1), port 5432 failed: FATAL:  password authentication failed for user "postgres"


The above exception was the direct cause of the following exception:

Traceback (most recent call last):
  File "C:\Users\jpesm\Desktop\Data_Pipeline_Projetcs\Ingest_Trade_Logs.py", line 160, in parse_and_load
    inserted, skipped = bulk_upsert(df)
                        ~~~~~~~~~~~^^^^
  File "C:\Users\jpesm\Desktop\Data_Pipeline_Projetcs\Ingest_Trade_Logs.py", line 185, in bulk_upsert
    with engine.begin() as conn:
         ~~~~~~~~~~~~^^
  File "C:\Users\jpesm\AppData\Local\Programs\Python\Python314\Lib\contextlib.py", line 141, in __enter__
    return next(self.gen)
  File "C:\Users\jpesm\AppData\Local\Programs\Python\Python314\Lib\site-packages\sqlalchemy\engine\base.py", line 3257, in begin
    with self.connect() as conn:
         ~~~~~~~~~~~~^^
  File "C:\Users\jpesm\AppData\Local\Programs\Python\Python314\Lib\site-packages\sqlalchemy\engine\base.py", line 3293, in connect
    return self._connection_cls(self)
           ~~~~~~~~~~~~~~~~~~~~^^^^^^
  File "C:\Users\jpesm\AppData\Local\Programs\Python\Python314\Lib\site-packages\sqlalchemy\engine\base.py", line 145, in __init__
    Connection._handle_dbapi_exception_noconnection(
    ~~~~~~~~~~~~~~~~~~~~~~~~~~~~~~~~~~~~~~~~~~~~~~~^
        err, dialect, engine
        ^^^^^^^^^^^^^^^^^^^^
    )
    ^
  File "C:\Users\jpesm\AppData\Local\Programs\Python\Python314\Lib\site-packages\sqlalchemy\engine\base.py", line 2448, in _handle_dbapi_exception_noconnection
    raise sqlalchemy_exception.with_traceback(exc_info[2]) from e
  File "C:\Users\jpesm\AppData\Local\Programs\Python\Python314\Lib\site-packages\sqlalchemy\engine\base.py", line 143, in __init__
    self._dbapi_connection = engine.raw_connection()
                             ~~~~~~~~~~~~~~~~~~~~~^^
  File "C:\Users\jpesm\AppData\Local\Programs\Python\Python314\Lib\site-packages\sqlalchemy\engine\base.py", line 3317, in raw_connection
    return self.pool.connect()
           ~~~~~~~~~~~~~~~~~^^
  File "C:\Users\jpesm\AppData\Local\Programs\Python\Python314\Lib\site-packages\sqlalchemy\pool\base.py", line 448, in connect
    return _ConnectionFairy._checkout(self)
           ~~~~~~~~~~~~~~~~~~~~~~~~~~^^^^^^
  File "C:\Users\jpesm\AppData\Local\Programs\Python\Python314\Lib\site-packages\sqlalchemy\pool\base.py", line 1272, in _checkout
    fairy = _ConnectionRecord.checkout(pool)
  File "C:\Users\jpesm\AppData\Local\Programs\Python\Python314\Lib\site-packages\sqlalchemy\pool\base.py", line 712, in checkout
    rec = pool._do_get()
  File "C:\Users\jpesm\AppData\Local\Programs\Python\Python314\Lib\site-packages\sqlalchemy\pool\impl.py", line 177, in _do_get
    with util.safe_reraise():
         ~~~~~~~~~~~~~~~~~^^
  File "C:\Users\jpesm\AppData\Local\Programs\Python\Python314\Lib\site-packages\sqlalchemy\util\langhelpers.py", line 121, in __exit__
    raise exc_value.with_traceback(exc_tb)
  File "C:\Users\jpesm\AppData\Local\Programs\Python\Python314\Lib\site-packages\sqlalchemy\pool\impl.py", line 175, in _do_get
    return self._create_connection()
           ~~~~~~~~~~~~~~~~~~~~~~~^^
  File "C:\Users\jpesm\AppData\Local\Programs\Python\Python314\Lib\site-packages\sqlalchemy\pool\base.py", line 389, in _create_connection
    return _ConnectionRecord(self)
  File "C:\Users\jpesm\AppData\Local\Programs\Python\Python314\Lib\site-packages\sqlalchemy\pool\base.py", line 674, in __init__
    self.__connect()
    ~~~~~~~~~~~~~~^^
  File "C:\Users\jpesm\AppData\Local\Programs\Python\Python314\Lib\site-packages\sqlalchemy\pool\base.py", line 900, in __connect
    with util.safe_reraise():
         ~~~~~~~~~~~~~~~~~^^
  File "C:\Users\jpesm\AppData\Local\Programs\Python\Python314\Lib\site-packages\sqlalchemy\util\langhelpers.py", line 121, in __exit__
    raise exc_value.with_traceback(exc_tb)
  File "C:\Users\jpesm\AppData\Local\Programs\Python\Python314\Lib\site-packages\sqlalchemy\pool\base.py", line 896, in __connect
    self.dbapi_connection = connection = pool._invoke_creator(self)
                                         ~~~~~~~~~~~~~~~~~~~~^^^^^^
  File "C:\Users\jpesm\AppData\Local\Programs\Python\Python314\Lib\site-packages\sqlalchemy\engine\create.py", line 667, in connect
    return dialect.connect(*cargs_tup, **cparams)
           ~~~~~~~~~~~~~~~^^^^^^^^^^^^^^^^^^^^^^^
  File "C:\Users\jpesm\AppData\Local\Programs\Python\Python314\Lib\site-packages\sqlalchemy\engine\default.py", line 630, in connect
    return self.loaded_dbapi.connect(*cargs, **cparams)  # type: ignore[no-any-return]  # NOQA: E501
           ~~~~~~~~~~~~~~~~~~~~~~~~~^^^^^^^^^^^^^^^^^^^
  File "C:\Users\jpesm\AppData\Local\Programs\Python\Python314\Lib\site-packages\psycopg2\__init__.py", line 135, in connect
    conn = _connect(dsn, connection_factory=connection_factory, **kwasync)
sqlalchemy.exc.OperationalError: (psycopg2.OperationalError) connection to server at "localhost" (::1), port 5432 failed: FATAL:  password authentication failed for user "postgres"

(Background on this error at: https://sqlalche.me/e/20/e3q8)
2026-03-30 09:16:06,744 [INFO] Processing: TradeMonitor_Log_20260318.csv
2026-03-30 09:16:06,751 [INFO] Filtered 3 LOG_ROLL row(s) from TradeMonitor_Log_20260318.csv
2026-03-30 09:16:06,771 [ERROR] Failed to process TradeMonitor_Log_20260318.csv: (psycopg2.OperationalError) connection to server at "localhost" (::1), port 5432 failed: FATAL:  password authentication failed for user "postgres"

(Background on this error at: https://sqlalche.me/e/20/e3q8)
Traceback (most recent call last):
  File "C:\Users\jpesm\AppData\Local\Programs\Python\Python314\Lib\site-packages\sqlalchemy\engine\base.py", line 143, in __init__
    self._dbapi_connection = engine.raw_connection()
                             ~~~~~~~~~~~~~~~~~~~~~^^
  File "C:\Users\jpesm\AppData\Local\Programs\Python\Python314\Lib\site-packages\sqlalchemy\engine\base.py", line 3317, in raw_connection
    return self.pool.connect()
           ~~~~~~~~~~~~~~~~~^^
  File "C:\Users\jpesm\AppData\Local\Programs\Python\Python314\Lib\site-packages\sqlalchemy\pool\base.py", line 448, in connect
    return _ConnectionFairy._checkout(self)
           ~~~~~~~~~~~~~~~~~~~~~~~~~~^^^^^^
  File "C:\Users\jpesm\AppData\Local\Programs\Python\Python314\Lib\site-packages\sqlalchemy\pool\base.py", line 1272, in _checkout
    fairy = _ConnectionRecord.checkout(pool)
  File "C:\Users\jpesm\AppData\Local\Programs\Python\Python314\Lib\site-packages\sqlalchemy\pool\base.py", line 712, in checkout
    rec = pool._do_get()
  File "C:\Users\jpesm\AppData\Local\Programs\Python\Python314\Lib\site-packages\sqlalchemy\pool\impl.py", line 177, in _do_get
    with util.safe_reraise():
         ~~~~~~~~~~~~~~~~~^^
  File "C:\Users\jpesm\AppData\Local\Programs\Python\Python314\Lib\site-packages\sqlalchemy\util\langhelpers.py", line 121, in __exit__
    raise exc_value.with_traceback(exc_tb)
  File "C:\Users\jpesm\AppData\Local\Programs\Python\Python314\Lib\site-packages\sqlalchemy\pool\impl.py", line 175, in _do_get
    return self._create_connection()
           ~~~~~~~~~~~~~~~~~~~~~~~^^
  File "C:\Users\jpesm\AppData\Local\Programs\Python\Python314\Lib\site-packages\sqlalchemy\pool\base.py", line 389, in _create_connection
    return _ConnectionRecord(self)
  File "C:\Users\jpesm\AppData\Local\Programs\Python\Python314\Lib\site-packages\sqlalchemy\pool\base.py", line 674, in __init__
    self.__connect()
    ~~~~~~~~~~~~~~^^
  File "C:\Users\jpesm\AppData\Local\Programs\Python\Python314\Lib\site-packages\sqlalchemy\pool\base.py", line 900, in __connect
    with util.safe_reraise():
         ~~~~~~~~~~~~~~~~~^^
  File "C:\Users\jpesm\AppData\Local\Programs\Python\Python314\Lib\site-packages\sqlalchemy\util\langhelpers.py", line 121, in __exit__
    raise exc_value.with_traceback(exc_tb)
  File "C:\Users\jpesm\AppData\Local\Programs\Python\Python314\Lib\site-packages\sqlalchemy\pool\base.py", line 896, in __connect
    self.dbapi_connection = connection = pool._invoke_creator(self)
                                         ~~~~~~~~~~~~~~~~~~~~^^^^^^
  File "C:\Users\jpesm\AppData\Local\Programs\Python\Python314\Lib\site-packages\sqlalchemy\engine\create.py", line 667, in connect
    return dialect.connect(*cargs_tup, **cparams)
           ~~~~~~~~~~~~~~~^^^^^^^^^^^^^^^^^^^^^^^
  File "C:\Users\jpesm\AppData\Local\Programs\Python\Python314\Lib\site-packages\sqlalchemy\engine\default.py", line 630, in connect
    return self.loaded_dbapi.connect(*cargs, **cparams)  # type: ignore[no-any-return]  # NOQA: E501
           ~~~~~~~~~~~~~~~~~~~~~~~~~^^^^^^^^^^^^^^^^^^^
  File "C:\Users\jpesm\AppData\Local\Programs\Python\Python314\Lib\site-packages\psycopg2\__init__.py", line 135, in connect
    conn = _connect(dsn, connection_factory=connection_factory, **kwasync)
psycopg2.OperationalError: connection to server at "localhost" (::1), port 5432 failed: FATAL:  password authentication failed for user "postgres"


The above exception was the direct cause of the following exception:

Traceback (most recent call last):
  File "C:\Users\jpesm\Desktop\Data_Pipeline_Projetcs\Ingest_Trade_Logs.py", line 160, in parse_and_load
    inserted, skipped = bulk_upsert(df)
                        ~~~~~~~~~~~^^^^
  File "C:\Users\jpesm\Desktop\Data_Pipeline_Projetcs\Ingest_Trade_Logs.py", line 185, in bulk_upsert
    with engine.begin() as conn:
         ~~~~~~~~~~~~^^
  File "C:\Users\jpesm\AppData\Local\Programs\Python\Python314\Lib\contextlib.py", line 141, in __enter__
    return next(self.gen)
  File "C:\Users\jpesm\AppData\Local\Programs\Python\Python314\Lib\site-packages\sqlalchemy\engine\base.py", line 3257, in begin
    with self.connect() as conn:
         ~~~~~~~~~~~~^^
  File "C:\Users\jpesm\AppData\Local\Programs\Python\Python314\Lib\site-packages\sqlalchemy\engine\base.py", line 3293, in connect
    return self._connection_cls(self)
           ~~~~~~~~~~~~~~~~~~~~^^^^^^
  File "C:\Users\jpesm\AppData\Local\Programs\Python\Python314\Lib\site-packages\sqlalchemy\engine\base.py", line 145, in __init__
    Connection._handle_dbapi_exception_noconnection(
    ~~~~~~~~~~~~~~~~~~~~~~~~~~~~~~~~~~~~~~~~~~~~~~~^
        err, dialect, engine
        ^^^^^^^^^^^^^^^^^^^^
    )
    ^
  File "C:\Users\jpesm\AppData\Local\Programs\Python\Python314\Lib\site-packages\sqlalchemy\engine\base.py", line 2448, in _handle_dbapi_exception_noconnection
    raise sqlalchemy_exception.with_traceback(exc_info[2]) from e
  File "C:\Users\jpesm\AppData\Local\Programs\Python\Python314\Lib\site-packages\sqlalchemy\engine\base.py", line 143, in __init__
    self._dbapi_connection = engine.raw_connection()
                             ~~~~~~~~~~~~~~~~~~~~~^^
  File "C:\Users\jpesm\AppData\Local\Programs\Python\Python314\Lib\site-packages\sqlalchemy\engine\base.py", line 3317, in raw_connection
    return self.pool.connect()
           ~~~~~~~~~~~~~~~~~^^
  File "C:\Users\jpesm\AppData\Local\Programs\Python\Python314\Lib\site-packages\sqlalchemy\pool\base.py", line 448, in connect
    return _ConnectionFairy._checkout(self)
           ~~~~~~~~~~~~~~~~~~~~~~~~~~^^^^^^
  File "C:\Users\jpesm\AppData\Local\Programs\Python\Python314\Lib\site-packages\sqlalchemy\pool\base.py", line 1272, in _checkout
    fairy = _ConnectionRecord.checkout(pool)
  File "C:\Users\jpesm\AppData\Local\Programs\Python\Python314\Lib\site-packages\sqlalchemy\pool\base.py", line 712, in checkout
    rec = pool._do_get()
  File "C:\Users\jpesm\AppData\Local\Programs\Python\Python314\Lib\site-packages\sqlalchemy\pool\impl.py", line 177, in _do_get
    with util.safe_reraise():
         ~~~~~~~~~~~~~~~~~^^
  File "C:\Users\jpesm\AppData\Local\Programs\Python\Python314\Lib\site-packages\sqlalchemy\util\langhelpers.py", line 121, in __exit__
    raise exc_value.with_traceback(exc_tb)
  File "C:\Users\jpesm\AppData\Local\Programs\Python\Python314\Lib\site-packages\sqlalchemy\pool\impl.py", line 175, in _do_get
    return self._create_connection()
           ~~~~~~~~~~~~~~~~~~~~~~~^^
  File "C:\Users\jpesm\AppData\Local\Programs\Python\Python314\Lib\site-packages\sqlalchemy\pool\base.py", line 389, in _create_connection
    return _ConnectionRecord(self)
  File "C:\Users\jpesm\AppData\Local\Programs\Python\Python314\Lib\site-packages\sqlalchemy\pool\base.py", line 674, in __init__
    self.__connect()
    ~~~~~~~~~~~~~~^^
  File "C:\Users\jpesm\AppData\Local\Programs\Python\Python314\Lib\site-packages\sqlalchemy\pool\base.py", line 900, in __connect
    with util.safe_reraise():
         ~~~~~~~~~~~~~~~~~^^
  File "C:\Users\jpesm\AppData\Local\Programs\Python\Python314\Lib\site-packages\sqlalchemy\util\langhelpers.py", line 121, in __exit__
    raise exc_value.with_traceback(exc_tb)
  File "C:\Users\jpesm\AppData\Local\Programs\Python\Python314\Lib\site-packages\sqlalchemy\pool\base.py", line 896, in __connect
    self.dbapi_connection = connection = pool._invoke_creator(self)
                                         ~~~~~~~~~~~~~~~~~~~~^^^^^^
  File "C:\Users\jpesm\AppData\Local\Programs\Python\Python314\Lib\site-packages\sqlalchemy\engine\create.py", line 667, in connect
    return dialect.connect(*cargs_tup, **cparams)
           ~~~~~~~~~~~~~~~^^^^^^^^^^^^^^^^^^^^^^^
  File "C:\Users\jpesm\AppData\Local\Programs\Python\Python314\Lib\site-packages\sqlalchemy\engine\default.py", line 630, in connect
    return self.loaded_dbapi.connect(*cargs, **cparams)  # type: ignore[no-any-return]  # NOQA: E501
           ~~~~~~~~~~~~~~~~~~~~~~~~~^^^^^^^^^^^^^^^^^^^
  File "C:\Users\jpesm\AppData\Local\Programs\Python\Python314\Lib\site-packages\psycopg2\__init__.py", line 135, in connect
    conn = _connect(dsn, connection_factory=connection_factory, **kwasync)
sqlalchemy.exc.OperationalError: (psycopg2.OperationalError) connection to server at "localhost" (::1), port 5432 failed: FATAL:  password authentication failed for user "postgres"

(Background on this error at: https://sqlalche.me/e/20/e3q8)
2026-03-30 09:16:06,774 [INFO] Processing: TradeMonitor_Log_20260319.csv
2026-03-30 09:16:06,782 [INFO] Filtered 5 LOG_ROLL row(s) from TradeMonitor_Log_20260319.csv
2026-03-30 09:16:06,801 [ERROR] Failed to process TradeMonitor_Log_20260319.csv: (psycopg2.OperationalError) connection to server at "localhost" (::1), port 5432 failed: FATAL:  password authentication failed for user "postgres"

(Background on this error at: https://sqlalche.me/e/20/e3q8)
Traceback (most recent call last):
  File "C:\Users\jpesm\AppData\Local\Programs\Python\Python314\Lib\site-packages\sqlalchemy\engine\base.py", line 143, in __init__
    self._dbapi_connection = engine.raw_connection()
                             ~~~~~~~~~~~~~~~~~~~~~^^
  File "C:\Users\jpesm\AppData\Local\Programs\Python\Python314\Lib\site-packages\sqlalchemy\engine\base.py", line 3317, in raw_connection
    return self.pool.connect()
           ~~~~~~~~~~~~~~~~~^^
  File "C:\Users\jpesm\AppData\Local\Programs\Python\Python314\Lib\site-packages\sqlalchemy\pool\base.py", line 448, in connect
    return _ConnectionFairy._checkout(self)
           ~~~~~~~~~~~~~~~~~~~~~~~~~~^^^^^^
  File "C:\Users\jpesm\AppData\Local\Programs\Python\Python314\Lib\site-packages\sqlalchemy\pool\base.py", line 1272, in _checkout
    fairy = _ConnectionRecord.checkout(pool)
  File "C:\Users\jpesm\AppData\Local\Programs\Python\Python314\Lib\site-packages\sqlalchemy\pool\base.py", line 712, in checkout
    rec = pool._do_get()
  File "C:\Users\jpesm\AppData\Local\Programs\Python\Python314\Lib\site-packages\sqlalchemy\pool\impl.py", line 177, in _do_get
    with util.safe_reraise():
         ~~~~~~~~~~~~~~~~~^^
  File "C:\Users\jpesm\AppData\Local\Programs\Python\Python314\Lib\site-packages\sqlalchemy\util\langhelpers.py", line 121, in __exit__
    raise exc_value.with_traceback(exc_tb)
  File "C:\Users\jpesm\AppData\Local\Programs\Python\Python314\Lib\site-packages\sqlalchemy\pool\impl.py", line 175, in _do_get
    return self._create_connection()
           ~~~~~~~~~~~~~~~~~~~~~~~^^
  File "C:\Users\jpesm\AppData\Local\Programs\Python\Python314\Lib\site-packages\sqlalchemy\pool\base.py", line 389, in _create_connection
    return _ConnectionRecord(self)
  File "C:\Users\jpesm\AppData\Local\Programs\Python\Python314\Lib\site-packages\sqlalchemy\pool\base.py", line 674, in __init__
    self.__connect()
    ~~~~~~~~~~~~~~^^
  File "C:\Users\jpesm\AppData\Local\Programs\Python\Python314\Lib\site-packages\sqlalchemy\pool\base.py", line 900, in __connect
    with util.safe_reraise():
         ~~~~~~~~~~~~~~~~~^^
  File "C:\Users\jpesm\AppData\Local\Programs\Python\Python314\Lib\site-packages\sqlalchemy\util\langhelpers.py", line 121, in __exit__
    raise exc_value.with_traceback(exc_tb)
  File "C:\Users\jpesm\AppData\Local\Programs\Python\Python314\Lib\site-packages\sqlalchemy\pool\base.py", line 896, in __connect
    self.dbapi_connection = connection = pool._invoke_creator(self)
                                         ~~~~~~~~~~~~~~~~~~~~^^^^^^
  File "C:\Users\jpesm\AppData\Local\Programs\Python\Python314\Lib\site-packages\sqlalchemy\engine\create.py", line 667, in connect
    return dialect.connect(*cargs_tup, **cparams)
           ~~~~~~~~~~~~~~~^^^^^^^^^^^^^^^^^^^^^^^
  File "C:\Users\jpesm\AppData\Local\Programs\Python\Python314\Lib\site-packages\sqlalchemy\engine\default.py", line 630, in connect
    return self.loaded_dbapi.connect(*cargs, **cparams)  # type: ignore[no-any-return]  # NOQA: E501
           ~~~~~~~~~~~~~~~~~~~~~~~~~^^^^^^^^^^^^^^^^^^^
  File "C:\Users\jpesm\AppData\Local\Programs\Python\Python314\Lib\site-packages\psycopg2\__init__.py", line 135, in connect
    conn = _connect(dsn, connection_factory=connection_factory, **kwasync)
psycopg2.OperationalError: connection to server at "localhost" (::1), port 5432 failed: FATAL:  password authentication failed for user "postgres"


The above exception was the direct cause of the following exception:

Traceback (most recent call last):
  File "C:\Users\jpesm\Desktop\Data_Pipeline_Projetcs\Ingest_Trade_Logs.py", line 160, in parse_and_load
    inserted, skipped = bulk_upsert(df)
                        ~~~~~~~~~~~^^^^
  File "C:\Users\jpesm\Desktop\Data_Pipeline_Projetcs\Ingest_Trade_Logs.py", line 185, in bulk_upsert
    with engine.begin() as conn:
         ~~~~~~~~~~~~^^
  File "C:\Users\jpesm\AppData\Local\Programs\Python\Python314\Lib\contextlib.py", line 141, in __enter__
    return next(self.gen)
  File "C:\Users\jpesm\AppData\Local\Programs\Python\Python314\Lib\site-packages\sqlalchemy\engine\base.py", line 3257, in begin
    with self.connect() as conn:
         ~~~~~~~~~~~~^^
  File "C:\Users\jpesm\AppData\Local\Programs\Python\Python314\Lib\site-packages\sqlalchemy\engine\base.py", line 3293, in connect
    return self._connection_cls(self)
           ~~~~~~~~~~~~~~~~~~~~^^^^^^
  File "C:\Users\jpesm\AppData\Local\Programs\Python\Python314\Lib\site-packages\sqlalchemy\engine\base.py", line 145, in __init__
    Connection._handle_dbapi_exception_noconnection(
    ~~~~~~~~~~~~~~~~~~~~~~~~~~~~~~~~~~~~~~~~~~~~~~~^
        err, dialect, engine
        ^^^^^^^^^^^^^^^^^^^^
    )
    ^
  File "C:\Users\jpesm\AppData\Local\Programs\Python\Python314\Lib\site-packages\sqlalchemy\engine\base.py", line 2448, in _handle_dbapi_exception_noconnection
    raise sqlalchemy_exception.with_traceback(exc_info[2]) from e
  File "C:\Users\jpesm\AppData\Local\Programs\Python\Python314\Lib\site-packages\sqlalchemy\engine\base.py", line 143, in __init__
    self._dbapi_connection = engine.raw_connection()
                             ~~~~~~~~~~~~~~~~~~~~~^^
  File "C:\Users\jpesm\AppData\Local\Programs\Python\Python314\Lib\site-packages\sqlalchemy\engine\base.py", line 3317, in raw_connection
    return self.pool.connect()
           ~~~~~~~~~~~~~~~~~^^
  File "C:\Users\jpesm\AppData\Local\Programs\Python\Python314\Lib\site-packages\sqlalchemy\pool\base.py", line 448, in connect
    return _ConnectionFairy._checkout(self)
           ~~~~~~~~~~~~~~~~~~~~~~~~~~^^^^^^
  File "C:\Users\jpesm\AppData\Local\Programs\Python\Python314\Lib\site-packages\sqlalchemy\pool\base.py", line 1272, in _checkout
    fairy = _ConnectionRecord.checkout(pool)
  File "C:\Users\jpesm\AppData\Local\Programs\Python\Python314\Lib\site-packages\sqlalchemy\pool\base.py", line 712, in checkout
    rec = pool._do_get()
  File "C:\Users\jpesm\AppData\Local\Programs\Python\Python314\Lib\site-packages\sqlalchemy\pool\impl.py", line 177, in _do_get
    with util.safe_reraise():
         ~~~~~~~~~~~~~~~~~^^
  File "C:\Users\jpesm\AppData\Local\Programs\Python\Python314\Lib\site-packages\sqlalchemy\util\langhelpers.py", line 121, in __exit__
    raise exc_value.with_traceback(exc_tb)
  File "C:\Users\jpesm\AppData\Local\Programs\Python\Python314\Lib\site-packages\sqlalchemy\pool\impl.py", line 175, in _do_get
    return self._create_connection()
           ~~~~~~~~~~~~~~~~~~~~~~~^^
  File "C:\Users\jpesm\AppData\Local\Programs\Python\Python314\Lib\site-packages\sqlalchemy\pool\base.py", line 389, in _create_connection
    return _ConnectionRecord(self)
  File "C:\Users\jpesm\AppData\Local\Programs\Python\Python314\Lib\site-packages\sqlalchemy\pool\base.py", line 674, in __init__
    self.__connect()
    ~~~~~~~~~~~~~~^^
  File "C:\Users\jpesm\AppData\Local\Programs\Python\Python314\Lib\site-packages\sqlalchemy\pool\base.py", line 900, in __connect
    with util.safe_reraise():
         ~~~~~~~~~~~~~~~~~^^
  File "C:\Users\jpesm\AppData\Local\Programs\Python\Python314\Lib\site-packages\sqlalchemy\util\langhelpers.py", line 121, in __exit__
    raise exc_value.with_traceback(exc_tb)
  File "C:\Users\jpesm\AppData\Local\Programs\Python\Python314\Lib\site-packages\sqlalchemy\pool\base.py", line 896, in __connect
    self.dbapi_connection = connection = pool._invoke_creator(self)
                                         ~~~~~~~~~~~~~~~~~~~~^^^^^^
  File "C:\Users\jpesm\AppData\Local\Programs\Python\Python314\Lib\site-packages\sqlalchemy\engine\create.py", line 667, in connect
    return dialect.connect(*cargs_tup, **cparams)
           ~~~~~~~~~~~~~~~^^^^^^^^^^^^^^^^^^^^^^^
  File "C:\Users\jpesm\AppData\Local\Programs\Python\Python314\Lib\site-packages\sqlalchemy\engine\default.py", line 630, in connect
    return self.loaded_dbapi.connect(*cargs, **cparams)  # type: ignore[no-any-return]  # NOQA: E501
           ~~~~~~~~~~~~~~~~~~~~~~~~~^^^^^^^^^^^^^^^^^^^
  File "C:\Users\jpesm\AppData\Local\Programs\Python\Python314\Lib\site-packages\psycopg2\__init__.py", line 135, in connect
    conn = _connect(dsn, connection_factory=connection_factory, **kwasync)
sqlalchemy.exc.OperationalError: (psycopg2.OperationalError) connection to server at "localhost" (::1), port 5432 failed: FATAL:  password authentication failed for user "postgres"

(Background on this error at: https://sqlalche.me/e/20/e3q8)
2026-03-30 09:16:06,805 [INFO] Processing: TradeMonitor_Log_20260320.csv
2026-03-30 09:16:06,813 [INFO] Filtered 1 LOG_ROLL row(s) from TradeMonitor_Log_20260320.csv
2026-03-30 09:16:06,833 [ERROR] Failed to process TradeMonitor_Log_20260320.csv: (psycopg2.OperationalError) connection to server at "localhost" (::1), port 5432 failed: FATAL:  password authentication failed for user "postgres"

(Background on this error at: https://sqlalche.me/e/20/e3q8)
Traceback (most recent call last):
  File "C:\Users\jpesm\AppData\Local\Programs\Python\Python314\Lib\site-packages\sqlalchemy\engine\base.py", line 143, in __init__
    self._dbapi_connection = engine.raw_connection()
                             ~~~~~~~~~~~~~~~~~~~~~^^
  File "C:\Users\jpesm\AppData\Local\Programs\Python\Python314\Lib\site-packages\sqlalchemy\engine\base.py", line 3317, in raw_connection
    return self.pool.connect()
           ~~~~~~~~~~~~~~~~~^^
  File "C:\Users\jpesm\AppData\Local\Programs\Python\Python314\Lib\site-packages\sqlalchemy\pool\base.py", line 448, in connect
    return _ConnectionFairy._checkout(self)
           ~~~~~~~~~~~~~~~~~~~~~~~~~~^^^^^^
  File "C:\Users\jpesm\AppData\Local\Programs\Python\Python314\Lib\site-packages\sqlalchemy\pool\base.py", line 1272, in _checkout
    fairy = _ConnectionRecord.checkout(pool)
  File "C:\Users\jpesm\AppData\Local\Programs\Python\Python314\Lib\site-packages\sqlalchemy\pool\base.py", line 712, in checkout
    rec = pool._do_get()
  File "C:\Users\jpesm\AppData\Local\Programs\Python\Python314\Lib\site-packages\sqlalchemy\pool\impl.py", line 177, in _do_get
    with util.safe_reraise():
         ~~~~~~~~~~~~~~~~~^^
  File "C:\Users\jpesm\AppData\Local\Programs\Python\Python314\Lib\site-packages\sqlalchemy\util\langhelpers.py", line 121, in __exit__
    raise exc_value.with_traceback(exc_tb)
  File "C:\Users\jpesm\AppData\Local\Programs\Python\Python314\Lib\site-packages\sqlalchemy\pool\impl.py", line 175, in _do_get
    return self._create_connection()
           ~~~~~~~~~~~~~~~~~~~~~~~^^
  File "C:\Users\jpesm\AppData\Local\Programs\Python\Python314\Lib\site-packages\sqlalchemy\pool\base.py", line 389, in _create_connection
    return _ConnectionRecord(self)
  File "C:\Users\jpesm\AppData\Local\Programs\Python\Python314\Lib\site-packages\sqlalchemy\pool\base.py", line 674, in __init__
    self.__connect()
    ~~~~~~~~~~~~~~^^
  File "C:\Users\jpesm\AppData\Local\Programs\Python\Python314\Lib\site-packages\sqlalchemy\pool\base.py", line 900, in __connect
    with util.safe_reraise():
         ~~~~~~~~~~~~~~~~~^^
  File "C:\Users\jpesm\AppData\Local\Programs\Python\Python314\Lib\site-packages\sqlalchemy\util\langhelpers.py", line 121, in __exit__
    raise exc_value.with_traceback(exc_tb)
  File "C:\Users\jpesm\AppData\Local\Programs\Python\Python314\Lib\site-packages\sqlalchemy\pool\base.py", line 896, in __connect
    self.dbapi_connection = connection = pool._invoke_creator(self)
                                         ~~~~~~~~~~~~~~~~~~~~^^^^^^
  File "C:\Users\jpesm\AppData\Local\Programs\Python\Python314\Lib\site-packages\sqlalchemy\engine\create.py", line 667, in connect
    return dialect.connect(*cargs_tup, **cparams)
           ~~~~~~~~~~~~~~~^^^^^^^^^^^^^^^^^^^^^^^
  File "C:\Users\jpesm\AppData\Local\Programs\Python\Python314\Lib\site-packages\sqlalchemy\engine\default.py", line 630, in connect
    return self.loaded_dbapi.connect(*cargs, **cparams)  # type: ignore[no-any-return]  # NOQA: E501
           ~~~~~~~~~~~~~~~~~~~~~~~~~^^^^^^^^^^^^^^^^^^^
  File "C:\Users\jpesm\AppData\Local\Programs\Python\Python314\Lib\site-packages\psycopg2\__init__.py", line 135, in connect
    conn = _connect(dsn, connection_factory=connection_factory, **kwasync)
psycopg2.OperationalError: connection to server at "localhost" (::1), port 5432 failed: FATAL:  password authentication failed for user "postgres"


The above exception was the direct cause of the following exception:

Traceback (most recent call last):
  File "C:\Users\jpesm\Desktop\Data_Pipeline_Projetcs\Ingest_Trade_Logs.py", line 160, in parse_and_load
    inserted, skipped = bulk_upsert(df)
                        ~~~~~~~~~~~^^^^
  File "C:\Users\jpesm\Desktop\Data_Pipeline_Projetcs\Ingest_Trade_Logs.py", line 185, in bulk_upsert
    with engine.begin() as conn:
         ~~~~~~~~~~~~^^
  File "C:\Users\jpesm\AppData\Local\Programs\Python\Python314\Lib\contextlib.py", line 141, in __enter__
    return next(self.gen)
  File "C:\Users\jpesm\AppData\Local\Programs\Python\Python314\Lib\site-packages\sqlalchemy\engine\base.py", line 3257, in begin
    with self.connect() as conn:
         ~~~~~~~~~~~~^^
  File "C:\Users\jpesm\AppData\Local\Programs\Python\Python314\Lib\site-packages\sqlalchemy\engine\base.py", line 3293, in connect
    return self._connection_cls(self)
           ~~~~~~~~~~~~~~~~~~~~^^^^^^
  File "C:\Users\jpesm\AppData\Local\Programs\Python\Python314\Lib\site-packages\sqlalchemy\engine\base.py", line 145, in __init__
    Connection._handle_dbapi_exception_noconnection(
    ~~~~~~~~~~~~~~~~~~~~~~~~~~~~~~~~~~~~~~~~~~~~~~~^
        err, dialect, engine
        ^^^^^^^^^^^^^^^^^^^^
    )
    ^
  File "C:\Users\jpesm\AppData\Local\Programs\Python\Python314\Lib\site-packages\sqlalchemy\engine\base.py", line 2448, in _handle_dbapi_exception_noconnection
    raise sqlalchemy_exception.with_traceback(exc_info[2]) from e
  File "C:\Users\jpesm\AppData\Local\Programs\Python\Python314\Lib\site-packages\sqlalchemy\engine\base.py", line 143, in __init__
    self._dbapi_connection = engine.raw_connection()
                             ~~~~~~~~~~~~~~~~~~~~~^^
  File "C:\Users\jpesm\AppData\Local\Programs\Python\Python314\Lib\site-packages\sqlalchemy\engine\base.py", line 3317, in raw_connection
    return self.pool.connect()
           ~~~~~~~~~~~~~~~~~^^
  File "C:\Users\jpesm\AppData\Local\Programs\Python\Python314\Lib\site-packages\sqlalchemy\pool\base.py", line 448, in connect
    return _ConnectionFairy._checkout(self)
           ~~~~~~~~~~~~~~~~~~~~~~~~~~^^^^^^
  File "C:\Users\jpesm\AppData\Local\Programs\Python\Python314\Lib\site-packages\sqlalchemy\pool\base.py", line 1272, in _checkout
    fairy = _ConnectionRecord.checkout(pool)
  File "C:\Users\jpesm\AppData\Local\Programs\Python\Python314\Lib\site-packages\sqlalchemy\pool\base.py", line 712, in checkout
    rec = pool._do_get()
  File "C:\Users\jpesm\AppData\Local\Programs\Python\Python314\Lib\site-packages\sqlalchemy\pool\impl.py", line 177, in _do_get
    with util.safe_reraise():
         ~~~~~~~~~~~~~~~~~^^
  File "C:\Users\jpesm\AppData\Local\Programs\Python\Python314\Lib\site-packages\sqlalchemy\util\langhelpers.py", line 121, in __exit__
    raise exc_value.with_traceback(exc_tb)
  File "C:\Users\jpesm\AppData\Local\Programs\Python\Python314\Lib\site-packages\sqlalchemy\pool\impl.py", line 175, in _do_get
    return self._create_connection()
           ~~~~~~~~~~~~~~~~~~~~~~~^^
  File "C:\Users\jpesm\AppData\Local\Programs\Python\Python314\Lib\site-packages\sqlalchemy\pool\base.py", line 389, in _create_connection
    return _ConnectionRecord(self)
  File "C:\Users\jpesm\AppData\Local\Programs\Python\Python314\Lib\site-packages\sqlalchemy\pool\base.py", line 674, in __init__
    self.__connect()
    ~~~~~~~~~~~~~~^^
  File "C:\Users\jpesm\AppData\Local\Programs\Python\Python314\Lib\site-packages\sqlalchemy\pool\base.py", line 900, in __connect
    with util.safe_reraise():
         ~~~~~~~~~~~~~~~~~^^
  File "C:\Users\jpesm\AppData\Local\Programs\Python\Python314\Lib\site-packages\sqlalchemy\util\langhelpers.py", line 121, in __exit__
    raise exc_value.with_traceback(exc_tb)
  File "C:\Users\jpesm\AppData\Local\Programs\Python\Python314\Lib\site-packages\sqlalchemy\pool\base.py", line 896, in __connect
    self.dbapi_connection = connection = pool._invoke_creator(self)
                                         ~~~~~~~~~~~~~~~~~~~~^^^^^^
  File "C:\Users\jpesm\AppData\Local\Programs\Python\Python314\Lib\site-packages\sqlalchemy\engine\create.py", line 667, in connect
    return dialect.connect(*cargs_tup, **cparams)
           ~~~~~~~~~~~~~~~^^^^^^^^^^^^^^^^^^^^^^^
  File "C:\Users\jpesm\AppData\Local\Programs\Python\Python314\Lib\site-packages\sqlalchemy\engine\default.py", line 630, in connect
    return self.loaded_dbapi.connect(*cargs, **cparams)  # type: ignore[no-any-return]  # NOQA: E501
           ~~~~~~~~~~~~~~~~~~~~~~~~~^^^^^^^^^^^^^^^^^^^
  File "C:\Users\jpesm\AppData\Local\Programs\Python\Python314\Lib\site-packages\psycopg2\__init__.py", line 135, in connect
    conn = _connect(dsn, connection_factory=connection_factory, **kwasync)
sqlalchemy.exc.OperationalError: (psycopg2.OperationalError) connection to server at "localhost" (::1), port 5432 failed: FATAL:  password authentication failed for user "postgres"

(Background on this error at: https://sqlalche.me/e/20/e3q8)
2026-03-30 09:16:06,837 [INFO] Processing: TradeMonitor_Log_20260321.csv
2026-03-30 09:16:06,864 [ERROR] Failed to process TradeMonitor_Log_20260321.csv: (psycopg2.OperationalError) connection to server at "localhost" (::1), port 5432 failed: FATAL:  password authentication failed for user "postgres"

(Background on this error at: https://sqlalche.me/e/20/e3q8)
Traceback (most recent call last):
  File "C:\Users\jpesm\AppData\Local\Programs\Python\Python314\Lib\site-packages\sqlalchemy\engine\base.py", line 143, in __init__
    self._dbapi_connection = engine.raw_connection()
                             ~~~~~~~~~~~~~~~~~~~~~^^
  File "C:\Users\jpesm\AppData\Local\Programs\Python\Python314\Lib\site-packages\sqlalchemy\engine\base.py", line 3317, in raw_connection
    return self.pool.connect()
           ~~~~~~~~~~~~~~~~~^^
  File "C:\Users\jpesm\AppData\Local\Programs\Python\Python314\Lib\site-packages\sqlalchemy\pool\base.py", line 448, in connect
    return _ConnectionFairy._checkout(self)
           ~~~~~~~~~~~~~~~~~~~~~~~~~~^^^^^^
  File "C:\Users\jpesm\AppData\Local\Programs\Python\Python314\Lib\site-packages\sqlalchemy\pool\base.py", line 1272, in _checkout
    fairy = _ConnectionRecord.checkout(pool)
  File "C:\Users\jpesm\AppData\Local\Programs\Python\Python314\Lib\site-packages\sqlalchemy\pool\base.py", line 712, in checkout
    rec = pool._do_get()
  File "C:\Users\jpesm\AppData\Local\Programs\Python\Python314\Lib\site-packages\sqlalchemy\pool\impl.py", line 177, in _do_get
    with util.safe_reraise():
         ~~~~~~~~~~~~~~~~~^^
  File "C:\Users\jpesm\AppData\Local\Programs\Python\Python314\Lib\site-packages\sqlalchemy\util\langhelpers.py", line 121, in __exit__
    raise exc_value.with_traceback(exc_tb)
  File "C:\Users\jpesm\AppData\Local\Programs\Python\Python314\Lib\site-packages\sqlalchemy\pool\impl.py", line 175, in _do_get
    return self._create_connection()
           ~~~~~~~~~~~~~~~~~~~~~~~^^
  File "C:\Users\jpesm\AppData\Local\Programs\Python\Python314\Lib\site-packages\sqlalchemy\pool\base.py", line 389, in _create_connection
    return _ConnectionRecord(self)
  File "C:\Users\jpesm\AppData\Local\Programs\Python\Python314\Lib\site-packages\sqlalchemy\pool\base.py", line 674, in __init__
    self.__connect()
    ~~~~~~~~~~~~~~^^
  File "C:\Users\jpesm\AppData\Local\Programs\Python\Python314\Lib\site-packages\sqlalchemy\pool\base.py", line 900, in __connect
    with util.safe_reraise():
         ~~~~~~~~~~~~~~~~~^^
  File "C:\Users\jpesm\AppData\Local\Programs\Python\Python314\Lib\site-packages\sqlalchemy\util\langhelpers.py", line 121, in __exit__
    raise exc_value.with_traceback(exc_tb)
  File "C:\Users\jpesm\AppData\Local\Programs\Python\Python314\Lib\site-packages\sqlalchemy\pool\base.py", line 896, in __connect
    self.dbapi_connection = connection = pool._invoke_creator(self)
                                         ~~~~~~~~~~~~~~~~~~~~^^^^^^
  File "C:\Users\jpesm\AppData\Local\Programs\Python\Python314\Lib\site-packages\sqlalchemy\engine\create.py", line 667, in connect
    return dialect.connect(*cargs_tup, **cparams)
           ~~~~~~~~~~~~~~~^^^^^^^^^^^^^^^^^^^^^^^
  File "C:\Users\jpesm\AppData\Local\Programs\Python\Python314\Lib\site-packages\sqlalchemy\engine\default.py", line 630, in connect
    return self.loaded_dbapi.connect(*cargs, **cparams)  # type: ignore[no-any-return]  # NOQA: E501
           ~~~~~~~~~~~~~~~~~~~~~~~~~^^^^^^^^^^^^^^^^^^^
  File "C:\Users\jpesm\AppData\Local\Programs\Python\Python314\Lib\site-packages\psycopg2\__init__.py", line 135, in connect
    conn = _connect(dsn, connection_factory=connection_factory, **kwasync)
psycopg2.OperationalError: connection to server at "localhost" (::1), port 5432 failed: FATAL:  password authentication failed for user "postgres"


The above exception was the direct cause of the following exception:

Traceback (most recent call last):
  File "C:\Users\jpesm\Desktop\Data_Pipeline_Projetcs\Ingest_Trade_Logs.py", line 160, in parse_and_load
    inserted, skipped = bulk_upsert(df)
                        ~~~~~~~~~~~^^^^
  File "C:\Users\jpesm\Desktop\Data_Pipeline_Projetcs\Ingest_Trade_Logs.py", line 185, in bulk_upsert
    with engine.begin() as conn:
         ~~~~~~~~~~~~^^
  File "C:\Users\jpesm\AppData\Local\Programs\Python\Python314\Lib\contextlib.py", line 141, in __enter__
    return next(self.gen)
  File "C:\Users\jpesm\AppData\Local\Programs\Python\Python314\Lib\site-packages\sqlalchemy\engine\base.py", line 3257, in begin
    with self.connect() as conn:
         ~~~~~~~~~~~~^^
  File "C:\Users\jpesm\AppData\Local\Programs\Python\Python314\Lib\site-packages\sqlalchemy\engine\base.py", line 3293, in connect
    return self._connection_cls(self)
           ~~~~~~~~~~~~~~~~~~~~^^^^^^
  File "C:\Users\jpesm\AppData\Local\Programs\Python\Python314\Lib\site-packages\sqlalchemy\engine\base.py", line 145, in __init__
    Connection._handle_dbapi_exception_noconnection(
    ~~~~~~~~~~~~~~~~~~~~~~~~~~~~~~~~~~~~~~~~~~~~~~~^
        err, dialect, engine
        ^^^^^^^^^^^^^^^^^^^^
    )
    ^
  File "C:\Users\jpesm\AppData\Local\Programs\Python\Python314\Lib\site-packages\sqlalchemy\engine\base.py", line 2448, in _handle_dbapi_exception_noconnection
    raise sqlalchemy_exception.with_traceback(exc_info[2]) from e
  File "C:\Users\jpesm\AppData\Local\Programs\Python\Python314\Lib\site-packages\sqlalchemy\engine\base.py", line 143, in __init__
    self._dbapi_connection = engine.raw_connection()
                             ~~~~~~~~~~~~~~~~~~~~~^^
  File "C:\Users\jpesm\AppData\Local\Programs\Python\Python314\Lib\site-packages\sqlalchemy\engine\base.py", line 3317, in raw_connection
    return self.pool.connect()
           ~~~~~~~~~~~~~~~~~^^
  File "C:\Users\jpesm\AppData\Local\Programs\Python\Python314\Lib\site-packages\sqlalchemy\pool\base.py", line 448, in connect
    return _ConnectionFairy._checkout(self)
           ~~~~~~~~~~~~~~~~~~~~~~~~~~^^^^^^
  File "C:\Users\jpesm\AppData\Local\Programs\Python\Python314\Lib\site-packages\sqlalchemy\pool\base.py", line 1272, in _checkout
    fairy = _ConnectionRecord.checkout(pool)
  File "C:\Users\jpesm\AppData\Local\Programs\Python\Python314\Lib\site-packages\sqlalchemy\pool\base.py", line 712, in checkout
    rec = pool._do_get()
  File "C:\Users\jpesm\AppData\Local\Programs\Python\Python314\Lib\site-packages\sqlalchemy\pool\impl.py", line 177, in _do_get
    with util.safe_reraise():
         ~~~~~~~~~~~~~~~~~^^
  File "C:\Users\jpesm\AppData\Local\Programs\Python\Python314\Lib\site-packages\sqlalchemy\util\langhelpers.py", line 121, in __exit__
    raise exc_value.with_traceback(exc_tb)
  File "C:\Users\jpesm\AppData\Local\Programs\Python\Python314\Lib\site-packages\sqlalchemy\pool\impl.py", line 175, in _do_get
    return self._create_connection()
           ~~~~~~~~~~~~~~~~~~~~~~~^^
  File "C:\Users\jpesm\AppData\Local\Programs\Python\Python314\Lib\site-packages\sqlalchemy\pool\base.py", line 389, in _create_connection
    return _ConnectionRecord(self)
  File "C:\Users\jpesm\AppData\Local\Programs\Python\Python314\Lib\site-packages\sqlalchemy\pool\base.py", line 674, in __init__
    self.__connect()
    ~~~~~~~~~~~~~~^^
  File "C:\Users\jpesm\AppData\Local\Programs\Python\Python314\Lib\site-packages\sqlalchemy\pool\base.py", line 900, in __connect
    with util.safe_reraise():
         ~~~~~~~~~~~~~~~~~^^
  File "C:\Users\jpesm\AppData\Local\Programs\Python\Python314\Lib\site-packages\sqlalchemy\util\langhelpers.py", line 121, in __exit__
    raise exc_value.with_traceback(exc_tb)
  File "C:\Users\jpesm\AppData\Local\Programs\Python\Python314\Lib\site-packages\sqlalchemy\pool\base.py", line 896, in __connect
    self.dbapi_connection = connection = pool._invoke_creator(self)
                                         ~~~~~~~~~~~~~~~~~~~~^^^^^^
  File "C:\Users\jpesm\AppData\Local\Programs\Python\Python314\Lib\site-packages\sqlalchemy\engine\create.py", line 667, in connect
    return dialect.connect(*cargs_tup, **cparams)
           ~~~~~~~~~~~~~~~^^^^^^^^^^^^^^^^^^^^^^^
  File "C:\Users\jpesm\AppData\Local\Programs\Python\Python314\Lib\site-packages\sqlalchemy\engine\default.py", line 630, in connect
    return self.loaded_dbapi.connect(*cargs, **cparams)  # type: ignore[no-any-return]  # NOQA: E501
           ~~~~~~~~~~~~~~~~~~~~~~~~~^^^^^^^^^^^^^^^^^^^
  File "C:\Users\jpesm\AppData\Local\Programs\Python\Python314\Lib\site-packages\psycopg2\__init__.py", line 135, in connect
    conn = _connect(dsn, connection_factory=connection_factory, **kwasync)
sqlalchemy.exc.OperationalError: (psycopg2.OperationalError) connection to server at "localhost" (::1), port 5432 failed: FATAL:  password authentication failed for user "postgres"

(Background on this error at: https://sqlalche.me/e/20/e3q8)
2026-03-30 09:16:06,868 [INFO] Processing: TradeMonitor_Log_20260322.csv
2026-03-30 09:16:06,874 [INFO] Filtered 4 LOG_ROLL row(s) from TradeMonitor_Log_20260322.csv
2026-03-30 09:16:06,874 [WARNING] No trade rows after filtering system events: TradeMonitor_Log_20260322.csv
2026-03-30 09:16:06,874 [INFO] Processing: TradeMonitor_Log_20260323.csv
2026-03-30 09:16:06,881 [INFO] Filtered 1 LOG_ROLL row(s) from TradeMonitor_Log_20260323.csv
2026-03-30 09:16:06,911 [ERROR] Failed to process TradeMonitor_Log_20260323.csv: (psycopg2.OperationalError) connection to server at "localhost" (::1), port 5432 failed: FATAL:  password authentication failed for user "postgres"

(Background on this error at: https://sqlalche.me/e/20/e3q8)
Traceback (most recent call last):
  File "C:\Users\jpesm\AppData\Local\Programs\Python\Python314\Lib\site-packages\sqlalchemy\engine\base.py", line 143, in __init__
    self._dbapi_connection = engine.raw_connection()
                             ~~~~~~~~~~~~~~~~~~~~~^^
  File "C:\Users\jpesm\AppData\Local\Programs\Python\Python314\Lib\site-packages\sqlalchemy\engine\base.py", line 3317, in raw_connection
    return self.pool.connect()
           ~~~~~~~~~~~~~~~~~^^
  File "C:\Users\jpesm\AppData\Local\Programs\Python\Python314\Lib\site-packages\sqlalchemy\pool\base.py", line 448, in connect
    return _ConnectionFairy._checkout(self)
           ~~~~~~~~~~~~~~~~~~~~~~~~~~^^^^^^
  File "C:\Users\jpesm\AppData\Local\Programs\Python\Python314\Lib\site-packages\sqlalchemy\pool\base.py", line 1272, in _checkout
    fairy = _ConnectionRecord.checkout(pool)
  File "C:\Users\jpesm\AppData\Local\Programs\Python\Python314\Lib\site-packages\sqlalchemy\pool\base.py", line 712, in checkout
    rec = pool._do_get()
  File "C:\Users\jpesm\AppData\Local\Programs\Python\Python314\Lib\site-packages\sqlalchemy\pool\impl.py", line 177, in _do_get
    with util.safe_reraise():
         ~~~~~~~~~~~~~~~~~^^
  File "C:\Users\jpesm\AppData\Local\Programs\Python\Python314\Lib\site-packages\sqlalchemy\util\langhelpers.py", line 121, in __exit__
    raise exc_value.with_traceback(exc_tb)
  File "C:\Users\jpesm\AppData\Local\Programs\Python\Python314\Lib\site-packages\sqlalchemy\pool\impl.py", line 175, in _do_get
    return self._create_connection()
           ~~~~~~~~~~~~~~~~~~~~~~~^^
  File "C:\Users\jpesm\AppData\Local\Programs\Python\Python314\Lib\site-packages\sqlalchemy\pool\base.py", line 389, in _create_connection
    return _ConnectionRecord(self)
  File "C:\Users\jpesm\AppData\Local\Programs\Python\Python314\Lib\site-packages\sqlalchemy\pool\base.py", line 674, in __init__
    self.__connect()
    ~~~~~~~~~~~~~~^^
  File "C:\Users\jpesm\AppData\Local\Programs\Python\Python314\Lib\site-packages\sqlalchemy\pool\base.py", line 900, in __connect
    with util.safe_reraise():
         ~~~~~~~~~~~~~~~~~^^
  File "C:\Users\jpesm\AppData\Local\Programs\Python\Python314\Lib\site-packages\sqlalchemy\util\langhelpers.py", line 121, in __exit__
    raise exc_value.with_traceback(exc_tb)
  File "C:\Users\jpesm\AppData\Local\Programs\Python\Python314\Lib\site-packages\sqlalchemy\pool\base.py", line 896, in __connect
    self.dbapi_connection = connection = pool._invoke_creator(self)
                                         ~~~~~~~~~~~~~~~~~~~~^^^^^^
  File "C:\Users\jpesm\AppData\Local\Programs\Python\Python314\Lib\site-packages\sqlalchemy\engine\create.py", line 667, in connect
    return dialect.connect(*cargs_tup, **cparams)
           ~~~~~~~~~~~~~~~^^^^^^^^^^^^^^^^^^^^^^^
  File "C:\Users\jpesm\AppData\Local\Programs\Python\Python314\Lib\site-packages\sqlalchemy\engine\default.py", line 630, in connect
    return self.loaded_dbapi.connect(*cargs, **cparams)  # type: ignore[no-any-return]  # NOQA: E501
           ~~~~~~~~~~~~~~~~~~~~~~~~~^^^^^^^^^^^^^^^^^^^
  File "C:\Users\jpesm\AppData\Local\Programs\Python\Python314\Lib\site-packages\psycopg2\__init__.py", line 135, in connect
    conn = _connect(dsn, connection_factory=connection_factory, **kwasync)
psycopg2.OperationalError: connection to server at "localhost" (::1), port 5432 failed: FATAL:  password authentication failed for user "postgres"


The above exception was the direct cause of the following exception:

Traceback (most recent call last):
  File "C:\Users\jpesm\Desktop\Data_Pipeline_Projetcs\Ingest_Trade_Logs.py", line 160, in parse_and_load
    inserted, skipped = bulk_upsert(df)
                        ~~~~~~~~~~~^^^^
  File "C:\Users\jpesm\Desktop\Data_Pipeline_Projetcs\Ingest_Trade_Logs.py", line 185, in bulk_upsert
    with engine.begin() as conn:
         ~~~~~~~~~~~~^^
  File "C:\Users\jpesm\AppData\Local\Programs\Python\Python314\Lib\contextlib.py", line 141, in __enter__
    return next(self.gen)
  File "C:\Users\jpesm\AppData\Local\Programs\Python\Python314\Lib\site-packages\sqlalchemy\engine\base.py", line 3257, in begin
    with self.connect() as conn:
         ~~~~~~~~~~~~^^
  File "C:\Users\jpesm\AppData\Local\Programs\Python\Python314\Lib\site-packages\sqlalchemy\engine\base.py", line 3293, in connect
    return self._connection_cls(self)
           ~~~~~~~~~~~~~~~~~~~~^^^^^^
  File "C:\Users\jpesm\AppData\Local\Programs\Python\Python314\Lib\site-packages\sqlalchemy\engine\base.py", line 145, in __init__
    Connection._handle_dbapi_exception_noconnection(
    ~~~~~~~~~~~~~~~~~~~~~~~~~~~~~~~~~~~~~~~~~~~~~~~^
        err, dialect, engine
        ^^^^^^^^^^^^^^^^^^^^
    )
    ^
  File "C:\Users\jpesm\AppData\Local\Programs\Python\Python314\Lib\site-packages\sqlalchemy\engine\base.py", line 2448, in _handle_dbapi_exception_noconnection
    raise sqlalchemy_exception.with_traceback(exc_info[2]) from e
  File "C:\Users\jpesm\AppData\Local\Programs\Python\Python314\Lib\site-packages\sqlalchemy\engine\base.py", line 143, in __init__
    self._dbapi_connection = engine.raw_connection()
                             ~~~~~~~~~~~~~~~~~~~~~^^
  File "C:\Users\jpesm\AppData\Local\Programs\Python\Python314\Lib\site-packages\sqlalchemy\engine\base.py", line 3317, in raw_connection
    return self.pool.connect()
           ~~~~~~~~~~~~~~~~~^^
  File "C:\Users\jpesm\AppData\Local\Programs\Python\Python314\Lib\site-packages\sqlalchemy\pool\base.py", line 448, in connect
    return _ConnectionFairy._checkout(self)
           ~~~~~~~~~~~~~~~~~~~~~~~~~~^^^^^^
  File "C:\Users\jpesm\AppData\Local\Programs\Python\Python314\Lib\site-packages\sqlalchemy\pool\base.py", line 1272, in _checkout
    fairy = _ConnectionRecord.checkout(pool)
  File "C:\Users\jpesm\AppData\Local\Programs\Python\Python314\Lib\site-packages\sqlalchemy\pool\base.py", line 712, in checkout
    rec = pool._do_get()
  File "C:\Users\jpesm\AppData\Local\Programs\Python\Python314\Lib\site-packages\sqlalchemy\pool\impl.py", line 177, in _do_get
    with util.safe_reraise():
         ~~~~~~~~~~~~~~~~~^^
  File "C:\Users\jpesm\AppData\Local\Programs\Python\Python314\Lib\site-packages\sqlalchemy\util\langhelpers.py", line 121, in __exit__
    raise exc_value.with_traceback(exc_tb)
  File "C:\Users\jpesm\AppData\Local\Programs\Python\Python314\Lib\site-packages\sqlalchemy\pool\impl.py", line 175, in _do_get
    return self._create_connection()
           ~~~~~~~~~~~~~~~~~~~~~~~^^
  File "C:\Users\jpesm\AppData\Local\Programs\Python\Python314\Lib\site-packages\sqlalchemy\pool\base.py", line 389, in _create_connection
    return _ConnectionRecord(self)
  File "C:\Users\jpesm\AppData\Local\Programs\Python\Python314\Lib\site-packages\sqlalchemy\pool\base.py", line 674, in __init__
    self.__connect()
    ~~~~~~~~~~~~~~^^
  File "C:\Users\jpesm\AppData\Local\Programs\Python\Python314\Lib\site-packages\sqlalchemy\pool\base.py", line 900, in __connect
    with util.safe_reraise():
         ~~~~~~~~~~~~~~~~~^^
  File "C:\Users\jpesm\AppData\Local\Programs\Python\Python314\Lib\site-packages\sqlalchemy\util\langhelpers.py", line 121, in __exit__
    raise exc_value.with_traceback(exc_tb)
  File "C:\Users\jpesm\AppData\Local\Programs\Python\Python314\Lib\site-packages\sqlalchemy\pool\base.py", line 896, in __connect
    self.dbapi_connection = connection = pool._invoke_creator(self)
                                         ~~~~~~~~~~~~~~~~~~~~^^^^^^
  File "C:\Users\jpesm\AppData\Local\Programs\Python\Python314\Lib\site-packages\sqlalchemy\engine\create.py", line 667, in connect
    return dialect.connect(*cargs_tup, **cparams)
           ~~~~~~~~~~~~~~~^^^^^^^^^^^^^^^^^^^^^^^
  File "C:\Users\jpesm\AppData\Local\Programs\Python\Python314\Lib\site-packages\sqlalchemy\engine\default.py", line 630, in connect
    return self.loaded_dbapi.connect(*cargs, **cparams)  # type: ignore[no-any-return]  # NOQA: E501
           ~~~~~~~~~~~~~~~~~~~~~~~~~^^^^^^^^^^^^^^^^^^^
  File "C:\Users\jpesm\AppData\Local\Programs\Python\Python314\Lib\site-packages\psycopg2\__init__.py", line 135, in connect
    conn = _connect(dsn, connection_factory=connection_factory, **kwasync)
sqlalchemy.exc.OperationalError: (psycopg2.OperationalError) connection to server at "localhost" (::1), port 5432 failed: FATAL:  password authentication failed for user "postgres"

(Background on this error at: https://sqlalche.me/e/20/e3q8)
2026-03-30 09:16:06,916 [INFO] Processing: TradeMonitor_Log_20260324.csv
2026-03-30 09:16:06,923 [INFO] Filtered 3 LOG_ROLL row(s) from TradeMonitor_Log_20260324.csv
2026-03-30 09:16:06,943 [ERROR] Failed to process TradeMonitor_Log_20260324.csv: (psycopg2.OperationalError) connection to server at "localhost" (::1), port 5432 failed: FATAL:  password authentication failed for user "postgres"

(Background on this error at: https://sqlalche.me/e/20/e3q8)
Traceback (most recent call last):
  File "C:\Users\jpesm\AppData\Local\Programs\Python\Python314\Lib\site-packages\sqlalchemy\engine\base.py", line 143, in __init__
    self._dbapi_connection = engine.raw_connection()
                             ~~~~~~~~~~~~~~~~~~~~~^^
  File "C:\Users\jpesm\AppData\Local\Programs\Python\Python314\Lib\site-packages\sqlalchemy\engine\base.py", line 3317, in raw_connection
    return self.pool.connect()
           ~~~~~~~~~~~~~~~~~^^
  File "C:\Users\jpesm\AppData\Local\Programs\Python\Python314\Lib\site-packages\sqlalchemy\pool\base.py", line 448, in connect
    return _ConnectionFairy._checkout(self)
           ~~~~~~~~~~~~~~~~~~~~~~~~~~^^^^^^
  File "C:\Users\jpesm\AppData\Local\Programs\Python\Python314\Lib\site-packages\sqlalchemy\pool\base.py", line 1272, in _checkout
    fairy = _ConnectionRecord.checkout(pool)
  File "C:\Users\jpesm\AppData\Local\Programs\Python\Python314\Lib\site-packages\sqlalchemy\pool\base.py", line 712, in checkout
    rec = pool._do_get()
  File "C:\Users\jpesm\AppData\Local\Programs\Python\Python314\Lib\site-packages\sqlalchemy\pool\impl.py", line 177, in _do_get
    with util.safe_reraise():
         ~~~~~~~~~~~~~~~~~^^
  File "C:\Users\jpesm\AppData\Local\Programs\Python\Python314\Lib\site-packages\sqlalchemy\util\langhelpers.py", line 121, in __exit__
    raise exc_value.with_traceback(exc_tb)
  File "C:\Users\jpesm\AppData\Local\Programs\Python\Python314\Lib\site-packages\sqlalchemy\pool\impl.py", line 175, in _do_get
    return self._create_connection()
           ~~~~~~~~~~~~~~~~~~~~~~~^^
  File "C:\Users\jpesm\AppData\Local\Programs\Python\Python314\Lib\site-packages\sqlalchemy\pool\base.py", line 389, in _create_connection
    return _ConnectionRecord(self)
  File "C:\Users\jpesm\AppData\Local\Programs\Python\Python314\Lib\site-packages\sqlalchemy\pool\base.py", line 674, in __init__
    self.__connect()
    ~~~~~~~~~~~~~~^^
  File "C:\Users\jpesm\AppData\Local\Programs\Python\Python314\Lib\site-packages\sqlalchemy\pool\base.py", line 900, in __connect
    with util.safe_reraise():
         ~~~~~~~~~~~~~~~~~^^
  File "C:\Users\jpesm\AppData\Local\Programs\Python\Python314\Lib\site-packages\sqlalchemy\util\langhelpers.py", line 121, in __exit__
    raise exc_value.with_traceback(exc_tb)
  File "C:\Users\jpesm\AppData\Local\Programs\Python\Python314\Lib\site-packages\sqlalchemy\pool\base.py", line 896, in __connect
    self.dbapi_connection = connection = pool._invoke_creator(self)
                                         ~~~~~~~~~~~~~~~~~~~~^^^^^^
  File "C:\Users\jpesm\AppData\Local\Programs\Python\Python314\Lib\site-packages\sqlalchemy\engine\create.py", line 667, in connect
    return dialect.connect(*cargs_tup, **cparams)
           ~~~~~~~~~~~~~~~^^^^^^^^^^^^^^^^^^^^^^^
  File "C:\Users\jpesm\AppData\Local\Programs\Python\Python314\Lib\site-packages\sqlalchemy\engine\default.py", line 630, in connect
    return self.loaded_dbapi.connect(*cargs, **cparams)  # type: ignore[no-any-return]  # NOQA: E501
           ~~~~~~~~~~~~~~~~~~~~~~~~~^^^^^^^^^^^^^^^^^^^
  File "C:\Users\jpesm\AppData\Local\Programs\Python\Python314\Lib\site-packages\psycopg2\__init__.py", line 135, in connect
    conn = _connect(dsn, connection_factory=connection_factory, **kwasync)
psycopg2.OperationalError: connection to server at "localhost" (::1), port 5432 failed: FATAL:  password authentication failed for user "postgres"


The above exception was the direct cause of the following exception:

Traceback (most recent call last):
  File "C:\Users\jpesm\Desktop\Data_Pipeline_Projetcs\Ingest_Trade_Logs.py", line 160, in parse_and_load
    inserted, skipped = bulk_upsert(df)
                        ~~~~~~~~~~~^^^^
  File "C:\Users\jpesm\Desktop\Data_Pipeline_Projetcs\Ingest_Trade_Logs.py", line 185, in bulk_upsert
    with engine.begin() as conn:
         ~~~~~~~~~~~~^^
  File "C:\Users\jpesm\AppData\Local\Programs\Python\Python314\Lib\contextlib.py", line 141, in __enter__
    return next(self.gen)
  File "C:\Users\jpesm\AppData\Local\Programs\Python\Python314\Lib\site-packages\sqlalchemy\engine\base.py", line 3257, in begin
    with self.connect() as conn:
         ~~~~~~~~~~~~^^
  File "C:\Users\jpesm\AppData\Local\Programs\Python\Python314\Lib\site-packages\sqlalchemy\engine\base.py", line 3293, in connect
    return self._connection_cls(self)
           ~~~~~~~~~~~~~~~~~~~~^^^^^^
  File "C:\Users\jpesm\AppData\Local\Programs\Python\Python314\Lib\site-packages\sqlalchemy\engine\base.py", line 145, in __init__
    Connection._handle_dbapi_exception_noconnection(
    ~~~~~~~~~~~~~~~~~~~~~~~~~~~~~~~~~~~~~~~~~~~~~~~^
        err, dialect, engine
        ^^^^^^^^^^^^^^^^^^^^
    )
    ^
  File "C:\Users\jpesm\AppData\Local\Programs\Python\Python314\Lib\site-packages\sqlalchemy\engine\base.py", line 2448, in _handle_dbapi_exception_noconnection
    raise sqlalchemy_exception.with_traceback(exc_info[2]) from e
  File "C:\Users\jpesm\AppData\Local\Programs\Python\Python314\Lib\site-packages\sqlalchemy\engine\base.py", line 143, in __init__
    self._dbapi_connection = engine.raw_connection()
                             ~~~~~~~~~~~~~~~~~~~~~^^
  File "C:\Users\jpesm\AppData\Local\Programs\Python\Python314\Lib\site-packages\sqlalchemy\engine\base.py", line 3317, in raw_connection
    return self.pool.connect()
           ~~~~~~~~~~~~~~~~~^^
  File "C:\Users\jpesm\AppData\Local\Programs\Python\Python314\Lib\site-packages\sqlalchemy\pool\base.py", line 448, in connect
    return _ConnectionFairy._checkout(self)
           ~~~~~~~~~~~~~~~~~~~~~~~~~~^^^^^^
  File "C:\Users\jpesm\AppData\Local\Programs\Python\Python314\Lib\site-packages\sqlalchemy\pool\base.py", line 1272, in _checkout
    fairy = _ConnectionRecord.checkout(pool)
  File "C:\Users\jpesm\AppData\Local\Programs\Python\Python314\Lib\site-packages\sqlalchemy\pool\base.py", line 712, in checkout
    rec = pool._do_get()
  File "C:\Users\jpesm\AppData\Local\Programs\Python\Python314\Lib\site-packages\sqlalchemy\pool\impl.py", line 177, in _do_get
    with util.safe_reraise():
         ~~~~~~~~~~~~~~~~~^^
  File "C:\Users\jpesm\AppData\Local\Programs\Python\Python314\Lib\site-packages\sqlalchemy\util\langhelpers.py", line 121, in __exit__
    raise exc_value.with_traceback(exc_tb)
  File "C:\Users\jpesm\AppData\Local\Programs\Python\Python314\Lib\site-packages\sqlalchemy\pool\impl.py", line 175, in _do_get
    return self._create_connection()
           ~~~~~~~~~~~~~~~~~~~~~~~^^
  File "C:\Users\jpesm\AppData\Local\Programs\Python\Python314\Lib\site-packages\sqlalchemy\pool\base.py", line 389, in _create_connection
    return _ConnectionRecord(self)
  File "C:\Users\jpesm\AppData\Local\Programs\Python\Python314\Lib\site-packages\sqlalchemy\pool\base.py", line 674, in __init__
    self.__connect()
    ~~~~~~~~~~~~~~^^
  File "C:\Users\jpesm\AppData\Local\Programs\Python\Python314\Lib\site-packages\sqlalchemy\pool\base.py", line 900, in __connect
    with util.safe_reraise():
         ~~~~~~~~~~~~~~~~~^^
  File "C:\Users\jpesm\AppData\Local\Programs\Python\Python314\Lib\site-packages\sqlalchemy\util\langhelpers.py", line 121, in __exit__
    raise exc_value.with_traceback(exc_tb)
  File "C:\Users\jpesm\AppData\Local\Programs\Python\Python314\Lib\site-packages\sqlalchemy\pool\base.py", line 896, in __connect
    self.dbapi_connection = connection = pool._invoke_creator(self)
                                         ~~~~~~~~~~~~~~~~~~~~^^^^^^
  File "C:\Users\jpesm\AppData\Local\Programs\Python\Python314\Lib\site-packages\sqlalchemy\engine\create.py", line 667, in connect
    return dialect.connect(*cargs_tup, **cparams)
           ~~~~~~~~~~~~~~~^^^^^^^^^^^^^^^^^^^^^^^
  File "C:\Users\jpesm\AppData\Local\Programs\Python\Python314\Lib\site-packages\sqlalchemy\engine\default.py", line 630, in connect
    return self.loaded_dbapi.connect(*cargs, **cparams)  # type: ignore[no-any-return]  # NOQA: E501
           ~~~~~~~~~~~~~~~~~~~~~~~~~^^^^^^^^^^^^^^^^^^^
  File "C:\Users\jpesm\AppData\Local\Programs\Python\Python314\Lib\site-packages\psycopg2\__init__.py", line 135, in connect
    conn = _connect(dsn, connection_factory=connection_factory, **kwasync)
sqlalchemy.exc.OperationalError: (psycopg2.OperationalError) connection to server at "localhost" (::1), port 5432 failed: FATAL:  password authentication failed for user "postgres"

(Background on this error at: https://sqlalche.me/e/20/e3q8)
2026-03-30 09:16:06,947 [INFO] Processing: TradeMonitor_Log_20260325.csv
2026-03-30 09:16:06,954 [INFO] Filtered 2 LOG_ROLL row(s) from TradeMonitor_Log_20260325.csv
2026-03-30 09:16:06,974 [ERROR] Failed to process TradeMonitor_Log_20260325.csv: (psycopg2.OperationalError) connection to server at "localhost" (::1), port 5432 failed: FATAL:  password authentication failed for user "postgres"

(Background on this error at: https://sqlalche.me/e/20/e3q8)
Traceback (most recent call last):
  File "C:\Users\jpesm\AppData\Local\Programs\Python\Python314\Lib\site-packages\sqlalchemy\engine\base.py", line 143, in __init__
    self._dbapi_connection = engine.raw_connection()
                             ~~~~~~~~~~~~~~~~~~~~~^^
  File "C:\Users\jpesm\AppData\Local\Programs\Python\Python314\Lib\site-packages\sqlalchemy\engine\base.py", line 3317, in raw_connection
    return self.pool.connect()
           ~~~~~~~~~~~~~~~~~^^
  File "C:\Users\jpesm\AppData\Local\Programs\Python\Python314\Lib\site-packages\sqlalchemy\pool\base.py", line 448, in connect
    return _ConnectionFairy._checkout(self)
           ~~~~~~~~~~~~~~~~~~~~~~~~~~^^^^^^
  File "C:\Users\jpesm\AppData\Local\Programs\Python\Python314\Lib\site-packages\sqlalchemy\pool\base.py", line 1272, in _checkout
    fairy = _ConnectionRecord.checkout(pool)
  File "C:\Users\jpesm\AppData\Local\Programs\Python\Python314\Lib\site-packages\sqlalchemy\pool\base.py", line 712, in checkout
    rec = pool._do_get()
  File "C:\Users\jpesm\AppData\Local\Programs\Python\Python314\Lib\site-packages\sqlalchemy\pool\impl.py", line 177, in _do_get
    with util.safe_reraise():
         ~~~~~~~~~~~~~~~~~^^
  File "C:\Users\jpesm\AppData\Local\Programs\Python\Python314\Lib\site-packages\sqlalchemy\util\langhelpers.py", line 121, in __exit__
    raise exc_value.with_traceback(exc_tb)
  File "C:\Users\jpesm\AppData\Local\Programs\Python\Python314\Lib\site-packages\sqlalchemy\pool\impl.py", line 175, in _do_get
    return self._create_connection()
           ~~~~~~~~~~~~~~~~~~~~~~~^^
  File "C:\Users\jpesm\AppData\Local\Programs\Python\Python314\Lib\site-packages\sqlalchemy\pool\base.py", line 389, in _create_connection
    return _ConnectionRecord(self)
  File "C:\Users\jpesm\AppData\Local\Programs\Python\Python314\Lib\site-packages\sqlalchemy\pool\base.py", line 674, in __init__
    self.__connect()
    ~~~~~~~~~~~~~~^^
  File "C:\Users\jpesm\AppData\Local\Programs\Python\Python314\Lib\site-packages\sqlalchemy\pool\base.py", line 900, in __connect
    with util.safe_reraise():
         ~~~~~~~~~~~~~~~~~^^
  File "C:\Users\jpesm\AppData\Local\Programs\Python\Python314\Lib\site-packages\sqlalchemy\util\langhelpers.py", line 121, in __exit__
    raise exc_value.with_traceback(exc_tb)
  File "C:\Users\jpesm\AppData\Local\Programs\Python\Python314\Lib\site-packages\sqlalchemy\pool\base.py", line 896, in __connect
    self.dbapi_connection = connection = pool._invoke_creator(self)
                                         ~~~~~~~~~~~~~~~~~~~~^^^^^^
  File "C:\Users\jpesm\AppData\Local\Programs\Python\Python314\Lib\site-packages\sqlalchemy\engine\create.py", line 667, in connect
    return dialect.connect(*cargs_tup, **cparams)
           ~~~~~~~~~~~~~~~^^^^^^^^^^^^^^^^^^^^^^^
  File "C:\Users\jpesm\AppData\Local\Programs\Python\Python314\Lib\site-packages\sqlalchemy\engine\default.py", line 630, in connect
    return self.loaded_dbapi.connect(*cargs, **cparams)  # type: ignore[no-any-return]  # NOQA: E501
           ~~~~~~~~~~~~~~~~~~~~~~~~~^^^^^^^^^^^^^^^^^^^
  File "C:\Users\jpesm\AppData\Local\Programs\Python\Python314\Lib\site-packages\psycopg2\__init__.py", line 135, in connect
    conn = _connect(dsn, connection_factory=connection_factory, **kwasync)
psycopg2.OperationalError: connection to server at "localhost" (::1), port 5432 failed: FATAL:  password authentication failed for user "postgres"


The above exception was the direct cause of the following exception:

Traceback (most recent call last):
  File "C:\Users\jpesm\Desktop\Data_Pipeline_Projetcs\Ingest_Trade_Logs.py", line 160, in parse_and_load
    inserted, skipped = bulk_upsert(df)
                        ~~~~~~~~~~~^^^^
  File "C:\Users\jpesm\Desktop\Data_Pipeline_Projetcs\Ingest_Trade_Logs.py", line 185, in bulk_upsert
    with engine.begin() as conn:
         ~~~~~~~~~~~~^^
  File "C:\Users\jpesm\AppData\Local\Programs\Python\Python314\Lib\contextlib.py", line 141, in __enter__
    return next(self.gen)
  File "C:\Users\jpesm\AppData\Local\Programs\Python\Python314\Lib\site-packages\sqlalchemy\engine\base.py", line 3257, in begin
    with self.connect() as conn:
         ~~~~~~~~~~~~^^
  File "C:\Users\jpesm\AppData\Local\Programs\Python\Python314\Lib\site-packages\sqlalchemy\engine\base.py", line 3293, in connect
    return self._connection_cls(self)
           ~~~~~~~~~~~~~~~~~~~~^^^^^^
  File "C:\Users\jpesm\AppData\Local\Programs\Python\Python314\Lib\site-packages\sqlalchemy\engine\base.py", line 145, in __init__
    Connection._handle_dbapi_exception_noconnection(
    ~~~~~~~~~~~~~~~~~~~~~~~~~~~~~~~~~~~~~~~~~~~~~~~^
        err, dialect, engine
        ^^^^^^^^^^^^^^^^^^^^
    )
    ^
  File "C:\Users\jpesm\AppData\Local\Programs\Python\Python314\Lib\site-packages\sqlalchemy\engine\base.py", line 2448, in _handle_dbapi_exception_noconnection
    raise sqlalchemy_exception.with_traceback(exc_info[2]) from e
  File "C:\Users\jpesm\AppData\Local\Programs\Python\Python314\Lib\site-packages\sqlalchemy\engine\base.py", line 143, in __init__
    self._dbapi_connection = engine.raw_connection()
                             ~~~~~~~~~~~~~~~~~~~~~^^
  File "C:\Users\jpesm\AppData\Local\Programs\Python\Python314\Lib\site-packages\sqlalchemy\engine\base.py", line 3317, in raw_connection
    return self.pool.connect()
           ~~~~~~~~~~~~~~~~~^^
  File "C:\Users\jpesm\AppData\Local\Programs\Python\Python314\Lib\site-packages\sqlalchemy\pool\base.py", line 448, in connect
    return _ConnectionFairy._checkout(self)
           ~~~~~~~~~~~~~~~~~~~~~~~~~~^^^^^^
  File "C:\Users\jpesm\AppData\Local\Programs\Python\Python314\Lib\site-packages\sqlalchemy\pool\base.py", line 1272, in _checkout
    fairy = _ConnectionRecord.checkout(pool)
  File "C:\Users\jpesm\AppData\Local\Programs\Python\Python314\Lib\site-packages\sqlalchemy\pool\base.py", line 712, in checkout
    rec = pool._do_get()
  File "C:\Users\jpesm\AppData\Local\Programs\Python\Python314\Lib\site-packages\sqlalchemy\pool\impl.py", line 177, in _do_get
    with util.safe_reraise():
         ~~~~~~~~~~~~~~~~~^^
  File "C:\Users\jpesm\AppData\Local\Programs\Python\Python314\Lib\site-packages\sqlalchemy\util\langhelpers.py", line 121, in __exit__
    raise exc_value.with_traceback(exc_tb)
  File "C:\Users\jpesm\AppData\Local\Programs\Python\Python314\Lib\site-packages\sqlalchemy\pool\impl.py", line 175, in _do_get
    return self._create_connection()
           ~~~~~~~~~~~~~~~~~~~~~~~^^
  File "C:\Users\jpesm\AppData\Local\Programs\Python\Python314\Lib\site-packages\sqlalchemy\pool\base.py", line 389, in _create_connection
    return _ConnectionRecord(self)
  File "C:\Users\jpesm\AppData\Local\Programs\Python\Python314\Lib\site-packages\sqlalchemy\pool\base.py", line 674, in __init__
    self.__connect()
    ~~~~~~~~~~~~~~^^
  File "C:\Users\jpesm\AppData\Local\Programs\Python\Python314\Lib\site-packages\sqlalchemy\pool\base.py", line 900, in __connect
    with util.safe_reraise():
         ~~~~~~~~~~~~~~~~~^^
  File "C:\Users\jpesm\AppData\Local\Programs\Python\Python314\Lib\site-packages\sqlalchemy\util\langhelpers.py", line 121, in __exit__
    raise exc_value.with_traceback(exc_tb)
  File "C:\Users\jpesm\AppData\Local\Programs\Python\Python314\Lib\site-packages\sqlalchemy\pool\base.py", line 896, in __connect
    self.dbapi_connection = connection = pool._invoke_creator(self)
                                         ~~~~~~~~~~~~~~~~~~~~^^^^^^
  File "C:\Users\jpesm\AppData\Local\Programs\Python\Python314\Lib\site-packages\sqlalchemy\engine\create.py", line 667, in connect
    return dialect.connect(*cargs_tup, **cparams)
           ~~~~~~~~~~~~~~~^^^^^^^^^^^^^^^^^^^^^^^
  File "C:\Users\jpesm\AppData\Local\Programs\Python\Python314\Lib\site-packages\sqlalchemy\engine\default.py", line 630, in connect
    return self.loaded_dbapi.connect(*cargs, **cparams)  # type: ignore[no-any-return]  # NOQA: E501
           ~~~~~~~~~~~~~~~~~~~~~~~~~^^^^^^^^^^^^^^^^^^^
  File "C:\Users\jpesm\AppData\Local\Programs\Python\Python314\Lib\site-packages\psycopg2\__init__.py", line 135, in connect
    conn = _connect(dsn, connection_factory=connection_factory, **kwasync)
sqlalchemy.exc.OperationalError: (psycopg2.OperationalError) connection to server at "localhost" (::1), port 5432 failed: FATAL:  password authentication failed for user "postgres"

(Background on this error at: https://sqlalche.me/e/20/e3q8)
2026-03-30 09:16:06,979 [INFO] Processing: TradeMonitor_Log_20260326.csv
2026-03-30 09:16:06,986 [INFO] Filtered 2 LOG_ROLL row(s) from TradeMonitor_Log_20260326.csv
2026-03-30 09:16:07,006 [ERROR] Failed to process TradeMonitor_Log_20260326.csv: (psycopg2.OperationalError) connection to server at "localhost" (::1), port 5432 failed: FATAL:  password authentication failed for user "postgres"

(Background on this error at: https://sqlalche.me/e/20/e3q8)
Traceback (most recent call last):
  File "C:\Users\jpesm\AppData\Local\Programs\Python\Python314\Lib\site-packages\sqlalchemy\engine\base.py", line 143, in __init__
    self._dbapi_connection = engine.raw_connection()
                             ~~~~~~~~~~~~~~~~~~~~~^^
  File "C:\Users\jpesm\AppData\Local\Programs\Python\Python314\Lib\site-packages\sqlalchemy\engine\base.py", line 3317, in raw_connection
    return self.pool.connect()
           ~~~~~~~~~~~~~~~~~^^
  File "C:\Users\jpesm\AppData\Local\Programs\Python\Python314\Lib\site-packages\sqlalchemy\pool\base.py", line 448, in connect
    return _ConnectionFairy._checkout(self)
           ~~~~~~~~~~~~~~~~~~~~~~~~~~^^^^^^
  File "C:\Users\jpesm\AppData\Local\Programs\Python\Python314\Lib\site-packages\sqlalchemy\pool\base.py", line 1272, in _checkout
    fairy = _ConnectionRecord.checkout(pool)
  File "C:\Users\jpesm\AppData\Local\Programs\Python\Python314\Lib\site-packages\sqlalchemy\pool\base.py", line 712, in checkout
    rec = pool._do_get()
  File "C:\Users\jpesm\AppData\Local\Programs\Python\Python314\Lib\site-packages\sqlalchemy\pool\impl.py", line 177, in _do_get
    with util.safe_reraise():
         ~~~~~~~~~~~~~~~~~^^
  File "C:\Users\jpesm\AppData\Local\Programs\Python\Python314\Lib\site-packages\sqlalchemy\util\langhelpers.py", line 121, in __exit__
    raise exc_value.with_traceback(exc_tb)
  File "C:\Users\jpesm\AppData\Local\Programs\Python\Python314\Lib\site-packages\sqlalchemy\pool\impl.py", line 175, in _do_get
    return self._create_connection()
           ~~~~~~~~~~~~~~~~~~~~~~~^^
  File "C:\Users\jpesm\AppData\Local\Programs\Python\Python314\Lib\site-packages\sqlalchemy\pool\base.py", line 389, in _create_connection
    return _ConnectionRecord(self)
  File "C:\Users\jpesm\AppData\Local\Programs\Python\Python314\Lib\site-packages\sqlalchemy\pool\base.py", line 674, in __init__
    self.__connect()
    ~~~~~~~~~~~~~~^^
  File "C:\Users\jpesm\AppData\Local\Programs\Python\Python314\Lib\site-packages\sqlalchemy\pool\base.py", line 900, in __connect
    with util.safe_reraise():
         ~~~~~~~~~~~~~~~~~^^
  File "C:\Users\jpesm\AppData\Local\Programs\Python\Python314\Lib\site-packages\sqlalchemy\util\langhelpers.py", line 121, in __exit__
    raise exc_value.with_traceback(exc_tb)
  File "C:\Users\jpesm\AppData\Local\Programs\Python\Python314\Lib\site-packages\sqlalchemy\pool\base.py", line 896, in __connect
    self.dbapi_connection = connection = pool._invoke_creator(self)
                                         ~~~~~~~~~~~~~~~~~~~~^^^^^^
  File "C:\Users\jpesm\AppData\Local\Programs\Python\Python314\Lib\site-packages\sqlalchemy\engine\create.py", line 667, in connect
    return dialect.connect(*cargs_tup, **cparams)
           ~~~~~~~~~~~~~~~^^^^^^^^^^^^^^^^^^^^^^^
  File "C:\Users\jpesm\AppData\Local\Programs\Python\Python314\Lib\site-packages\sqlalchemy\engine\default.py", line 630, in connect
    return self.loaded_dbapi.connect(*cargs, **cparams)  # type: ignore[no-any-return]  # NOQA: E501
           ~~~~~~~~~~~~~~~~~~~~~~~~~^^^^^^^^^^^^^^^^^^^
  File "C:\Users\jpesm\AppData\Local\Programs\Python\Python314\Lib\site-packages\psycopg2\__init__.py", line 135, in connect
    conn = _connect(dsn, connection_factory=connection_factory, **kwasync)
psycopg2.OperationalError: connection to server at "localhost" (::1), port 5432 failed: FATAL:  password authentication failed for user "postgres"


The above exception was the direct cause of the following exception:

Traceback (most recent call last):
  File "C:\Users\jpesm\Desktop\Data_Pipeline_Projetcs\Ingest_Trade_Logs.py", line 160, in parse_and_load
    inserted, skipped = bulk_upsert(df)
                        ~~~~~~~~~~~^^^^
  File "C:\Users\jpesm\Desktop\Data_Pipeline_Projetcs\Ingest_Trade_Logs.py", line 185, in bulk_upsert
    with engine.begin() as conn:
         ~~~~~~~~~~~~^^
  File "C:\Users\jpesm\AppData\Local\Programs\Python\Python314\Lib\contextlib.py", line 141, in __enter__
    return next(self.gen)
  File "C:\Users\jpesm\AppData\Local\Programs\Python\Python314\Lib\site-packages\sqlalchemy\engine\base.py", line 3257, in begin
    with self.connect() as conn:
         ~~~~~~~~~~~~^^
  File "C:\Users\jpesm\AppData\Local\Programs\Python\Python314\Lib\site-packages\sqlalchemy\engine\base.py", line 3293, in connect
    return self._connection_cls(self)
           ~~~~~~~~~~~~~~~~~~~~^^^^^^
  File "C:\Users\jpesm\AppData\Local\Programs\Python\Python314\Lib\site-packages\sqlalchemy\engine\base.py", line 145, in __init__
    Connection._handle_dbapi_exception_noconnection(
    ~~~~~~~~~~~~~~~~~~~~~~~~~~~~~~~~~~~~~~~~~~~~~~~^
        err, dialect, engine
        ^^^^^^^^^^^^^^^^^^^^
    )
    ^
  File "C:\Users\jpesm\AppData\Local\Programs\Python\Python314\Lib\site-packages\sqlalchemy\engine\base.py", line 2448, in _handle_dbapi_exception_noconnection
    raise sqlalchemy_exception.with_traceback(exc_info[2]) from e
  File "C:\Users\jpesm\AppData\Local\Programs\Python\Python314\Lib\site-packages\sqlalchemy\engine\base.py", line 143, in __init__
    self._dbapi_connection = engine.raw_connection()
                             ~~~~~~~~~~~~~~~~~~~~~^^
  File "C:\Users\jpesm\AppData\Local\Programs\Python\Python314\Lib\site-packages\sqlalchemy\engine\base.py", line 3317, in raw_connection
    return self.pool.connect()
           ~~~~~~~~~~~~~~~~~^^
  File "C:\Users\jpesm\AppData\Local\Programs\Python\Python314\Lib\site-packages\sqlalchemy\pool\base.py", line 448, in connect
    return _ConnectionFairy._checkout(self)
           ~~~~~~~~~~~~~~~~~~~~~~~~~~^^^^^^
  File "C:\Users\jpesm\AppData\Local\Programs\Python\Python314\Lib\site-packages\sqlalchemy\pool\base.py", line 1272, in _checkout
    fairy = _ConnectionRecord.checkout(pool)
  File "C:\Users\jpesm\AppData\Local\Programs\Python\Python314\Lib\site-packages\sqlalchemy\pool\base.py", line 712, in checkout
    rec = pool._do_get()
  File "C:\Users\jpesm\AppData\Local\Programs\Python\Python314\Lib\site-packages\sqlalchemy\pool\impl.py", line 177, in _do_get
    with util.safe_reraise():
         ~~~~~~~~~~~~~~~~~^^
  File "C:\Users\jpesm\AppData\Local\Programs\Python\Python314\Lib\site-packages\sqlalchemy\util\langhelpers.py", line 121, in __exit__
    raise exc_value.with_traceback(exc_tb)
  File "C:\Users\jpesm\AppData\Local\Programs\Python\Python314\Lib\site-packages\sqlalchemy\pool\impl.py", line 175, in _do_get
    return self._create_connection()
           ~~~~~~~~~~~~~~~~~~~~~~~^^
  File "C:\Users\jpesm\AppData\Local\Programs\Python\Python314\Lib\site-packages\sqlalchemy\pool\base.py", line 389, in _create_connection
    return _ConnectionRecord(self)
  File "C:\Users\jpesm\AppData\Local\Programs\Python\Python314\Lib\site-packages\sqlalchemy\pool\base.py", line 674, in __init__
    self.__connect()
    ~~~~~~~~~~~~~~^^
  File "C:\Users\jpesm\AppData\Local\Programs\Python\Python314\Lib\site-packages\sqlalchemy\pool\base.py", line 900, in __connect
    with util.safe_reraise():
         ~~~~~~~~~~~~~~~~~^^
  File "C:\Users\jpesm\AppData\Local\Programs\Python\Python314\Lib\site-packages\sqlalchemy\util\langhelpers.py", line 121, in __exit__
    raise exc_value.with_traceback(exc_tb)
  File "C:\Users\jpesm\AppData\Local\Programs\Python\Python314\Lib\site-packages\sqlalchemy\pool\base.py", line 896, in __connect
    self.dbapi_connection = connection = pool._invoke_creator(self)
                                         ~~~~~~~~~~~~~~~~~~~~^^^^^^
  File "C:\Users\jpesm\AppData\Local\Programs\Python\Python314\Lib\site-packages\sqlalchemy\engine\create.py", line 667, in connect
    return dialect.connect(*cargs_tup, **cparams)
           ~~~~~~~~~~~~~~~^^^^^^^^^^^^^^^^^^^^^^^
  File "C:\Users\jpesm\AppData\Local\Programs\Python\Python314\Lib\site-packages\sqlalchemy\engine\default.py", line 630, in connect
    return self.loaded_dbapi.connect(*cargs, **cparams)  # type: ignore[no-any-return]  # NOQA: E501
           ~~~~~~~~~~~~~~~~~~~~~~~~~^^^^^^^^^^^^^^^^^^^
  File "C:\Users\jpesm\AppData\Local\Programs\Python\Python314\Lib\site-packages\psycopg2\__init__.py", line 135, in connect
    conn = _connect(dsn, connection_factory=connection_factory, **kwasync)
sqlalchemy.exc.OperationalError: (psycopg2.OperationalError) connection to server at "localhost" (::1), port 5432 failed: FATAL:  password authentication failed for user "postgres"

(Background on this error at: https://sqlalche.me/e/20/e3q8)
2026-03-30 09:16:07,012 [INFO] Processing: TradeMonitor_Log_20260327.csv
2026-03-30 09:16:07,021 [INFO] Filtered 3 LOG_ROLL row(s) from TradeMonitor_Log_20260327.csv
2026-03-30 09:16:07,039 [ERROR] Failed to process TradeMonitor_Log_20260327.csv: (psycopg2.OperationalError) connection to server at "localhost" (::1), port 5432 failed: FATAL:  password authentication failed for user "postgres"

(Background on this error at: https://sqlalche.me/e/20/e3q8)
Traceback (most recent call last):
  File "C:\Users\jpesm\AppData\Local\Programs\Python\Python314\Lib\site-packages\sqlalchemy\engine\base.py", line 143, in __init__
    self._dbapi_connection = engine.raw_connection()
                             ~~~~~~~~~~~~~~~~~~~~~^^
  File "C:\Users\jpesm\AppData\Local\Programs\Python\Python314\Lib\site-packages\sqlalchemy\engine\base.py", line 3317, in raw_connection
    return self.pool.connect()
           ~~~~~~~~~~~~~~~~~^^
  File "C:\Users\jpesm\AppData\Local\Programs\Python\Python314\Lib\site-packages\sqlalchemy\pool\base.py", line 448, in connect
    return _ConnectionFairy._checkout(self)
           ~~~~~~~~~~~~~~~~~~~~~~~~~~^^^^^^
  File "C:\Users\jpesm\AppData\Local\Programs\Python\Python314\Lib\site-packages\sqlalchemy\pool\base.py", line 1272, in _checkout
    fairy = _ConnectionRecord.checkout(pool)
  File "C:\Users\jpesm\AppData\Local\Programs\Python\Python314\Lib\site-packages\sqlalchemy\pool\base.py", line 712, in checkout
    rec = pool._do_get()
  File "C:\Users\jpesm\AppData\Local\Programs\Python\Python314\Lib\site-packages\sqlalchemy\pool\impl.py", line 177, in _do_get
    with util.safe_reraise():
         ~~~~~~~~~~~~~~~~~^^
  File "C:\Users\jpesm\AppData\Local\Programs\Python\Python314\Lib\site-packages\sqlalchemy\util\langhelpers.py", line 121, in __exit__
    raise exc_value.with_traceback(exc_tb)
  File "C:\Users\jpesm\AppData\Local\Programs\Python\Python314\Lib\site-packages\sqlalchemy\pool\impl.py", line 175, in _do_get
    return self._create_connection()
           ~~~~~~~~~~~~~~~~~~~~~~~^^
  File "C:\Users\jpesm\AppData\Local\Programs\Python\Python314\Lib\site-packages\sqlalchemy\pool\base.py", line 389, in _create_connection
    return _ConnectionRecord(self)
  File "C:\Users\jpesm\AppData\Local\Programs\Python\Python314\Lib\site-packages\sqlalchemy\pool\base.py", line 674, in __init__
    self.__connect()
    ~~~~~~~~~~~~~~^^
  File "C:\Users\jpesm\AppData\Local\Programs\Python\Python314\Lib\site-packages\sqlalchemy\pool\base.py", line 900, in __connect
    with util.safe_reraise():
         ~~~~~~~~~~~~~~~~~^^
  File "C:\Users\jpesm\AppData\Local\Programs\Python\Python314\Lib\site-packages\sqlalchemy\util\langhelpers.py", line 121, in __exit__
    raise exc_value.with_traceback(exc_tb)
  File "C:\Users\jpesm\AppData\Local\Programs\Python\Python314\Lib\site-packages\sqlalchemy\pool\base.py", line 896, in __connect
    self.dbapi_connection = connection = pool._invoke_creator(self)
                                         ~~~~~~~~~~~~~~~~~~~~^^^^^^
  File "C:\Users\jpesm\AppData\Local\Programs\Python\Python314\Lib\site-packages\sqlalchemy\engine\create.py", line 667, in connect
    return dialect.connect(*cargs_tup, **cparams)
           ~~~~~~~~~~~~~~~^^^^^^^^^^^^^^^^^^^^^^^
  File "C:\Users\jpesm\AppData\Local\Programs\Python\Python314\Lib\site-packages\sqlalchemy\engine\default.py", line 630, in connect
    return self.loaded_dbapi.connect(*cargs, **cparams)  # type: ignore[no-any-return]  # NOQA: E501
           ~~~~~~~~~~~~~~~~~~~~~~~~~^^^^^^^^^^^^^^^^^^^
  File "C:\Users\jpesm\AppData\Local\Programs\Python\Python314\Lib\site-packages\psycopg2\__init__.py", line 135, in connect
    conn = _connect(dsn, connection_factory=connection_factory, **kwasync)
psycopg2.OperationalError: connection to server at "localhost" (::1), port 5432 failed: FATAL:  password authentication failed for user "postgres"


The above exception was the direct cause of the following exception:

Traceback (most recent call last):
  File "C:\Users\jpesm\Desktop\Data_Pipeline_Projetcs\Ingest_Trade_Logs.py", line 160, in parse_and_load
    inserted, skipped = bulk_upsert(df)
                        ~~~~~~~~~~~^^^^
  File "C:\Users\jpesm\Desktop\Data_Pipeline_Projetcs\Ingest_Trade_Logs.py", line 185, in bulk_upsert
    with engine.begin() as conn:
         ~~~~~~~~~~~~^^
  File "C:\Users\jpesm\AppData\Local\Programs\Python\Python314\Lib\contextlib.py", line 141, in __enter__
    return next(self.gen)
  File "C:\Users\jpesm\AppData\Local\Programs\Python\Python314\Lib\site-packages\sqlalchemy\engine\base.py", line 3257, in begin
    with self.connect() as conn:
         ~~~~~~~~~~~~^^
  File "C:\Users\jpesm\AppData\Local\Programs\Python\Python314\Lib\site-packages\sqlalchemy\engine\base.py", line 3293, in connect
    return self._connection_cls(self)
           ~~~~~~~~~~~~~~~~~~~~^^^^^^
  File "C:\Users\jpesm\AppData\Local\Programs\Python\Python314\Lib\site-packages\sqlalchemy\engine\base.py", line 145, in __init__
    Connection._handle_dbapi_exception_noconnection(
    ~~~~~~~~~~~~~~~~~~~~~~~~~~~~~~~~~~~~~~~~~~~~~~~^
        err, dialect, engine
        ^^^^^^^^^^^^^^^^^^^^
    )
    ^
  File "C:\Users\jpesm\AppData\Local\Programs\Python\Python314\Lib\site-packages\sqlalchemy\engine\base.py", line 2448, in _handle_dbapi_exception_noconnection
    raise sqlalchemy_exception.with_traceback(exc_info[2]) from e
  File "C:\Users\jpesm\AppData\Local\Programs\Python\Python314\Lib\site-packages\sqlalchemy\engine\base.py", line 143, in __init__
    self._dbapi_connection = engine.raw_connection()
                             ~~~~~~~~~~~~~~~~~~~~~^^
  File "C:\Users\jpesm\AppData\Local\Programs\Python\Python314\Lib\site-packages\sqlalchemy\engine\base.py", line 3317, in raw_connection
    return self.pool.connect()
           ~~~~~~~~~~~~~~~~~^^
  File "C:\Users\jpesm\AppData\Local\Programs\Python\Python314\Lib\site-packages\sqlalchemy\pool\base.py", line 448, in connect
    return _ConnectionFairy._checkout(self)
           ~~~~~~~~~~~~~~~~~~~~~~~~~~^^^^^^
  File "C:\Users\jpesm\AppData\Local\Programs\Python\Python314\Lib\site-packages\sqlalchemy\pool\base.py", line 1272, in _checkout
    fairy = _ConnectionRecord.checkout(pool)
  File "C:\Users\jpesm\AppData\Local\Programs\Python\Python314\Lib\site-packages\sqlalchemy\pool\base.py", line 712, in checkout
    rec = pool._do_get()
  File "C:\Users\jpesm\AppData\Local\Programs\Python\Python314\Lib\site-packages\sqlalchemy\pool\impl.py", line 177, in _do_get
    with util.safe_reraise():
         ~~~~~~~~~~~~~~~~~^^
  File "C:\Users\jpesm\AppData\Local\Programs\Python\Python314\Lib\site-packages\sqlalchemy\util\langhelpers.py", line 121, in __exit__
    raise exc_value.with_traceback(exc_tb)
  File "C:\Users\jpesm\AppData\Local\Programs\Python\Python314\Lib\site-packages\sqlalchemy\pool\impl.py", line 175, in _do_get
    return self._create_connection()
           ~~~~~~~~~~~~~~~~~~~~~~~^^
  File "C:\Users\jpesm\AppData\Local\Programs\Python\Python314\Lib\site-packages\sqlalchemy\pool\base.py", line 389, in _create_connection
    return _ConnectionRecord(self)
  File "C:\Users\jpesm\AppData\Local\Programs\Python\Python314\Lib\site-packages\sqlalchemy\pool\base.py", line 674, in __init__
    self.__connect()
    ~~~~~~~~~~~~~~^^
  File "C:\Users\jpesm\AppData\Local\Programs\Python\Python314\Lib\site-packages\sqlalchemy\pool\base.py", line 900, in __connect
    with util.safe_reraise():
         ~~~~~~~~~~~~~~~~~^^
  File "C:\Users\jpesm\AppData\Local\Programs\Python\Python314\Lib\site-packages\sqlalchemy\util\langhelpers.py", line 121, in __exit__
    raise exc_value.with_traceback(exc_tb)
  File "C:\Users\jpesm\AppData\Local\Programs\Python\Python314\Lib\site-packages\sqlalchemy\pool\base.py", line 896, in __connect
    self.dbapi_connection = connection = pool._invoke_creator(self)
                                         ~~~~~~~~~~~~~~~~~~~~^^^^^^
  File "C:\Users\jpesm\AppData\Local\Programs\Python\Python314\Lib\site-packages\sqlalchemy\engine\create.py", line 667, in connect
    return dialect.connect(*cargs_tup, **cparams)
           ~~~~~~~~~~~~~~~^^^^^^^^^^^^^^^^^^^^^^^
  File "C:\Users\jpesm\AppData\Local\Programs\Python\Python314\Lib\site-packages\sqlalchemy\engine\default.py", line 630, in connect
    return self.loaded_dbapi.connect(*cargs, **cparams)  # type: ignore[no-any-return]  # NOQA: E501
           ~~~~~~~~~~~~~~~~~~~~~~~~~^^^^^^^^^^^^^^^^^^^
  File "C:\Users\jpesm\AppData\Local\Programs\Python\Python314\Lib\site-packages\psycopg2\__init__.py", line 135, in connect
    conn = _connect(dsn, connection_factory=connection_factory, **kwasync)
sqlalchemy.exc.OperationalError: (psycopg2.OperationalError) connection to server at "localhost" (::1), port 5432 failed: FATAL:  password authentication failed for user "postgres"

(Background on this error at: https://sqlalche.me/e/20/e3q8)
2026-03-30 09:16:07,045 [INFO] Processing: TradeMonitor_Log_20260328.csv
2026-03-30 09:16:07,172 [ERROR] Failed to process TradeMonitor_Log_20260328.csv: (psycopg2.OperationalError) connection to server at "localhost" (::1), port 5432 failed: FATAL:  password authentication failed for user "postgres"

(Background on this error at: https://sqlalche.me/e/20/e3q8)
Traceback (most recent call last):
  File "C:\Users\jpesm\AppData\Local\Programs\Python\Python314\Lib\site-packages\sqlalchemy\engine\base.py", line 143, in __init__
    self._dbapi_connection = engine.raw_connection()
                             ~~~~~~~~~~~~~~~~~~~~~^^
  File "C:\Users\jpesm\AppData\Local\Programs\Python\Python314\Lib\site-packages\sqlalchemy\engine\base.py", line 3317, in raw_connection
    return self.pool.connect()
           ~~~~~~~~~~~~~~~~~^^
  File "C:\Users\jpesm\AppData\Local\Programs\Python\Python314\Lib\site-packages\sqlalchemy\pool\base.py", line 448, in connect
    return _ConnectionFairy._checkout(self)
           ~~~~~~~~~~~~~~~~~~~~~~~~~~^^^^^^
  File "C:\Users\jpesm\AppData\Local\Programs\Python\Python314\Lib\site-packages\sqlalchemy\pool\base.py", line 1272, in _checkout
    fairy = _ConnectionRecord.checkout(pool)
  File "C:\Users\jpesm\AppData\Local\Programs\Python\Python314\Lib\site-packages\sqlalchemy\pool\base.py", line 712, in checkout
    rec = pool._do_get()
  File "C:\Users\jpesm\AppData\Local\Programs\Python\Python314\Lib\site-packages\sqlalchemy\pool\impl.py", line 177, in _do_get
    with util.safe_reraise():
         ~~~~~~~~~~~~~~~~~^^
  File "C:\Users\jpesm\AppData\Local\Programs\Python\Python314\Lib\site-packages\sqlalchemy\util\langhelpers.py", line 121, in __exit__
    raise exc_value.with_traceback(exc_tb)
  File "C:\Users\jpesm\AppData\Local\Programs\Python\Python314\Lib\site-packages\sqlalchemy\pool\impl.py", line 175, in _do_get
    return self._create_connection()
           ~~~~~~~~~~~~~~~~~~~~~~~^^
  File "C:\Users\jpesm\AppData\Local\Programs\Python\Python314\Lib\site-packages\sqlalchemy\pool\base.py", line 389, in _create_connection
    return _ConnectionRecord(self)
  File "C:\Users\jpesm\AppData\Local\Programs\Python\Python314\Lib\site-packages\sqlalchemy\pool\base.py", line 674, in __init__
    self.__connect()
    ~~~~~~~~~~~~~~^^
  File "C:\Users\jpesm\AppData\Local\Programs\Python\Python314\Lib\site-packages\sqlalchemy\pool\base.py", line 900, in __connect
    with util.safe_reraise():
         ~~~~~~~~~~~~~~~~~^^
  File "C:\Users\jpesm\AppData\Local\Programs\Python\Python314\Lib\site-packages\sqlalchemy\util\langhelpers.py", line 121, in __exit__
    raise exc_value.with_traceback(exc_tb)
  File "C:\Users\jpesm\AppData\Local\Programs\Python\Python314\Lib\site-packages\sqlalchemy\pool\base.py", line 896, in __connect
    self.dbapi_connection = connection = pool._invoke_creator(self)
                                         ~~~~~~~~~~~~~~~~~~~~^^^^^^
  File "C:\Users\jpesm\AppData\Local\Programs\Python\Python314\Lib\site-packages\sqlalchemy\engine\create.py", line 667, in connect
    return dialect.connect(*cargs_tup, **cparams)
           ~~~~~~~~~~~~~~~^^^^^^^^^^^^^^^^^^^^^^^
  File "C:\Users\jpesm\AppData\Local\Programs\Python\Python314\Lib\site-packages\sqlalchemy\engine\default.py", line 630, in connect
    return self.loaded_dbapi.connect(*cargs, **cparams)  # type: ignore[no-any-return]  # NOQA: E501
           ~~~~~~~~~~~~~~~~~~~~~~~~~^^^^^^^^^^^^^^^^^^^
  File "C:\Users\jpesm\AppData\Local\Programs\Python\Python314\Lib\site-packages\psycopg2\__init__.py", line 135, in connect
    conn = _connect(dsn, connection_factory=connection_factory, **kwasync)
psycopg2.OperationalError: connection to server at "localhost" (::1), port 5432 failed: FATAL:  password authentication failed for user "postgres"


The above exception was the direct cause of the following exception:

Traceback (most recent call last):
  File "C:\Users\jpesm\Desktop\Data_Pipeline_Projetcs\Ingest_Trade_Logs.py", line 160, in parse_and_load
    inserted, skipped = bulk_upsert(df)
                        ~~~~~~~~~~~^^^^
  File "C:\Users\jpesm\Desktop\Data_Pipeline_Projetcs\Ingest_Trade_Logs.py", line 185, in bulk_upsert
    with engine.begin() as conn:
         ~~~~~~~~~~~~^^
  File "C:\Users\jpesm\AppData\Local\Programs\Python\Python314\Lib\contextlib.py", line 141, in __enter__
    return next(self.gen)
  File "C:\Users\jpesm\AppData\Local\Programs\Python\Python314\Lib\site-packages\sqlalchemy\engine\base.py", line 3257, in begin
    with self.connect() as conn:
         ~~~~~~~~~~~~^^
  File "C:\Users\jpesm\AppData\Local\Programs\Python\Python314\Lib\site-packages\sqlalchemy\engine\base.py", line 3293, in connect
    return self._connection_cls(self)
           ~~~~~~~~~~~~~~~~~~~~^^^^^^
  File "C:\Users\jpesm\AppData\Local\Programs\Python\Python314\Lib\site-packages\sqlalchemy\engine\base.py", line 145, in __init__
    Connection._handle_dbapi_exception_noconnection(
    ~~~~~~~~~~~~~~~~~~~~~~~~~~~~~~~~~~~~~~~~~~~~~~~^
        err, dialect, engine
        ^^^^^^^^^^^^^^^^^^^^
    )
    ^
  File "C:\Users\jpesm\AppData\Local\Programs\Python\Python314\Lib\site-packages\sqlalchemy\engine\base.py", line 2448, in _handle_dbapi_exception_noconnection
    raise sqlalchemy_exception.with_traceback(exc_info[2]) from e
  File "C:\Users\jpesm\AppData\Local\Programs\Python\Python314\Lib\site-packages\sqlalchemy\engine\base.py", line 143, in __init__
    self._dbapi_connection = engine.raw_connection()
                             ~~~~~~~~~~~~~~~~~~~~~^^
  File "C:\Users\jpesm\AppData\Local\Programs\Python\Python314\Lib\site-packages\sqlalchemy\engine\base.py", line 3317, in raw_connection
    return self.pool.connect()
           ~~~~~~~~~~~~~~~~~^^
  File "C:\Users\jpesm\AppData\Local\Programs\Python\Python314\Lib\site-packages\sqlalchemy\pool\base.py", line 448, in connect
    return _ConnectionFairy._checkout(self)
           ~~~~~~~~~~~~~~~~~~~~~~~~~~^^^^^^
  File "C:\Users\jpesm\AppData\Local\Programs\Python\Python314\Lib\site-packages\sqlalchemy\pool\base.py", line 1272, in _checkout
    fairy = _ConnectionRecord.checkout(pool)
  File "C:\Users\jpesm\AppData\Local\Programs\Python\Python314\Lib\site-packages\sqlalchemy\pool\base.py", line 712, in checkout
    rec = pool._do_get()
  File "C:\Users\jpesm\AppData\Local\Programs\Python\Python314\Lib\site-packages\sqlalchemy\pool\impl.py", line 177, in _do_get
    with util.safe_reraise():
         ~~~~~~~~~~~~~~~~~^^
  File "C:\Users\jpesm\AppData\Local\Programs\Python\Python314\Lib\site-packages\sqlalchemy\util\langhelpers.py", line 121, in __exit__
    raise exc_value.with_traceback(exc_tb)
  File "C:\Users\jpesm\AppData\Local\Programs\Python\Python314\Lib\site-packages\sqlalchemy\pool\impl.py", line 175, in _do_get
    return self._create_connection()
           ~~~~~~~~~~~~~~~~~~~~~~~^^
  File "C:\Users\jpesm\AppData\Local\Programs\Python\Python314\Lib\site-packages\sqlalchemy\pool\base.py", line 389, in _create_connection
    return _ConnectionRecord(self)
  File "C:\Users\jpesm\AppData\Local\Programs\Python\Python314\Lib\site-packages\sqlalchemy\pool\base.py", line 674, in __init__
    self.__connect()
    ~~~~~~~~~~~~~~^^
  File "C:\Users\jpesm\AppData\Local\Programs\Python\Python314\Lib\site-packages\sqlalchemy\pool\base.py", line 900, in __connect
    with util.safe_reraise():
         ~~~~~~~~~~~~~~~~~^^
  File "C:\Users\jpesm\AppData\Local\Programs\Python\Python314\Lib\site-packages\sqlalchemy\util\langhelpers.py", line 121, in __exit__
    raise exc_value.with_traceback(exc_tb)
  File "C:\Users\jpesm\AppData\Local\Programs\Python\Python314\Lib\site-packages\sqlalchemy\pool\base.py", line 896, in __connect
    self.dbapi_connection = connection = pool._invoke_creator(self)
                                         ~~~~~~~~~~~~~~~~~~~~^^^^^^
  File "C:\Users\jpesm\AppData\Local\Programs\Python\Python314\Lib\site-packages\sqlalchemy\engine\create.py", line 667, in connect
    return dialect.connect(*cargs_tup, **cparams)
           ~~~~~~~~~~~~~~~^^^^^^^^^^^^^^^^^^^^^^^
  File "C:\Users\jpesm\AppData\Local\Programs\Python\Python314\Lib\site-packages\sqlalchemy\engine\default.py", line 630, in connect
    return self.loaded_dbapi.connect(*cargs, **cparams)  # type: ignore[no-any-return]  # NOQA: E501
           ~~~~~~~~~~~~~~~~~~~~~~~~~^^^^^^^^^^^^^^^^^^^
  File "C:\Users\jpesm\AppData\Local\Programs\Python\Python314\Lib\site-packages\psycopg2\__init__.py", line 135, in connect
    conn = _connect(dsn, connection_factory=connection_factory, **kwasync)
sqlalchemy.exc.OperationalError: (psycopg2.OperationalError) connection to server at "localhost" (::1), port 5432 failed: FATAL:  password authentication failed for user "postgres"

(Background on this error at: https://sqlalche.me/e/20/e3q8)
2026-03-30 09:16:07,178 [INFO] Processing: TradeMonitor_Log_20260329.csv
2026-03-30 09:16:07,184 [INFO] Filtered 3 LOG_ROLL row(s) from TradeMonitor_Log_20260329.csv
2026-03-30 09:16:07,185 [WARNING] No trade rows after filtering system events: TradeMonitor_Log_20260329.csv
2026-03-30 09:16:07,185 [INFO] Processing: TradeMonitor_Log_20260330.csv
2026-03-30 09:16:07,212 [ERROR] Failed to process TradeMonitor_Log_20260330.csv: (psycopg2.OperationalError) connection to server at "localhost" (::1), port 5432 failed: FATAL:  password authentication failed for user "postgres"

(Background on this error at: https://sqlalche.me/e/20/e3q8)
Traceback (most recent call last):
  File "C:\Users\jpesm\AppData\Local\Programs\Python\Python314\Lib\site-packages\sqlalchemy\engine\base.py", line 143, in __init__
    self._dbapi_connection = engine.raw_connection()
                             ~~~~~~~~~~~~~~~~~~~~~^^
  File "C:\Users\jpesm\AppData\Local\Programs\Python\Python314\Lib\site-packages\sqlalchemy\engine\base.py", line 3317, in raw_connection
    return self.pool.connect()
           ~~~~~~~~~~~~~~~~~^^
  File "C:\Users\jpesm\AppData\Local\Programs\Python\Python314\Lib\site-packages\sqlalchemy\pool\base.py", line 448, in connect
    return _ConnectionFairy._checkout(self)
           ~~~~~~~~~~~~~~~~~~~~~~~~~~^^^^^^
  File "C:\Users\jpesm\AppData\Local\Programs\Python\Python314\Lib\site-packages\sqlalchemy\pool\base.py", line 1272, in _checkout
    fairy = _ConnectionRecord.checkout(pool)
  File "C:\Users\jpesm\AppData\Local\Programs\Python\Python314\Lib\site-packages\sqlalchemy\pool\base.py", line 712, in checkout
    rec = pool._do_get()
  File "C:\Users\jpesm\AppData\Local\Programs\Python\Python314\Lib\site-packages\sqlalchemy\pool\impl.py", line 177, in _do_get
    with util.safe_reraise():
         ~~~~~~~~~~~~~~~~~^^
  File "C:\Users\jpesm\AppData\Local\Programs\Python\Python314\Lib\site-packages\sqlalchemy\util\langhelpers.py", line 121, in __exit__
    raise exc_value.with_traceback(exc_tb)
  File "C:\Users\jpesm\AppData\Local\Programs\Python\Python314\Lib\site-packages\sqlalchemy\pool\impl.py", line 175, in _do_get
    return self._create_connection()
           ~~~~~~~~~~~~~~~~~~~~~~~^^
  File "C:\Users\jpesm\AppData\Local\Programs\Python\Python314\Lib\site-packages\sqlalchemy\pool\base.py", line 389, in _create_connection
    return _ConnectionRecord(self)
  File "C:\Users\jpesm\AppData\Local\Programs\Python\Python314\Lib\site-packages\sqlalchemy\pool\base.py", line 674, in __init__
    self.__connect()
    ~~~~~~~~~~~~~~^^
  File "C:\Users\jpesm\AppData\Local\Programs\Python\Python314\Lib\site-packages\sqlalchemy\pool\base.py", line 900, in __connect
    with util.safe_reraise():
         ~~~~~~~~~~~~~~~~~^^
  File "C:\Users\jpesm\AppData\Local\Programs\Python\Python314\Lib\site-packages\sqlalchemy\util\langhelpers.py", line 121, in __exit__
    raise exc_value.with_traceback(exc_tb)
  File "C:\Users\jpesm\AppData\Local\Programs\Python\Python314\Lib\site-packages\sqlalchemy\pool\base.py", line 896, in __connect
    self.dbapi_connection = connection = pool._invoke_creator(self)
                                         ~~~~~~~~~~~~~~~~~~~~^^^^^^
  File "C:\Users\jpesm\AppData\Local\Programs\Python\Python314\Lib\site-packages\sqlalchemy\engine\create.py", line 667, in connect
    return dialect.connect(*cargs_tup, **cparams)
           ~~~~~~~~~~~~~~~^^^^^^^^^^^^^^^^^^^^^^^
  File "C:\Users\jpesm\AppData\Local\Programs\Python\Python314\Lib\site-packages\sqlalchemy\engine\default.py", line 630, in connect
    return self.loaded_dbapi.connect(*cargs, **cparams)  # type: ignore[no-any-return]  # NOQA: E501
           ~~~~~~~~~~~~~~~~~~~~~~~~~^^^^^^^^^^^^^^^^^^^
  File "C:\Users\jpesm\AppData\Local\Programs\Python\Python314\Lib\site-packages\psycopg2\__init__.py", line 135, in connect
    conn = _connect(dsn, connection_factory=connection_factory, **kwasync)
psycopg2.OperationalError: connection to server at "localhost" (::1), port 5432 failed: FATAL:  password authentication failed for user "postgres"


The above exception was the direct cause of the following exception:

Traceback (most recent call last):
  File "C:\Users\jpesm\Desktop\Data_Pipeline_Projetcs\Ingest_Trade_Logs.py", line 160, in parse_and_load
    inserted, skipped = bulk_upsert(df)
                        ~~~~~~~~~~~^^^^
  File "C:\Users\jpesm\Desktop\Data_Pipeline_Projetcs\Ingest_Trade_Logs.py", line 185, in bulk_upsert
    with engine.begin() as conn:
         ~~~~~~~~~~~~^^
  File "C:\Users\jpesm\AppData\Local\Programs\Python\Python314\Lib\contextlib.py", line 141, in __enter__
    return next(self.gen)
  File "C:\Users\jpesm\AppData\Local\Programs\Python\Python314\Lib\site-packages\sqlalchemy\engine\base.py", line 3257, in begin
    with self.connect() as conn:
         ~~~~~~~~~~~~^^
  File "C:\Users\jpesm\AppData\Local\Programs\Python\Python314\Lib\site-packages\sqlalchemy\engine\base.py", line 3293, in connect
    return self._connection_cls(self)
           ~~~~~~~~~~~~~~~~~~~~^^^^^^
  File "C:\Users\jpesm\AppData\Local\Programs\Python\Python314\Lib\site-packages\sqlalchemy\engine\base.py", line 145, in __init__
    Connection._handle_dbapi_exception_noconnection(
    ~~~~~~~~~~~~~~~~~~~~~~~~~~~~~~~~~~~~~~~~~~~~~~~^
        err, dialect, engine
        ^^^^^^^^^^^^^^^^^^^^
    )
    ^
  File "C:\Users\jpesm\AppData\Local\Programs\Python\Python314\Lib\site-packages\sqlalchemy\engine\base.py", line 2448, in _handle_dbapi_exception_noconnection
    raise sqlalchemy_exception.with_traceback(exc_info[2]) from e
  File "C:\Users\jpesm\AppData\Local\Programs\Python\Python314\Lib\site-packages\sqlalchemy\engine\base.py", line 143, in __init__
    self._dbapi_connection = engine.raw_connection()
                             ~~~~~~~~~~~~~~~~~~~~~^^
  File "C:\Users\jpesm\AppData\Local\Programs\Python\Python314\Lib\site-packages\sqlalchemy\engine\base.py", line 3317, in raw_connection
    return self.pool.connect()
           ~~~~~~~~~~~~~~~~~^^
  File "C:\Users\jpesm\AppData\Local\Programs\Python\Python314\Lib\site-packages\sqlalchemy\pool\base.py", line 448, in connect
    return _ConnectionFairy._checkout(self)
           ~~~~~~~~~~~~~~~~~~~~~~~~~~^^^^^^
  File "C:\Users\jpesm\AppData\Local\Programs\Python\Python314\Lib\site-packages\sqlalchemy\pool\base.py", line 1272, in _checkout
    fairy = _ConnectionRecord.checkout(pool)
  File "C:\Users\jpesm\AppData\Local\Programs\Python\Python314\Lib\site-packages\sqlalchemy\pool\base.py", line 712, in checkout
    rec = pool._do_get()
  File "C:\Users\jpesm\AppData\Local\Programs\Python\Python314\Lib\site-packages\sqlalchemy\pool\impl.py", line 177, in _do_get
    with util.safe_reraise():
         ~~~~~~~~~~~~~~~~~^^
  File "C:\Users\jpesm\AppData\Local\Programs\Python\Python314\Lib\site-packages\sqlalchemy\util\langhelpers.py", line 121, in __exit__
    raise exc_value.with_traceback(exc_tb)
  File "C:\Users\jpesm\AppData\Local\Programs\Python\Python314\Lib\site-packages\sqlalchemy\pool\impl.py", line 175, in _do_get
    return self._create_connection()
           ~~~~~~~~~~~~~~~~~~~~~~~^^
  File "C:\Users\jpesm\AppData\Local\Programs\Python\Python314\Lib\site-packages\sqlalchemy\pool\base.py", line 389, in _create_connection
    return _ConnectionRecord(self)
  File "C:\Users\jpesm\AppData\Local\Programs\Python\Python314\Lib\site-packages\sqlalchemy\pool\base.py", line 674, in __init__
    self.__connect()
    ~~~~~~~~~~~~~~^^
  File "C:\Users\jpesm\AppData\Local\Programs\Python\Python314\Lib\site-packages\sqlalchemy\pool\base.py", line 900, in __connect
    with util.safe_reraise():
         ~~~~~~~~~~~~~~~~~^^
  File "C:\Users\jpesm\AppData\Local\Programs\Python\Python314\Lib\site-packages\sqlalchemy\util\langhelpers.py", line 121, in __exit__
    raise exc_value.with_traceback(exc_tb)
  File "C:\Users\jpesm\AppData\Local\Programs\Python\Python314\Lib\site-packages\sqlalchemy\pool\base.py", line 896, in __connect
    self.dbapi_connection = connection = pool._invoke_creator(self)
                                         ~~~~~~~~~~~~~~~~~~~~^^^^^^
  File "C:\Users\jpesm\AppData\Local\Programs\Python\Python314\Lib\site-packages\sqlalchemy\engine\create.py", line 667, in connect
    return dialect.connect(*cargs_tup, **cparams)
           ~~~~~~~~~~~~~~~^^^^^^^^^^^^^^^^^^^^^^^
  File "C:\Users\jpesm\AppData\Local\Programs\Python\Python314\Lib\site-packages\sqlalchemy\engine\default.py", line 630, in connect
    return self.loaded_dbapi.connect(*cargs, **cparams)  # type: ignore[no-any-return]  # NOQA: E501
           ~~~~~~~~~~~~~~~~~~~~~~~~~^^^^^^^^^^^^^^^^^^^
  File "C:\Users\jpesm\AppData\Local\Programs\Python\Python314\Lib\site-packages\psycopg2\__init__.py", line 135, in connect
    conn = _connect(dsn, connection_factory=connection_factory, **kwasync)
sqlalchemy.exc.OperationalError: (psycopg2.OperationalError) connection to server at "localhost" (::1), port 5432 failed: FATAL:  password authentication failed for user "postgres"

(Background on this error at: https://sqlalche.me/e/20/e3q8)
2026-03-30 09:16:07,218 [INFO] Backfill complete.
2026-03-30 09:16:07,220 [INFO] Live watch mode active. Press Ctrl+C to stop.
2026-03-30 09:18:48,926 [INFO] Processing: TradeMonitor_Log_20260330.csv
2026-03-30 09:18:50,405 [ERROR] Failed to process TradeMonitor_Log_20260330.csv: (psycopg2.OperationalError) connection to server at "localhost" (::1), port 5432 failed: FATAL:  password authentication failed for user "postgres"

(Background on this error at: https://sqlalche.me/e/20/e3q8)
Traceback (most recent call last):
  File "C:\Users\jpesm\AppData\Local\Programs\Python\Python314\Lib\site-packages\sqlalchemy\engine\base.py", line 143, in __init__
    self._dbapi_connection = engine.raw_connection()
                             ~~~~~~~~~~~~~~~~~~~~~^^
  File "C:\Users\jpesm\AppData\Local\Programs\Python\Python314\Lib\site-packages\sqlalchemy\engine\base.py", line 3317, in raw_connection
    return self.pool.connect()
           ~~~~~~~~~~~~~~~~~^^
  File "C:\Users\jpesm\AppData\Local\Programs\Python\Python314\Lib\site-packages\sqlalchemy\pool\base.py", line 448, in connect
    return _ConnectionFairy._checkout(self)
           ~~~~~~~~~~~~~~~~~~~~~~~~~~^^^^^^
  File "C:\Users\jpesm\AppData\Local\Programs\Python\Python314\Lib\site-packages\sqlalchemy\pool\base.py", line 1272, in _checkout
    fairy = _ConnectionRecord.checkout(pool)
  File "C:\Users\jpesm\AppData\Local\Programs\Python\Python314\Lib\site-packages\sqlalchemy\pool\base.py", line 712, in checkout
    rec = pool._do_get()
  File "C:\Users\jpesm\AppData\Local\Programs\Python\Python314\Lib\site-packages\sqlalchemy\pool\impl.py", line 177, in _do_get
    with util.safe_reraise():
         ~~~~~~~~~~~~~~~~~^^
  File "C:\Users\jpesm\AppData\Local\Programs\Python\Python314\Lib\site-packages\sqlalchemy\util\langhelpers.py", line 121, in __exit__
    raise exc_value.with_traceback(exc_tb)
  File "C:\Users\jpesm\AppData\Local\Programs\Python\Python314\Lib\site-packages\sqlalchemy\pool\impl.py", line 175, in _do_get
    return self._create_connection()
           ~~~~~~~~~~~~~~~~~~~~~~~^^
  File "C:\Users\jpesm\AppData\Local\Programs\Python\Python314\Lib\site-packages\sqlalchemy\pool\base.py", line 389, in _create_connection
    return _ConnectionRecord(self)
  File "C:\Users\jpesm\AppData\Local\Programs\Python\Python314\Lib\site-packages\sqlalchemy\pool\base.py", line 674, in __init__
    self.__connect()
    ~~~~~~~~~~~~~~^^
  File "C:\Users\jpesm\AppData\Local\Programs\Python\Python314\Lib\site-packages\sqlalchemy\pool\base.py", line 900, in __connect
    with util.safe_reraise():
         ~~~~~~~~~~~~~~~~~^^
  File "C:\Users\jpesm\AppData\Local\Programs\Python\Python314\Lib\site-packages\sqlalchemy\util\langhelpers.py", line 121, in __exit__
    raise exc_value.with_traceback(exc_tb)
  File "C:\Users\jpesm\AppData\Local\Programs\Python\Python314\Lib\site-packages\sqlalchemy\pool\base.py", line 896, in __connect
    self.dbapi_connection = connection = pool._invoke_creator(self)
                                         ~~~~~~~~~~~~~~~~~~~~^^^^^^
  File "C:\Users\jpesm\AppData\Local\Programs\Python\Python314\Lib\site-packages\sqlalchemy\engine\create.py", line 667, in connect
    return dialect.connect(*cargs_tup, **cparams)
           ~~~~~~~~~~~~~~~^^^^^^^^^^^^^^^^^^^^^^^
  File "C:\Users\jpesm\AppData\Local\Programs\Python\Python314\Lib\site-packages\sqlalchemy\engine\default.py", line 630, in connect
    return self.loaded_dbapi.connect(*cargs, **cparams)  # type: ignore[no-any-return]  # NOQA: E501
           ~~~~~~~~~~~~~~~~~~~~~~~~~^^^^^^^^^^^^^^^^^^^
  File "C:\Users\jpesm\AppData\Local\Programs\Python\Python314\Lib\site-packages\psycopg2\__init__.py", line 135, in connect
    conn = _connect(dsn, connection_factory=connection_factory, **kwasync)
psycopg2.OperationalError: connection to server at "localhost" (::1), port 5432 failed: FATAL:  password authentication failed for user "postgres"


The above exception was the direct cause of the following exception:

Traceback (most recent call last):
  File "C:\Users\jpesm\Desktop\Data_Pipeline_Projetcs\Ingest_Trade_Logs.py", line 160, in parse_and_load
    inserted, skipped = bulk_upsert(df)
                        ~~~~~~~~~~~^^^^
  File "C:\Users\jpesm\Desktop\Data_Pipeline_Projetcs\Ingest_Trade_Logs.py", line 185, in bulk_upsert
    with engine.begin() as conn:
         ~~~~~~~~~~~~^^
  File "C:\Users\jpesm\AppData\Local\Programs\Python\Python314\Lib\contextlib.py", line 141, in __enter__
    return next(self.gen)
  File "C:\Users\jpesm\AppData\Local\Programs\Python\Python314\Lib\site-packages\sqlalchemy\engine\base.py", line 3257, in begin
    with self.connect() as conn:
         ~~~~~~~~~~~~^^
  File "C:\Users\jpesm\AppData\Local\Programs\Python\Python314\Lib\site-packages\sqlalchemy\engine\base.py", line 3293, in connect
    return self._connection_cls(self)
           ~~~~~~~~~~~~~~~~~~~~^^^^^^
  File "C:\Users\jpesm\AppData\Local\Programs\Python\Python314\Lib\site-packages\sqlalchemy\engine\base.py", line 145, in __init__
    Connection._handle_dbapi_exception_noconnection(
    ~~~~~~~~~~~~~~~~~~~~~~~~~~~~~~~~~~~~~~~~~~~~~~~^
        err, dialect, engine
        ^^^^^^^^^^^^^^^^^^^^
    )
    ^
  File "C:\Users\jpesm\AppData\Local\Programs\Python\Python314\Lib\site-packages\sqlalchemy\engine\base.py", line 2448, in _handle_dbapi_exception_noconnection
    raise sqlalchemy_exception.with_traceback(exc_info[2]) from e
  File "C:\Users\jpesm\AppData\Local\Programs\Python\Python314\Lib\site-packages\sqlalchemy\engine\base.py", line 143, in __init__
    self._dbapi_connection = engine.raw_connection()
                             ~~~~~~~~~~~~~~~~~~~~~^^
  File "C:\Users\jpesm\AppData\Local\Programs\Python\Python314\Lib\site-packages\sqlalchemy\engine\base.py", line 3317, in raw_connection
    return self.pool.connect()
           ~~~~~~~~~~~~~~~~~^^
  File "C:\Users\jpesm\AppData\Local\Programs\Python\Python314\Lib\site-packages\sqlalchemy\pool\base.py", line 448, in connect
    return _ConnectionFairy._checkout(self)
           ~~~~~~~~~~~~~~~~~~~~~~~~~~^^^^^^
  File "C:\Users\jpesm\AppData\Local\Programs\Python\Python314\Lib\site-packages\sqlalchemy\pool\base.py", line 1272, in _checkout
    fairy = _ConnectionRecord.checkout(pool)
  File "C:\Users\jpesm\AppData\Local\Programs\Python\Python314\Lib\site-packages\sqlalchemy\pool\base.py", line 712, in checkout
    rec = pool._do_get()
  File "C:\Users\jpesm\AppData\Local\Programs\Python\Python314\Lib\site-packages\sqlalchemy\pool\impl.py", line 177, in _do_get
    with util.safe_reraise():
         ~~~~~~~~~~~~~~~~~^^
  File "C:\Users\jpesm\AppData\Local\Programs\Python\Python314\Lib\site-packages\sqlalchemy\util\langhelpers.py", line 121, in __exit__
    raise exc_value.with_traceback(exc_tb)
  File "C:\Users\jpesm\AppData\Local\Programs\Python\Python314\Lib\site-packages\sqlalchemy\pool\impl.py", line 175, in _do_get
    return self._create_connection()
           ~~~~~~~~~~~~~~~~~~~~~~~^^
  File "C:\Users\jpesm\AppData\Local\Programs\Python\Python314\Lib\site-packages\sqlalchemy\pool\base.py", line 389, in _create_connection
    return _ConnectionRecord(self)
  File "C:\Users\jpesm\AppData\Local\Programs\Python\Python314\Lib\site-packages\sqlalchemy\pool\base.py", line 674, in __init__
    self.__connect()
    ~~~~~~~~~~~~~~^^
  File "C:\Users\jpesm\AppData\Local\Programs\Python\Python314\Lib\site-packages\sqlalchemy\pool\base.py", line 900, in __connect
    with util.safe_reraise():
         ~~~~~~~~~~~~~~~~~^^
  File "C:\Users\jpesm\AppData\Local\Programs\Python\Python314\Lib\site-packages\sqlalchemy\util\langhelpers.py", line 121, in __exit__
    raise exc_value.with_traceback(exc_tb)
  File "C:\Users\jpesm\AppData\Local\Programs\Python\Python314\Lib\site-packages\sqlalchemy\pool\base.py", line 896, in __connect
    self.dbapi_connection = connection = pool._invoke_creator(self)
                                         ~~~~~~~~~~~~~~~~~~~~^^^^^^
  File "C:\Users\jpesm\AppData\Local\Programs\Python\Python314\Lib\site-packages\sqlalchemy\engine\create.py", line 667, in connect
    return dialect.connect(*cargs_tup, **cparams)
           ~~~~~~~~~~~~~~~^^^^^^^^^^^^^^^^^^^^^^^
  File "C:\Users\jpesm\AppData\Local\Programs\Python\Python314\Lib\site-packages\sqlalchemy\engine\default.py", line 630, in connect
    return self.loaded_dbapi.connect(*cargs, **cparams)  # type: ignore[no-any-return]  # NOQA: E501
           ~~~~~~~~~~~~~~~~~~~~~~~~~^^^^^^^^^^^^^^^^^^^
  File "C:\Users\jpesm\AppData\Local\Programs\Python\Python314\Lib\site-packages\psycopg2\__init__.py", line 135, in connect
    conn = _connect(dsn, connection_factory=connection_factory, **kwasync)
sqlalchemy.exc.OperationalError: (psycopg2.OperationalError) connection to server at "localhost" (::1), port 5432 failed: FATAL:  password authentication failed for user "postgres"

(Background on this error at: https://sqlalche.me/e/20/e3q8)
2026-03-30 09:22:30,317 [INFO] === ShadowTradeMonitor Ingestion Starting ===
2026-03-30 09:22:30,318 [INFO] Directory: C:\Users\jpesm\AppData\Roaming\MetaQuotes\Terminal\Common\Files
2026-03-30 09:22:30,318 [INFO] Mode: live watch (Watchdog)
2026-03-30 09:22:30,318 [INFO] Backfilling 14 existing file(s)...
2026-03-30 09:22:30,318 [INFO] Processing: TradeMonitor_Log_20260317.csv
2026-03-30 09:22:30,321 [INFO] Filtered 4 LOG_ROLL row(s) from TradeMonitor_Log_20260317.csv
2026-03-30 09:22:30,387 [INFO] Done [TradeMonitor_Log_20260317.csv]: 0 inserted, 70 skipped (dupes). Events: {'MODIFY': 25, 'OPEN': 23, 'CLOSE': 22}
2026-03-30 09:22:30,387 [INFO] Processing: TradeMonitor_Log_20260318.csv
2026-03-30 09:22:30,388 [INFO] Filtered 3 LOG_ROLL row(s) from TradeMonitor_Log_20260318.csv
2026-03-30 09:22:30,412 [INFO] Done [TradeMonitor_Log_20260318.csv]: 0 inserted, 106 skipped (dupes). Events: {'MODIFY': 43, 'OPEN': 32, 'CLOSE': 31}
2026-03-30 09:22:30,412 [INFO] Processing: TradeMonitor_Log_20260319.csv
2026-03-30 09:22:30,413 [INFO] Filtered 5 LOG_ROLL row(s) from TradeMonitor_Log_20260319.csv
2026-03-30 09:22:30,443 [INFO] Done [TradeMonitor_Log_20260319.csv]: 0 inserted, 184 skipped (dupes). Events: {'MODIFY': 81, 'CLOSE': 53, 'OPEN': 50}
2026-03-30 09:22:30,444 [INFO] Processing: TradeMonitor_Log_20260320.csv
2026-03-30 09:22:30,445 [INFO] Filtered 1 LOG_ROLL row(s) from TradeMonitor_Log_20260320.csv
2026-03-30 09:22:30,474 [INFO] Done [TradeMonitor_Log_20260320.csv]: 0 inserted, 132 skipped (dupes). Events: {'MODIFY': 56, 'OPEN': 40, 'CLOSE': 36}
2026-03-30 09:22:30,475 [INFO] Processing: TradeMonitor_Log_20260321.csv
2026-03-30 09:22:30,486 [INFO] Done [TradeMonitor_Log_20260321.csv]: 0 inserted, 33 skipped (dupes). Events: {'MODIFY': 16, 'OPEN': 11, 'CLOSE': 6}
2026-03-30 09:22:30,486 [INFO] Processing: TradeMonitor_Log_20260322.csv
2026-03-30 09:22:30,487 [INFO] Filtered 4 LOG_ROLL row(s) from TradeMonitor_Log_20260322.csv
2026-03-30 09:22:30,488 [WARNING] No trade rows after filtering system events: TradeMonitor_Log_20260322.csv
2026-03-30 09:22:30,488 [INFO] Processing: TradeMonitor_Log_20260323.csv
2026-03-30 09:22:30,489 [INFO] Filtered 1 LOG_ROLL row(s) from TradeMonitor_Log_20260323.csv
2026-03-30 09:22:30,521 [INFO] Done [TradeMonitor_Log_20260323.csv]: 0 inserted, 209 skipped (dupes). Events: {'MODIFY': 91, 'CLOSE': 64, 'OPEN': 54}
2026-03-30 09:22:30,522 [INFO] Processing: TradeMonitor_Log_20260324.csv
2026-03-30 09:22:30,523 [INFO] Filtered 3 LOG_ROLL row(s) from TradeMonitor_Log_20260324.csv
2026-03-30 09:22:30,544 [INFO] Done [TradeMonitor_Log_20260324.csv]: 0 inserted, 49 skipped (dupes). Events: {'MODIFY': 18, 'OPEN': 17, 'CLOSE': 14}
2026-03-30 09:22:30,544 [INFO] Processing: TradeMonitor_Log_20260325.csv
2026-03-30 09:22:30,546 [INFO] Filtered 2 LOG_ROLL row(s) from TradeMonitor_Log_20260325.csv
2026-03-30 09:22:30,563 [INFO] Done [TradeMonitor_Log_20260325.csv]: 0 inserted, 50 skipped (dupes). Events: {'CLOSE': 19, 'OPEN': 16, 'MODIFY': 15}
2026-03-30 09:22:30,564 [INFO] Processing: TradeMonitor_Log_20260326.csv
2026-03-30 09:22:30,565 [INFO] Filtered 2 LOG_ROLL row(s) from TradeMonitor_Log_20260326.csv
2026-03-30 09:22:30,583 [INFO] Done [TradeMonitor_Log_20260326.csv]: 0 inserted, 52 skipped (dupes). Events: {'MODIFY': 20, 'OPEN': 19, 'CLOSE': 13}
2026-03-30 09:22:30,584 [INFO] Processing: TradeMonitor_Log_20260327.csv
2026-03-30 09:22:30,585 [INFO] Filtered 3 LOG_ROLL row(s) from TradeMonitor_Log_20260327.csv
2026-03-30 09:22:30,605 [INFO] Done [TradeMonitor_Log_20260327.csv]: 0 inserted, 84 skipped (dupes). Events: {'MODIFY': 32, 'CLOSE': 29, 'OPEN': 23}
2026-03-30 09:22:30,606 [INFO] Processing: TradeMonitor_Log_20260328.csv
2026-03-30 09:22:30,613 [INFO] Done [TradeMonitor_Log_20260328.csv]: 0 inserted, 2 skipped (dupes). Events: {'OPEN': 1, 'MODIFY': 1}
2026-03-30 09:22:30,614 [INFO] Processing: TradeMonitor_Log_20260329.csv
2026-03-30 09:22:30,615 [INFO] Filtered 3 LOG_ROLL row(s) from TradeMonitor_Log_20260329.csv
2026-03-30 09:22:30,615 [WARNING] No trade rows after filtering system events: TradeMonitor_Log_20260329.csv
2026-03-30 09:22:30,615 [INFO] Processing: TradeMonitor_Log_20260330.csv
2026-03-30 09:22:30,630 [INFO] Done [TradeMonitor_Log_20260330.csv]: 0 inserted, 24 skipped (dupes). Events: {'MODIFY': 10, 'OPEN': 8, 'CLOSE': 6}
2026-03-30 09:22:30,630 [INFO] Backfill complete.
2026-03-30 09:22:30,631 [INFO] Live watch mode active. Press Ctrl+C to stop.
2026-03-30 10:00:07,620 [INFO] === ShadowTradeMonitor Ingestion Starting ===
2026-03-30 10:00:07,620 [INFO] Directory: C:\Users\jpesm\AppData\Roaming\MetaQuotes\Terminal\Common\Files
2026-03-30 10:00:07,620 [INFO] Mode: live watch (Watchdog)
2026-03-30 10:00:07,621 [INFO] Backfilling 14 existing file(s)...
2026-03-30 10:00:07,621 [INFO] Processing: TradeMonitor_Log_20260317.csv
2026-03-30 10:00:07,630 [INFO] Filtered 4 LOG_ROLL row(s) from TradeMonitor_Log_20260317.csv
2026-03-30 10:00:07,825 [INFO] Done [TradeMonitor_Log_20260317.csv]: 0 inserted, 70 skipped (dupes). Events: {'MODIFY': 25, 'OPEN': 23, 'CLOSE': 22}
2026-03-30 10:00:07,825 [INFO] Processing: TradeMonitor_Log_20260318.csv
2026-03-30 10:00:07,826 [INFO] Filtered 3 LOG_ROLL row(s) from TradeMonitor_Log_20260318.csv
2026-03-30 10:00:07,851 [INFO] Done [TradeMonitor_Log_20260318.csv]: 0 inserted, 106 skipped (dupes). Events: {'MODIFY': 43, 'OPEN': 32, 'CLOSE': 31}
2026-03-30 10:00:07,851 [INFO] Processing: TradeMonitor_Log_20260319.csv
2026-03-30 10:00:07,852 [INFO] Filtered 5 LOG_ROLL row(s) from TradeMonitor_Log_20260319.csv
2026-03-30 10:00:07,884 [INFO] Done [TradeMonitor_Log_20260319.csv]: 0 inserted, 184 skipped (dupes). Events: {'MODIFY': 81, 'CLOSE': 53, 'OPEN': 50}
2026-03-30 10:00:07,884 [INFO] Processing: TradeMonitor_Log_20260320.csv
2026-03-30 10:00:07,885 [INFO] Filtered 1 LOG_ROLL row(s) from TradeMonitor_Log_20260320.csv
2026-03-30 10:00:07,911 [INFO] Done [TradeMonitor_Log_20260320.csv]: 0 inserted, 132 skipped (dupes). Events: {'MODIFY': 56, 'OPEN': 40, 'CLOSE': 36}
2026-03-30 10:00:07,911 [INFO] Processing: TradeMonitor_Log_20260321.csv
2026-03-30 10:00:07,923 [INFO] Done [TradeMonitor_Log_20260321.csv]: 0 inserted, 33 skipped (dupes). Events: {'MODIFY': 16, 'OPEN': 11, 'CLOSE': 6}
2026-03-30 10:00:07,923 [INFO] Processing: TradeMonitor_Log_20260322.csv
2026-03-30 10:00:07,924 [INFO] Filtered 4 LOG_ROLL row(s) from TradeMonitor_Log_20260322.csv
2026-03-30 10:00:07,924 [WARNING] No trade rows after filtering system events: TradeMonitor_Log_20260322.csv
2026-03-30 10:00:07,925 [INFO] Processing: TradeMonitor_Log_20260323.csv
2026-03-30 10:00:07,926 [INFO] Filtered 1 LOG_ROLL row(s) from TradeMonitor_Log_20260323.csv
2026-03-30 10:00:07,960 [INFO] Done [TradeMonitor_Log_20260323.csv]: 0 inserted, 209 skipped (dupes). Events: {'MODIFY': 91, 'CLOSE': 64, 'OPEN': 54}
2026-03-30 10:00:07,961 [INFO] Processing: TradeMonitor_Log_20260324.csv
2026-03-30 10:00:07,962 [INFO] Filtered 3 LOG_ROLL row(s) from TradeMonitor_Log_20260324.csv
2026-03-30 10:00:07,983 [INFO] Done [TradeMonitor_Log_20260324.csv]: 0 inserted, 49 skipped (dupes). Events: {'MODIFY': 18, 'OPEN': 17, 'CLOSE': 14}
2026-03-30 10:00:07,983 [INFO] Processing: TradeMonitor_Log_20260325.csv
2026-03-30 10:00:07,984 [INFO] Filtered 2 LOG_ROLL row(s) from TradeMonitor_Log_20260325.csv
2026-03-30 10:00:08,002 [INFO] Done [TradeMonitor_Log_20260325.csv]: 0 inserted, 50 skipped (dupes). Events: {'CLOSE': 19, 'OPEN': 16, 'MODIFY': 15}
2026-03-30 10:00:08,002 [INFO] Processing: TradeMonitor_Log_20260326.csv
2026-03-30 10:00:08,003 [INFO] Filtered 2 LOG_ROLL row(s) from TradeMonitor_Log_20260326.csv
2026-03-30 10:00:08,021 [INFO] Done [TradeMonitor_Log_20260326.csv]: 0 inserted, 52 skipped (dupes). Events: {'MODIFY': 20, 'OPEN': 19, 'CLOSE': 13}
2026-03-30 10:00:08,022 [INFO] Processing: TradeMonitor_Log_20260327.csv
2026-03-30 10:00:08,023 [INFO] Filtered 3 LOG_ROLL row(s) from TradeMonitor_Log_20260327.csv
2026-03-30 10:00:08,048 [INFO] Done [TradeMonitor_Log_20260327.csv]: 0 inserted, 84 skipped (dupes). Events: {'MODIFY': 32, 'CLOSE': 29, 'OPEN': 23}
2026-03-30 10:00:08,048 [INFO] Processing: TradeMonitor_Log_20260328.csv
2026-03-30 10:00:08,059 [INFO] Done [TradeMonitor_Log_20260328.csv]: 0 inserted, 2 skipped (dupes). Events: {'OPEN': 1, 'MODIFY': 1}
2026-03-30 10:00:08,059 [INFO] Processing: TradeMonitor_Log_20260329.csv
2026-03-30 10:00:08,060 [INFO] Filtered 3 LOG_ROLL row(s) from TradeMonitor_Log_20260329.csv
2026-03-30 10:00:08,061 [WARNING] No trade rows after filtering system events: TradeMonitor_Log_20260329.csv
2026-03-30 10:00:08,061 [INFO] Processing: TradeMonitor_Log_20260330.csv
2026-03-30 10:00:08,070 [INFO] Done [TradeMonitor_Log_20260330.csv]: 0 inserted, 24 skipped (dupes). Events: {'MODIFY': 10, 'OPEN': 8, 'CLOSE': 6}
2026-03-30 10:00:08,071 [INFO] Backfill complete.
2026-03-30 10:00:08,071 [INFO] Live watch mode active. Press Ctrl+C to stop.
2026-03-30 10:18:48,651 [INFO] Processing: TradeMonitor_Log_20260330.csv
2026-03-30 10:18:48,692 [INFO] Done [TradeMonitor_Log_20260330.csv]: 0 inserted, 24 skipped (dupes). Events: {'MODIFY': 10, 'OPEN': 8, 'CLOSE': 6}
2026-03-30 11:18:49,320 [INFO] Processing: TradeMonitor_Log_20260330.csv
2026-03-30 11:18:49,362 [INFO] Done [TradeMonitor_Log_20260330.csv]: 0 inserted, 24 skipped (dupes). Events: {'MODIFY': 10, 'OPEN': 8, 'CLOSE': 6}
